{
  "HighRisk": {
    "precision": 1.0,
    "recall": 1.0,
    "f1-score": 1.0,
    "support": 3.0
  },
  "LowRisk": {
    "precision": 1.0,
    "recall": 0.6666666666666666,
    "f1-score": 0.8,
    "support": 3.0
  },
  "MediumRisk": {
    "precision": 0.8,
    "recall": 1.0,
    "f1-score": 0.8888888888888888,
    "support": 4.0
  },
  "accuracy": 0.9,
  "macro avg": {
    "precision": 0.9333333333333332,
    "recall": 0.8888888888888888,
    "f1-score": 0.8962962962962964,
    "support": 10.0
  },
  "weighted avg": {
    "precision": 0.9199999999999999,
    "recall": 0.9,
    "f1-score": 0.8955555555555555,
    "support": 10.0
  }
}