text,label
C-104913 PartyA_92 PartyB_44,MediumRisk
C-109338 PartyA_269 PartyB_106,MediumRisk
C-124211 PartyA_254 PartyB_162,MediumRisk
C-118791 PartyA_57 PartyB_291,MediumRisk
C-116066 PartyA_95 PartyB_285,MediumRisk
C-100050 PartyA_216 PartyB_200,HighRisk
C-108482 PartyA_291 PartyB_89,LowRisk
C-123390 PartyA_177 PartyB_147,MediumRisk
C-112776 PartyA_229 PartyB_159,LowRisk
C-106164 PartyA_113 PartyB_283,LowRisk
C-110633 PartyA_210 PartyB_259,MediumRisk
C-115750 PartyA_117 PartyB_4,MediumRisk
C-101686 PartyA_280 PartyB_9,MediumRisk
C-112895 PartyA_218 PartyB_278,LowRisk
C-112862 PartyA_297 PartyB_216,MediumRisk
C-104398 PartyA_40 PartyB_179,MediumRisk
C-116186 PartyA_281 PartyB_68,MediumRisk
C-124922 PartyA_134 PartyB_28,HighRisk
C-111715 PartyA_152 PartyB_256,HighRisk
C-100724 PartyA_298 PartyB_92,MediumRisk
C-113825 PartyA_103 PartyB_104,MediumRisk
C-122124 PartyA_96 PartyB_121,HighRisk
C-104932 PartyA_189 PartyB_265,MediumRisk
C-106377 PartyA_66 PartyB_162,HighRisk
C-102805 PartyA_186 PartyB_120,MediumRisk
C-115518 PartyA_280 PartyB_139,MediumRisk
C-112836 PartyA_83 PartyB_276,MediumRisk
C-118758 PartyA_267 PartyB_139,MediumRisk
C-111272 PartyA_223 PartyB_176,MediumRisk
C-110499 PartyA_13 PartyB_279,LowRisk
C-114467 PartyA_8 PartyB_4,HighRisk
C-119825 PartyA_194 PartyB_52,MediumRisk
C-116323 PartyA_15 PartyB_184,HighRisk
C-101026 PartyA_231 PartyB_83,MediumRisk
C-108739 PartyA_76 PartyB_101,MediumRisk
C-114858 PartyA_89 PartyB_202,MediumRisk
C-108349 PartyA_235 PartyB_56,MediumRisk
C-123575 PartyA_257 PartyB_264,LowRisk
C-117835 PartyA_215 PartyB_10,HighRisk
C-103198 PartyA_151 PartyB_147,MediumRisk
C-106800 PartyA_159 PartyB_86,MediumRisk
C-105254 PartyA_51 PartyB_150,HighRisk
C-104224 PartyA_69 PartyB_162,MediumRisk
C-109100 PartyA_157 PartyB_182,MediumRisk
C-118402 PartyA_269 PartyB_159,MediumRisk
C-119967 PartyA_136 PartyB_200,HighRisk
C-120723 PartyA_139 PartyB_116,MediumRisk
C-106067 PartyA_239 PartyB_272,MediumRisk
C-100123 PartyA_73 PartyB_16,MediumRisk
C-101247 PartyA_4 PartyB_17,MediumRisk
C-100820 PartyA_4 PartyB_186,HighRisk
C-100580 PartyA_69 PartyB_6,HighRisk
C-104828 PartyA_194 PartyB_219,MediumRisk
C-111395 PartyA_50 PartyB_162,MediumRisk
C-110156 PartyA_187 PartyB_299,HighRisk
C-105027 PartyA_103 PartyB_189,MediumRisk
C-124126 PartyA_10 PartyB_143,LowRisk
C-117187 PartyA_283 PartyB_289,MediumRisk
C-109929 PartyA_44 PartyB_258,MediumRisk
C-118982 PartyA_211 PartyB_111,HighRisk
C-116883 PartyA_108 PartyB_177,HighRisk
C-106428 PartyA_222 PartyB_94,MediumRisk
C-104749 PartyA_147 PartyB_29,MediumRisk
C-107755 PartyA_193 PartyB_78,MediumRisk
C-109740 PartyA_6 PartyB_10,MediumRisk
C-110869 PartyA_218 PartyB_232,HighRisk
C-102948 PartyA_165 PartyB_120,HighRisk
C-108048 PartyA_73 PartyB_204,MediumRisk
C-118373 PartyA_25 PartyB_161,HighRisk
C-110056 PartyA_221 PartyB_296,LowRisk
C-108443 PartyA_130 PartyB_76,MediumRisk
C-104448 PartyA_111 PartyB_154,MediumRisk
C-109367 PartyA_126 PartyB_204,LowRisk
C-109276 PartyA_275 PartyB_292,LowRisk
C-116326 PartyA_273 PartyB_75,MediumRisk
C-114793 PartyA_271 PartyB_25,MediumRisk
C-119943 PartyA_21 PartyB_125,LowRisk
C-105059 PartyA_153 PartyB_39,MediumRisk
C-122739 PartyA_126 PartyB_77,MediumRisk
C-107110 PartyA_244 PartyB_120,MediumRisk
C-101959 PartyA_236 PartyB_174,LowRisk
C-101223 PartyA_21 PartyB_63,MediumRisk
C-122237 PartyA_183 PartyB_79,MediumRisk
C-103625 PartyA_183 PartyB_268,MediumRisk
C-120704 PartyA_3 PartyB_144,MediumRisk
C-109448 PartyA_133 PartyB_132,MediumRisk
C-111811 PartyA_189 PartyB_200,HighRisk
C-124603 PartyA_108 PartyB_50,MediumRisk
C-102541 PartyA_45 PartyB_209,MediumRisk
C-111947 PartyA_30 PartyB_52,MediumRisk
C-105382 PartyA_273 PartyB_294,MediumRisk
C-116039 PartyA_185 PartyB_165,MediumRisk
C-108317 PartyA_68 PartyB_227,MediumRisk
C-118828 PartyA_179 PartyB_175,MediumRisk
C-120810 PartyA_181 PartyB_90,MediumRisk
C-100930 PartyA_217 PartyB_254,MediumRisk
C-113748 PartyA_35 PartyB_29,HighRisk
C-117703 PartyA_299 PartyB_51,HighRisk
C-120943 PartyA_245 PartyB_82,MediumRisk
C-119512 PartyA_213 PartyB_202,MediumRisk
C-106002 PartyA_274 PartyB_225,MediumRisk
C-123613 PartyA_237 PartyB_260,MediumRisk
C-111843 PartyA_299 PartyB_9,LowRisk
C-106248 PartyA_193 PartyB_218,MediumRisk
C-114161 PartyA_31 PartyB_177,MediumRisk
C-100982 PartyA_31 PartyB_17,HighRisk
C-105023 PartyA_121 PartyB_32,MediumRisk
C-114983 PartyA_228 PartyB_254,MediumRisk
C-111464 PartyA_68 PartyB_118,MediumRisk
C-100535 PartyA_98 PartyB_150,MediumRisk
C-119077 PartyA_31 PartyB_271,HighRisk
C-121552 PartyA_280 PartyB_207,HighRisk
C-111668 PartyA_267 PartyB_132,MediumRisk
C-117626 PartyA_12 PartyB_72,MediumRisk
C-116290 PartyA_3 PartyB_290,MediumRisk
C-116830 PartyA_47 PartyB_209,LowRisk
C-119847 PartyA_97 PartyB_32,MediumRisk
C-118118 PartyA_261 PartyB_34,HighRisk
C-112947 PartyA_105 PartyB_157,MediumRisk
C-121836 PartyA_185 PartyB_293,MediumRisk
C-109792 PartyA_222 PartyB_132,MediumRisk
C-101464 PartyA_43 PartyB_126,MediumRisk
C-118652 PartyA_198 PartyB_300,MediumRisk
C-111089 PartyA_14 PartyB_131,HighRisk
C-114913 PartyA_82 PartyB_231,MediumRisk
C-118940 PartyA_8 PartyB_13,MediumRisk
C-113373 PartyA_13 PartyB_201,LowRisk
C-108105 PartyA_138 PartyB_22,MediumRisk
C-107100 PartyA_159 PartyB_36,MediumRisk
C-114164 PartyA_201 PartyB_201,MediumRisk
C-120365 PartyA_247 PartyB_211,HighRisk
C-108629 PartyA_245 PartyB_199,MediumRisk
C-123998 PartyA_164 PartyB_285,LowRisk
C-109414 PartyA_218 PartyB_272,MediumRisk
C-113227 PartyA_238 PartyB_40,MediumRisk
C-112998 PartyA_89 PartyB_34,HighRisk
C-123212 PartyA_20 PartyB_259,MediumRisk
C-121692 PartyA_117 PartyB_201,MediumRisk
C-122026 PartyA_140 PartyB_5,HighRisk
C-109586 PartyA_236 PartyB_90,MediumRisk
C-120081 PartyA_4 PartyB_290,MediumRisk
C-110854 PartyA_45 PartyB_97,MediumRisk
C-112053 PartyA_77 PartyB_137,MediumRisk
C-113717 PartyA_182 PartyB_168,MediumRisk
C-106350 PartyA_110 PartyB_9,MediumRisk
C-112408 PartyA_283 PartyB_126,HighRisk
C-122165 PartyA_294 PartyB_280,HighRisk
C-123399 PartyA_116 PartyB_71,MediumRisk
C-112441 PartyA_115 PartyB_54,MediumRisk
C-104671 PartyA_291 PartyB_41,HighRisk
C-101837 PartyA_38 PartyB_7,MediumRisk
C-119793 PartyA_184 PartyB_85,HighRisk
C-102778 PartyA_282 PartyB_168,MediumRisk
C-110001 PartyA_6 PartyB_205,MediumRisk
C-123065 PartyA_227 PartyB_81,MediumRisk
C-100049 PartyA_197 PartyB_79,HighRisk
C-119385 PartyA_127 PartyB_83,LowRisk
C-123730 PartyA_82 PartyB_240,MediumRisk
C-116368 PartyA_268 PartyB_215,MediumRisk
C-118403 PartyA_105 PartyB_89,MediumRisk
C-122544 PartyA_163 PartyB_202,HighRisk
C-118175 PartyA_180 PartyB_218,HighRisk
C-122142 PartyA_15 PartyB_60,LowRisk
C-117859 PartyA_131 PartyB_18,MediumRisk
C-119718 PartyA_72 PartyB_68,MediumRisk
C-111167 PartyA_236 PartyB_49,MediumRisk
C-119043 PartyA_189 PartyB_250,MediumRisk
C-110495 PartyA_269 PartyB_96,MediumRisk
C-101394 PartyA_230 PartyB_222,LowRisk
C-115022 PartyA_120 PartyB_289,MediumRisk
C-113868 PartyA_25 PartyB_3,MediumRisk
C-118831 PartyA_275 PartyB_122,MediumRisk
C-109303 PartyA_181 PartyB_54,MediumRisk
C-117184 PartyA_58 PartyB_277,MediumRisk
C-108404 PartyA_35 PartyB_36,MediumRisk
C-119786 PartyA_300 PartyB_299,MediumRisk
C-104680 PartyA_100 PartyB_234,MediumRisk
C-116293 PartyA_94 PartyB_109,HighRisk
C-114299 PartyA_184 PartyB_240,MediumRisk
C-108773 PartyA_261 PartyB_102,MediumRisk
C-111105 PartyA_296 PartyB_51,MediumRisk
C-104859 PartyA_121 PartyB_271,MediumRisk
C-111770 PartyA_24 PartyB_230,MediumRisk
C-116008 PartyA_75 PartyB_41,MediumRisk
C-108570 PartyA_139 PartyB_90,HighRisk
C-103698 PartyA_280 PartyB_240,MediumRisk
C-110227 PartyA_229 PartyB_46,MediumRisk
C-103451 PartyA_229 PartyB_123,MediumRisk
C-116168 PartyA_153 PartyB_112,MediumRisk
C-114046 PartyA_68 PartyB_112,HighRisk
C-123286 PartyA_63 PartyB_191,MediumRisk
C-101557 PartyA_51 PartyB_67,MediumRisk
C-114987 PartyA_288 PartyB_170,LowRisk
C-121810 PartyA_226 PartyB_272,MediumRisk
C-110879 PartyA_87 PartyB_113,LowRisk
C-123680 PartyA_83 PartyB_48,HighRisk
C-123006 PartyA_123 PartyB_259,MediumRisk
C-120535 PartyA_233 PartyB_259,HighRisk
C-116916 PartyA_141 PartyB_11,LowRisk
C-107660 PartyA_28 PartyB_235,MediumRisk
C-108094 PartyA_241 PartyB_137,HighRisk
C-121118 PartyA_284 PartyB_54,MediumRisk
C-121864 PartyA_140 PartyB_70,LowRisk
C-118132 PartyA_218 PartyB_205,MediumRisk
C-106306 PartyA_211 PartyB_254,HighRisk
C-105948 PartyA_253 PartyB_204,MediumRisk
C-103949 PartyA_166 PartyB_97,MediumRisk
C-118597 PartyA_156 PartyB_193,MediumRisk
C-119421 PartyA_188 PartyB_190,MediumRisk
C-111682 PartyA_136 PartyB_100,MediumRisk
C-110747 PartyA_89 PartyB_299,MediumRisk
C-102157 PartyA_65 PartyB_16,MediumRisk
C-116629 PartyA_119 PartyB_149,MediumRisk
C-122218 PartyA_261 PartyB_54,MediumRisk
C-101570 PartyA_95 PartyB_48,MediumRisk
C-123972 PartyA_176 PartyB_296,MediumRisk
C-117896 PartyA_48 PartyB_294,MediumRisk
C-105885 PartyA_1 PartyB_232,HighRisk
C-105507 PartyA_223 PartyB_80,MediumRisk
C-118187 PartyA_216 PartyB_278,MediumRisk
C-116759 PartyA_54 PartyB_239,HighRisk
C-119144 PartyA_59 PartyB_213,LowRisk
C-102814 PartyA_81 PartyB_220,MediumRisk
C-106271 PartyA_195 PartyB_56,HighRisk
C-101697 PartyA_175 PartyB_208,MediumRisk
C-106836 PartyA_164 PartyB_8,HighRisk
C-111288 PartyA_233 PartyB_91,MediumRisk
C-123060 PartyA_246 PartyB_191,MediumRisk
C-105751 PartyA_79 PartyB_199,MediumRisk
C-121090 PartyA_8 PartyB_95,MediumRisk
C-117365 PartyA_218 PartyB_135,HighRisk
C-112050 PartyA_73 PartyB_49,MediumRisk
C-101066 PartyA_194 PartyB_56,HighRisk
C-101989 PartyA_173 PartyB_82,MediumRisk
C-115800 PartyA_250 PartyB_168,MediumRisk
C-118599 PartyA_128 PartyB_211,MediumRisk
C-109547 PartyA_271 PartyB_141,MediumRisk
C-119905 PartyA_5 PartyB_79,MediumRisk
C-123601 PartyA_110 PartyB_77,LowRisk
C-102439 PartyA_197 PartyB_242,MediumRisk
C-114048 PartyA_164 PartyB_264,LowRisk
C-113175 PartyA_205 PartyB_292,MediumRisk
C-111491 PartyA_180 PartyB_289,LowRisk
C-119739 PartyA_86 PartyB_270,MediumRisk
C-107713 PartyA_255 PartyB_225,MediumRisk
C-103379 PartyA_11 PartyB_92,MediumRisk
C-122770 PartyA_150 PartyB_281,HighRisk
C-124430 PartyA_53 PartyB_31,MediumRisk
C-102782 PartyA_295 PartyB_238,MediumRisk
C-106232 PartyA_22 PartyB_90,MediumRisk
C-124645 PartyA_243 PartyB_124,MediumRisk
C-107563 PartyA_148 PartyB_299,MediumRisk
C-114652 PartyA_235 PartyB_7,MediumRisk
C-113677 PartyA_254 PartyB_65,MediumRisk
C-103934 PartyA_241 PartyB_106,MediumRisk
C-112770 PartyA_245 PartyB_117,MediumRisk
C-109057 PartyA_266 PartyB_21,MediumRisk
C-102039 PartyA_205 PartyB_274,LowRisk
C-120204 PartyA_12 PartyB_65,MediumRisk
C-102360 PartyA_188 PartyB_110,MediumRisk
C-122130 PartyA_158 PartyB_82,MediumRisk
C-115137 PartyA_19 PartyB_17,MediumRisk
C-116501 PartyA_26 PartyB_158,MediumRisk
C-112210 PartyA_229 PartyB_49,MediumRisk
C-105567 PartyA_131 PartyB_211,MediumRisk
C-101964 PartyA_206 PartyB_153,HighRisk
C-115165 PartyA_53 PartyB_195,HighRisk
C-118567 PartyA_86 PartyB_68,MediumRisk
C-105015 PartyA_145 PartyB_177,MediumRisk
C-109722 PartyA_202 PartyB_99,MediumRisk
C-114951 PartyA_215 PartyB_170,MediumRisk
C-111266 PartyA_263 PartyB_229,HighRisk
C-118664 PartyA_290 PartyB_115,MediumRisk
C-106669 PartyA_165 PartyB_288,LowRisk
C-116208 PartyA_148 PartyB_226,HighRisk
C-113530 PartyA_1 PartyB_211,MediumRisk
C-107885 PartyA_234 PartyB_99,HighRisk
C-109140 PartyA_294 PartyB_147,MediumRisk
C-119824 PartyA_111 PartyB_93,HighRisk
C-105673 PartyA_157 PartyB_281,MediumRisk
C-109070 PartyA_177 PartyB_25,MediumRisk
C-111808 PartyA_24 PartyB_247,MediumRisk
C-105288 PartyA_177 PartyB_263,HighRisk
C-122552 PartyA_270 PartyB_235,HighRisk
C-119602 PartyA_283 PartyB_63,MediumRisk
C-103287 PartyA_55 PartyB_16,MediumRisk
C-110144 PartyA_252 PartyB_114,MediumRisk
C-106936 PartyA_283 PartyB_212,MediumRisk
C-116808 PartyA_78 PartyB_90,MediumRisk
C-121480 PartyA_228 PartyB_90,HighRisk
C-112292 PartyA_138 PartyB_258,MediumRisk
C-115825 PartyA_166 PartyB_299,MediumRisk
C-113075 PartyA_202 PartyB_198,LowRisk
C-116893 PartyA_75 PartyB_68,MediumRisk
C-111020 PartyA_102 PartyB_228,MediumRisk
C-100083 PartyA_148 PartyB_225,HighRisk
C-123434 PartyA_52 PartyB_251,MediumRisk
C-107775 PartyA_142 PartyB_189,MediumRisk
C-119489 PartyA_191 PartyB_43,LowRisk
C-114007 PartyA_190 PartyB_299,HighRisk
C-105191 PartyA_190 PartyB_33,HighRisk
C-114690 PartyA_195 PartyB_168,MediumRisk
C-101253 PartyA_291 PartyB_157,HighRisk
C-104900 PartyA_141 PartyB_8,MediumRisk
C-114107 PartyA_188 PartyB_29,HighRisk
C-118578 PartyA_31 PartyB_107,MediumRisk
C-114428 PartyA_80 PartyB_21,HighRisk
C-110469 PartyA_277 PartyB_239,MediumRisk
C-116255 PartyA_126 PartyB_134,LowRisk
C-102046 PartyA_136 PartyB_149,MediumRisk
C-107826 PartyA_159 PartyB_174,MediumRisk
C-112165 PartyA_193 PartyB_224,MediumRisk
C-118053 PartyA_86 PartyB_197,MediumRisk
C-121453 PartyA_46 PartyB_148,MediumRisk
C-115287 PartyA_129 PartyB_203,HighRisk
C-120841 PartyA_168 PartyB_238,HighRisk
C-114012 PartyA_249 PartyB_164,MediumRisk
C-121280 PartyA_123 PartyB_189,HighRisk
C-106123 PartyA_199 PartyB_294,HighRisk
C-113950 PartyA_29 PartyB_25,MediumRisk
C-119713 PartyA_223 PartyB_146,HighRisk
C-122170 PartyA_122 PartyB_237,MediumRisk
C-118244 PartyA_118 PartyB_156,HighRisk
C-104116 PartyA_242 PartyB_37,HighRisk
C-103059 PartyA_93 PartyB_24,MediumRisk
C-124647 PartyA_58 PartyB_191,MediumRisk
C-108103 PartyA_80 PartyB_128,MediumRisk
C-105031 PartyA_163 PartyB_46,MediumRisk
C-122900 PartyA_128 PartyB_160,HighRisk
C-110790 PartyA_51 PartyB_109,HighRisk
C-108688 PartyA_46 PartyB_233,HighRisk
C-103579 PartyA_39 PartyB_159,MediumRisk
C-108485 PartyA_298 PartyB_23,MediumRisk
C-106741 PartyA_290 PartyB_29,HighRisk
C-123187 PartyA_292 PartyB_21,HighRisk
C-112826 PartyA_70 PartyB_159,MediumRisk
C-113906 PartyA_39 PartyB_104,MediumRisk
C-109315 PartyA_187 PartyB_21,HighRisk
C-118558 PartyA_3 PartyB_244,LowRisk
C-117970 PartyA_220 PartyB_7,MediumRisk
C-118436 PartyA_174 PartyB_267,MediumRisk
C-124750 PartyA_73 PartyB_190,MediumRisk
C-121215 PartyA_126 PartyB_30,MediumRisk
C-109623 PartyA_273 PartyB_74,MediumRisk
C-113470 PartyA_61 PartyB_274,MediumRisk
C-103984 PartyA_201 PartyB_182,MediumRisk
C-104752 PartyA_84 PartyB_216,LowRisk
C-117655 PartyA_84 PartyB_28,MediumRisk
C-113410 PartyA_194 PartyB_25,LowRisk
C-124463 PartyA_143 PartyB_230,MediumRisk
C-102089 PartyA_294 PartyB_243,HighRisk
C-116443 PartyA_159 PartyB_45,LowRisk
C-107683 PartyA_5 PartyB_232,MediumRisk
C-107653 PartyA_93 PartyB_6,MediumRisk
C-118229 PartyA_232 PartyB_147,HighRisk
C-106015 PartyA_9 PartyB_112,MediumRisk
C-124464 PartyA_6 PartyB_188,MediumRisk
C-106647 PartyA_140 PartyB_66,HighRisk
C-120592 PartyA_35 PartyB_34,MediumRisk
C-110205 PartyA_92 PartyB_220,MediumRisk
C-104471 PartyA_10 PartyB_36,MediumRisk
C-114361 PartyA_274 PartyB_15,MediumRisk
C-108088 PartyA_48 PartyB_123,MediumRisk
C-108220 PartyA_58 PartyB_284,MediumRisk
C-104069 PartyA_241 PartyB_259,MediumRisk
C-117544 PartyA_100 PartyB_231,MediumRisk
C-119276 PartyA_28 PartyB_183,LowRisk
C-105176 PartyA_118 PartyB_17,LowRisk
C-108206 PartyA_185 PartyB_101,MediumRisk
C-117784 PartyA_187 PartyB_291,HighRisk
C-108833 PartyA_291 PartyB_232,MediumRisk
C-108829 PartyA_68 PartyB_262,MediumRisk
C-106590 PartyA_116 PartyB_99,MediumRisk
C-103580 PartyA_70 PartyB_162,MediumRisk
C-104254 PartyA_24 PartyB_11,MediumRisk
C-113672 PartyA_91 PartyB_238,MediumRisk
C-120690 PartyA_176 PartyB_116,MediumRisk
C-107912 PartyA_42 PartyB_165,MediumRisk
C-120542 PartyA_168 PartyB_162,MediumRisk
C-101194 PartyA_100 PartyB_9,MediumRisk
C-107964 PartyA_81 PartyB_245,HighRisk
C-115102 PartyA_217 PartyB_167,HighRisk
C-118151 PartyA_137 PartyB_242,MediumRisk
C-113925 PartyA_223 PartyB_184,MediumRisk
C-119221 PartyA_150 PartyB_22,MediumRisk
C-103975 PartyA_284 PartyB_62,MediumRisk
C-100196 PartyA_149 PartyB_22,HighRisk
C-101119 PartyA_144 PartyB_141,MediumRisk
C-113720 PartyA_45 PartyB_130,MediumRisk
C-113349 PartyA_72 PartyB_184,MediumRisk
C-108268 PartyA_67 PartyB_264,MediumRisk
C-112711 PartyA_181 PartyB_225,MediumRisk
C-109820 PartyA_150 PartyB_172,MediumRisk
C-112163 PartyA_283 PartyB_138,MediumRisk
C-121532 PartyA_22 PartyB_60,MediumRisk
C-106280 PartyA_239 PartyB_131,MediumRisk
C-118819 PartyA_251 PartyB_234,MediumRisk
C-120750 PartyA_110 PartyB_14,LowRisk
C-113987 PartyA_11 PartyB_144,MediumRisk
C-101588 PartyA_197 PartyB_113,MediumRisk
C-122501 PartyA_204 PartyB_204,HighRisk
C-115367 PartyA_12 PartyB_198,HighRisk
C-113352 PartyA_235 PartyB_31,MediumRisk
C-112417 PartyA_239 PartyB_104,HighRisk
C-101804 PartyA_99 PartyB_260,HighRisk
C-117875 PartyA_131 PartyB_258,MediumRisk
C-123224 PartyA_290 PartyB_143,MediumRisk
C-111290 PartyA_219 PartyB_277,MediumRisk
C-106812 PartyA_123 PartyB_100,MediumRisk
C-118056 PartyA_290 PartyB_120,MediumRisk
C-111255 PartyA_152 PartyB_243,MediumRisk
C-122731 PartyA_81 PartyB_127,HighRisk
C-103655 PartyA_163 PartyB_38,HighRisk
C-107167 PartyA_113 PartyB_39,MediumRisk
C-121743 PartyA_221 PartyB_108,HighRisk
C-101776 PartyA_293 PartyB_226,HighRisk
C-119326 PartyA_140 PartyB_146,MediumRisk
C-115785 PartyA_22 PartyB_236,MediumRisk
C-106797 PartyA_244 PartyB_81,HighRisk
C-123243 PartyA_206 PartyB_60,MediumRisk
C-123715 PartyA_214 PartyB_229,MediumRisk
C-106798 PartyA_256 PartyB_57,MediumRisk
C-104464 PartyA_124 PartyB_24,MediumRisk
C-119589 PartyA_142 PartyB_57,MediumRisk
C-112277 PartyA_16 PartyB_81,MediumRisk
C-123784 PartyA_38 PartyB_9,LowRisk
C-100285 PartyA_36 PartyB_272,HighRisk
C-108057 PartyA_63 PartyB_19,MediumRisk
C-118456 PartyA_247 PartyB_81,MediumRisk
C-123069 PartyA_294 PartyB_162,MediumRisk
C-119314 PartyA_105 PartyB_92,MediumRisk
C-114657 PartyA_31 PartyB_275,HighRisk
C-106230 PartyA_158 PartyB_35,MediumRisk
C-117516 PartyA_52 PartyB_287,MediumRisk
C-100549 PartyA_267 PartyB_255,MediumRisk
C-124469 PartyA_209 PartyB_107,LowRisk
C-115185 PartyA_74 PartyB_25,MediumRisk
C-102909 PartyA_76 PartyB_82,MediumRisk
C-123699 PartyA_208 PartyB_57,MediumRisk
C-121303 PartyA_242 PartyB_38,MediumRisk
C-123634 PartyA_181 PartyB_164,HighRisk
C-103048 PartyA_33 PartyB_10,MediumRisk
C-119764 PartyA_94 PartyB_227,MediumRisk
C-118235 PartyA_151 PartyB_253,HighRisk
C-103753 PartyA_157 PartyB_105,MediumRisk
C-112539 PartyA_293 PartyB_275,HighRisk
C-117460 PartyA_108 PartyB_249,HighRisk
C-104046 PartyA_185 PartyB_165,MediumRisk
C-115312 PartyA_267 PartyB_87,MediumRisk
C-123380 PartyA_63 PartyB_70,MediumRisk
C-101918 PartyA_188 PartyB_271,LowRisk
C-116262 PartyA_288 PartyB_46,MediumRisk
C-102452 PartyA_299 PartyB_81,HighRisk
C-101736 PartyA_48 PartyB_156,MediumRisk
C-101979 PartyA_15 PartyB_73,MediumRisk
C-121474 PartyA_182 PartyB_111,HighRisk
C-106902 PartyA_21 PartyB_178,MediumRisk
C-102067 PartyA_118 PartyB_188,MediumRisk
C-114498 PartyA_225 PartyB_63,HighRisk
C-119014 PartyA_28 PartyB_89,HighRisk
C-108761 PartyA_63 PartyB_226,MediumRisk
C-117523 PartyA_130 PartyB_271,MediumRisk
C-114898 PartyA_291 PartyB_110,HighRisk
C-122007 PartyA_226 PartyB_161,HighRisk
C-114675 PartyA_38 PartyB_123,HighRisk
C-108447 PartyA_32 PartyB_39,MediumRisk
C-121765 PartyA_208 PartyB_98,MediumRisk
C-104445 PartyA_296 PartyB_97,HighRisk
C-105893 PartyA_67 PartyB_237,MediumRisk
C-119435 PartyA_249 PartyB_278,MediumRisk
C-121654 PartyA_23 PartyB_255,MediumRisk
C-103061 PartyA_227 PartyB_129,HighRisk
C-116137 PartyA_46 PartyB_226,MediumRisk
C-104026 PartyA_217 PartyB_257,MediumRisk
C-124852 PartyA_27 PartyB_139,MediumRisk
C-121138 PartyA_299 PartyB_210,MediumRisk
C-104691 PartyA_278 PartyB_42,MediumRisk
C-116730 PartyA_97 PartyB_43,HighRisk
C-118780 PartyA_126 PartyB_195,HighRisk
C-115766 PartyA_241 PartyB_48,MediumRisk
C-124133 PartyA_238 PartyB_162,LowRisk
C-102919 PartyA_300 PartyB_175,MediumRisk
C-109485 PartyA_5 PartyB_222,MediumRisk
C-121073 PartyA_57 PartyB_63,LowRisk
C-119784 PartyA_140 PartyB_217,MediumRisk
C-110572 PartyA_38 PartyB_279,LowRisk
C-109864 PartyA_246 PartyB_112,MediumRisk
C-101693 PartyA_27 PartyB_138,MediumRisk
C-114840 PartyA_4 PartyB_158,MediumRisk
C-106362 PartyA_88 PartyB_98,HighRisk
C-109026 PartyA_184 PartyB_77,MediumRisk
C-115423 PartyA_275 PartyB_236,HighRisk
C-103624 PartyA_111 PartyB_233,MediumRisk
C-111866 PartyA_52 PartyB_262,MediumRisk
C-111403 PartyA_203 PartyB_37,MediumRisk
C-104456 PartyA_196 PartyB_75,MediumRisk
C-111752 PartyA_259 PartyB_56,MediumRisk
C-117804 PartyA_167 PartyB_54,MediumRisk
C-100686 PartyA_197 PartyB_231,MediumRisk
C-122554 PartyA_275 PartyB_299,MediumRisk
C-100349 PartyA_265 PartyB_192,MediumRisk
C-122922 PartyA_243 PartyB_136,MediumRisk
C-117472 PartyA_143 PartyB_39,HighRisk
C-103755 PartyA_122 PartyB_259,MediumRisk
C-123043 PartyA_225 PartyB_63,HighRisk
C-114836 PartyA_92 PartyB_4,MediumRisk
C-109507 PartyA_134 PartyB_261,MediumRisk
C-106755 PartyA_300 PartyB_268,HighRisk
C-107300 PartyA_29 PartyB_213,MediumRisk
C-112854 PartyA_276 PartyB_103,MediumRisk
C-105970 PartyA_75 PartyB_238,MediumRisk
C-105453 PartyA_260 PartyB_54,HighRisk
C-105230 PartyA_245 PartyB_42,HighRisk
C-118995 PartyA_82 PartyB_285,HighRisk
C-104021 PartyA_119 PartyB_222,MediumRisk
C-114659 PartyA_95 PartyB_11,MediumRisk
C-113486 PartyA_123 PartyB_94,MediumRisk
C-116880 PartyA_235 PartyB_143,MediumRisk
C-112560 PartyA_47 PartyB_183,MediumRisk
C-106228 PartyA_248 PartyB_235,MediumRisk
C-114503 PartyA_107 PartyB_75,MediumRisk
C-124251 PartyA_35 PartyB_243,LowRisk
C-114960 PartyA_207 PartyB_229,MediumRisk
C-102966 PartyA_179 PartyB_271,MediumRisk
C-124048 PartyA_260 PartyB_161,HighRisk
C-105770 PartyA_44 PartyB_46,MediumRisk
C-117654 PartyA_278 PartyB_188,MediumRisk
C-111945 PartyA_86 PartyB_18,MediumRisk
C-111937 PartyA_147 PartyB_65,HighRisk
C-110971 PartyA_16 PartyB_98,MediumRisk
C-115565 PartyA_265 PartyB_159,MediumRisk
C-120906 PartyA_173 PartyB_240,MediumRisk
C-108375 PartyA_78 PartyB_223,MediumRisk
C-116533 PartyA_123 PartyB_115,MediumRisk
C-101303 PartyA_49 PartyB_207,MediumRisk
C-116379 PartyA_54 PartyB_20,LowRisk
C-123707 PartyA_189 PartyB_300,MediumRisk
C-124780 PartyA_53 PartyB_147,MediumRisk
C-123619 PartyA_86 PartyB_158,HighRisk
C-118618 PartyA_131 PartyB_77,LowRisk
C-120333 PartyA_123 PartyB_38,MediumRisk
C-122242 PartyA_104 PartyB_152,HighRisk
C-106126 PartyA_239 PartyB_256,MediumRisk
C-101373 PartyA_30 PartyB_58,MediumRisk
C-107094 PartyA_33 PartyB_66,MediumRisk
C-107695 PartyA_157 PartyB_163,MediumRisk
C-123955 PartyA_223 PartyB_191,MediumRisk
C-103329 PartyA_242 PartyB_161,MediumRisk
C-111293 PartyA_89 PartyB_221,MediumRisk
C-101135 PartyA_175 PartyB_161,MediumRisk
C-119986 PartyA_263 PartyB_12,MediumRisk
C-119743 PartyA_259 PartyB_185,MediumRisk
C-116189 PartyA_192 PartyB_101,MediumRisk
C-100426 PartyA_85 PartyB_264,HighRisk
C-116891 PartyA_150 PartyB_282,HighRisk
C-115645 PartyA_161 PartyB_261,MediumRisk
C-115955 PartyA_240 PartyB_278,MediumRisk
C-110023 PartyA_87 PartyB_180,MediumRisk
C-119260 PartyA_134 PartyB_37,HighRisk
C-120922 PartyA_203 PartyB_246,MediumRisk
C-100339 PartyA_289 PartyB_32,MediumRisk
C-103480 PartyA_189 PartyB_206,MediumRisk
C-105937 PartyA_99 PartyB_118,MediumRisk
C-123416 PartyA_7 PartyB_52,MediumRisk
C-122038 PartyA_229 PartyB_277,MediumRisk
C-105687 PartyA_238 PartyB_21,MediumRisk
C-114095 PartyA_179 PartyB_240,HighRisk
C-117004 PartyA_176 PartyB_16,HighRisk
C-118702 PartyA_170 PartyB_150,MediumRisk
C-110428 PartyA_169 PartyB_214,MediumRisk
C-113876 PartyA_131 PartyB_163,HighRisk
C-122323 PartyA_239 PartyB_230,HighRisk
C-103314 PartyA_104 PartyB_175,HighRisk
C-111495 PartyA_13 PartyB_145,MediumRisk
C-117050 PartyA_15 PartyB_28,LowRisk
C-120816 PartyA_42 PartyB_7,MediumRisk
C-110157 PartyA_248 PartyB_172,MediumRisk
C-110256 PartyA_24 PartyB_91,HighRisk
C-111743 PartyA_39 PartyB_275,LowRisk
C-103649 PartyA_275 PartyB_240,HighRisk
C-109870 PartyA_23 PartyB_173,HighRisk
C-102973 PartyA_158 PartyB_116,HighRisk
C-111566 PartyA_6 PartyB_72,HighRisk
C-119999 PartyA_134 PartyB_86,LowRisk
C-102959 PartyA_195 PartyB_246,HighRisk
C-104371 PartyA_235 PartyB_143,MediumRisk
C-102339 PartyA_176 PartyB_84,HighRisk
C-100129 PartyA_224 PartyB_10,MediumRisk
C-115016 PartyA_127 PartyB_70,MediumRisk
C-100401 PartyA_214 PartyB_161,MediumRisk
C-109849 PartyA_209 PartyB_210,MediumRisk
C-105350 PartyA_293 PartyB_29,MediumRisk
C-111428 PartyA_62 PartyB_281,MediumRisk
C-116058 PartyA_51 PartyB_299,MediumRisk
C-118955 PartyA_76 PartyB_201,MediumRisk
C-112914 PartyA_214 PartyB_260,HighRisk
C-112815 PartyA_243 PartyB_122,HighRisk
C-111149 PartyA_295 PartyB_89,MediumRisk
C-113321 PartyA_144 PartyB_42,MediumRisk
C-103194 PartyA_205 PartyB_237,MediumRisk
C-106440 PartyA_30 PartyB_6,MediumRisk
C-103008 PartyA_134 PartyB_41,HighRisk
C-111598 PartyA_260 PartyB_226,MediumRisk
C-120568 PartyA_108 PartyB_164,MediumRisk
C-123297 PartyA_269 PartyB_10,MediumRisk
C-111222 PartyA_11 PartyB_3,MediumRisk
C-121576 PartyA_7 PartyB_181,HighRisk
C-114030 PartyA_217 PartyB_212,MediumRisk
C-109520 PartyA_232 PartyB_250,MediumRisk
C-114273 PartyA_126 PartyB_10,HighRisk
C-121217 PartyA_161 PartyB_129,MediumRisk
C-104957 PartyA_85 PartyB_74,HighRisk
C-120233 PartyA_145 PartyB_257,MediumRisk
C-114662 PartyA_199 PartyB_82,LowRisk
C-101235 PartyA_250 PartyB_288,MediumRisk
C-103403 PartyA_271 PartyB_270,MediumRisk
C-108099 PartyA_187 PartyB_2,MediumRisk
C-110011 PartyA_42 PartyB_61,MediumRisk
C-121266 PartyA_112 PartyB_100,MediumRisk
C-114618 PartyA_2 PartyB_19,HighRisk
C-104981 PartyA_127 PartyB_203,HighRisk
C-122924 PartyA_186 PartyB_43,HighRisk
C-103269 PartyA_259 PartyB_232,LowRisk
C-122780 PartyA_97 PartyB_170,MediumRisk
C-117818 PartyA_245 PartyB_236,MediumRisk
C-101442 PartyA_85 PartyB_252,MediumRisk
C-113726 PartyA_110 PartyB_123,MediumRisk
C-105022 PartyA_190 PartyB_25,MediumRisk
C-124127 PartyA_273 PartyB_50,HighRisk
C-121402 PartyA_250 PartyB_54,MediumRisk
C-120266 PartyA_247 PartyB_48,HighRisk
C-113064 PartyA_287 PartyB_96,MediumRisk
C-121684 PartyA_46 PartyB_41,HighRisk
C-124699 PartyA_142 PartyB_23,LowRisk
C-116537 PartyA_12 PartyB_113,MediumRisk
C-122898 PartyA_89 PartyB_26,MediumRisk
C-112900 PartyA_226 PartyB_185,MediumRisk
C-106286 PartyA_220 PartyB_104,MediumRisk
C-100608 PartyA_200 PartyB_55,MediumRisk
C-113694 PartyA_104 PartyB_2,HighRisk
C-115159 PartyA_121 PartyB_79,MediumRisk
C-100019 PartyA_28 PartyB_51,MediumRisk
C-112802 PartyA_18 PartyB_126,MediumRisk
C-110054 PartyA_48 PartyB_73,HighRisk
C-115370 PartyA_22 PartyB_168,MediumRisk
C-114697 PartyA_186 PartyB_212,MediumRisk
C-101643 PartyA_203 PartyB_220,MediumRisk
C-123753 PartyA_33 PartyB_74,MediumRisk
C-122503 PartyA_247 PartyB_136,MediumRisk
C-114813 PartyA_85 PartyB_163,MediumRisk
C-105155 PartyA_160 PartyB_209,MediumRisk
C-109724 PartyA_6 PartyB_268,MediumRisk
C-115388 PartyA_54 PartyB_5,MediumRisk
C-104785 PartyA_99 PartyB_135,MediumRisk
C-102487 PartyA_141 PartyB_294,MediumRisk
C-111326 PartyA_54 PartyB_220,LowRisk
C-120101 PartyA_174 PartyB_71,HighRisk
C-112274 PartyA_94 PartyB_76,MediumRisk
C-109626 PartyA_293 PartyB_7,MediumRisk
C-107936 PartyA_249 PartyB_193,MediumRisk
C-107387 PartyA_227 PartyB_33,MediumRisk
C-105081 PartyA_109 PartyB_187,HighRisk
C-123779 PartyA_78 PartyB_208,MediumRisk
C-111976 PartyA_270 PartyB_120,MediumRisk
C-107582 PartyA_209 PartyB_280,HighRisk
C-114464 PartyA_181 PartyB_285,MediumRisk
C-114655 PartyA_175 PartyB_259,HighRisk
C-105910 PartyA_252 PartyB_262,HighRisk
C-122433 PartyA_238 PartyB_26,MediumRisk
C-108807 PartyA_281 PartyB_217,MediumRisk
C-107115 PartyA_284 PartyB_296,MediumRisk
C-122494 PartyA_106 PartyB_98,MediumRisk
C-104836 PartyA_156 PartyB_252,MediumRisk
C-114468 PartyA_119 PartyB_187,MediumRisk
C-108980 PartyA_21 PartyB_276,HighRisk
C-108270 PartyA_17 PartyB_47,HighRisk
C-117694 PartyA_209 PartyB_54,HighRisk
C-123688 PartyA_91 PartyB_114,HighRisk
C-108468 PartyA_84 PartyB_286,MediumRisk
C-109016 PartyA_40 PartyB_180,HighRisk
C-101966 PartyA_162 PartyB_113,LowRisk
C-101775 PartyA_134 PartyB_156,MediumRisk
C-122518 PartyA_164 PartyB_168,MediumRisk
C-124038 PartyA_14 PartyB_225,HighRisk
C-103800 PartyA_217 PartyB_8,HighRisk
C-114173 PartyA_57 PartyB_105,MediumRisk
C-115594 PartyA_264 PartyB_125,HighRisk
C-115503 PartyA_280 PartyB_270,MediumRisk
C-107700 PartyA_300 PartyB_91,MediumRisk
C-114019 PartyA_130 PartyB_179,LowRisk
C-119400 PartyA_35 PartyB_145,HighRisk
C-102135 PartyA_202 PartyB_66,HighRisk
C-120796 PartyA_132 PartyB_53,MediumRisk
C-114558 PartyA_34 PartyB_275,HighRisk
C-117964 PartyA_75 PartyB_14,HighRisk
C-107648 PartyA_138 PartyB_124,MediumRisk
C-117321 PartyA_199 PartyB_180,MediumRisk
C-101983 PartyA_94 PartyB_98,MediumRisk
C-114248 PartyA_23 PartyB_44,MediumRisk
C-113899 PartyA_171 PartyB_263,MediumRisk
C-110873 PartyA_49 PartyB_13,MediumRisk
C-101540 PartyA_146 PartyB_17,HighRisk
C-110362 PartyA_268 PartyB_189,MediumRisk
C-118586 PartyA_178 PartyB_290,MediumRisk
C-100751 PartyA_214 PartyB_243,HighRisk
C-122087 PartyA_139 PartyB_166,HighRisk
C-124627 PartyA_197 PartyB_297,HighRisk
C-109875 PartyA_40 PartyB_116,LowRisk
C-124406 PartyA_228 PartyB_210,HighRisk
C-121205 PartyA_129 PartyB_144,MediumRisk
C-109477 PartyA_249 PartyB_108,HighRisk
C-102086 PartyA_54 PartyB_228,HighRisk
C-122407 PartyA_17 PartyB_250,MediumRisk
C-124773 PartyA_34 PartyB_23,MediumRisk
C-108256 PartyA_298 PartyB_1,MediumRisk
C-112220 PartyA_293 PartyB_216,HighRisk
C-113829 PartyA_283 PartyB_235,MediumRisk
C-116434 PartyA_1 PartyB_20,MediumRisk
C-117852 PartyA_115 PartyB_52,MediumRisk
C-102364 PartyA_278 PartyB_136,MediumRisk
C-100047 PartyA_281 PartyB_229,MediumRisk
C-108956 PartyA_97 PartyB_79,MediumRisk
C-113267 PartyA_28 PartyB_126,HighRisk
C-124606 PartyA_256 PartyB_37,MediumRisk
C-112133 PartyA_196 PartyB_26,MediumRisk
C-113093 PartyA_111 PartyB_267,MediumRisk
C-117555 PartyA_203 PartyB_100,MediumRisk
C-112509 PartyA_124 PartyB_290,HighRisk
C-103289 PartyA_19 PartyB_183,MediumRisk
C-123121 PartyA_298 PartyB_127,MediumRisk
C-104755 PartyA_272 PartyB_115,MediumRisk
C-116426 PartyA_84 PartyB_89,LowRisk
C-118307 PartyA_29 PartyB_39,MediumRisk
C-116178 PartyA_206 PartyB_110,HighRisk
C-118516 PartyA_211 PartyB_22,HighRisk
C-123198 PartyA_54 PartyB_123,LowRisk
C-111472 PartyA_248 PartyB_300,MediumRisk
C-115436 PartyA_11 PartyB_247,MediumRisk
C-109048 PartyA_271 PartyB_262,MediumRisk
C-101871 PartyA_94 PartyB_225,HighRisk
C-123068 PartyA_284 PartyB_183,MediumRisk
C-122818 PartyA_201 PartyB_106,MediumRisk
C-100418 PartyA_130 PartyB_100,HighRisk
C-101213 PartyA_282 PartyB_202,MediumRisk
C-116115 PartyA_223 PartyB_21,LowRisk
C-110802 PartyA_248 PartyB_27,HighRisk
C-107160 PartyA_173 PartyB_11,MediumRisk
C-102499 PartyA_133 PartyB_257,HighRisk
C-112899 PartyA_58 PartyB_64,HighRisk
C-118149 PartyA_122 PartyB_267,HighRisk
C-112131 PartyA_188 PartyB_110,MediumRisk
C-112827 PartyA_96 PartyB_206,MediumRisk
C-102912 PartyA_130 PartyB_142,MediumRisk
C-113762 PartyA_89 PartyB_193,MediumRisk
C-106369 PartyA_94 PartyB_300,HighRisk
C-101038 PartyA_62 PartyB_64,MediumRisk
C-107931 PartyA_226 PartyB_82,MediumRisk
C-124880 PartyA_196 PartyB_83,MediumRisk
C-124516 PartyA_142 PartyB_79,MediumRisk
C-108611 PartyA_77 PartyB_261,MediumRisk
C-118830 PartyA_159 PartyB_130,MediumRisk
C-108407 PartyA_289 PartyB_9,HighRisk
C-124637 PartyA_40 PartyB_164,MediumRisk
C-105736 PartyA_201 PartyB_261,MediumRisk
C-116604 PartyA_243 PartyB_272,MediumRisk
C-117166 PartyA_67 PartyB_287,MediumRisk
C-115397 PartyA_138 PartyB_147,HighRisk
C-111913 PartyA_47 PartyB_161,MediumRisk
C-118964 PartyA_261 PartyB_171,HighRisk
C-123494 PartyA_28 PartyB_15,MediumRisk
C-100241 PartyA_168 PartyB_16,LowRisk
C-110915 PartyA_299 PartyB_155,MediumRisk
C-114136 PartyA_177 PartyB_244,MediumRisk
C-117890 PartyA_296 PartyB_131,HighRisk
C-115951 PartyA_94 PartyB_288,MediumRisk
C-101952 PartyA_292 PartyB_38,MediumRisk
C-106257 PartyA_33 PartyB_199,MediumRisk
C-101594 PartyA_288 PartyB_9,MediumRisk
C-101984 PartyA_150 PartyB_94,MediumRisk
C-120697 PartyA_127 PartyB_17,HighRisk
C-101042 PartyA_192 PartyB_53,MediumRisk
C-121970 PartyA_120 PartyB_291,HighRisk
C-101783 PartyA_197 PartyB_280,MediumRisk
C-100062 PartyA_292 PartyB_195,MediumRisk
C-100000 PartyA_217 PartyB_17,MediumRisk
C-109736 PartyA_131 PartyB_162,MediumRisk
C-103462 PartyA_162 PartyB_51,MediumRisk
C-109676 PartyA_295 PartyB_95,HighRisk
C-120674 PartyA_19 PartyB_70,MediumRisk
C-110577 PartyA_28 PartyB_257,MediumRisk
C-102144 PartyA_61 PartyB_50,MediumRisk
C-123402 PartyA_140 PartyB_226,MediumRisk
C-105852 PartyA_277 PartyB_24,HighRisk
C-103665 PartyA_148 PartyB_97,HighRisk
C-122101 PartyA_7 PartyB_1,HighRisk
C-111981 PartyA_132 PartyB_88,MediumRisk
C-109688 PartyA_227 PartyB_181,LowRisk
C-109392 PartyA_2 PartyB_250,HighRisk
C-102271 PartyA_180 PartyB_213,MediumRisk
C-111994 PartyA_145 PartyB_85,LowRisk
C-117963 PartyA_298 PartyB_275,HighRisk
C-122571 PartyA_95 PartyB_92,MediumRisk
C-123264 PartyA_205 PartyB_191,MediumRisk
C-112134 PartyA_40 PartyB_242,MediumRisk
C-121902 PartyA_252 PartyB_43,HighRisk
C-122140 PartyA_125 PartyB_18,HighRisk
C-118928 PartyA_62 PartyB_257,MediumRisk
C-106543 PartyA_240 PartyB_213,HighRisk
C-107524 PartyA_35 PartyB_289,LowRisk
C-111512 PartyA_251 PartyB_227,MediumRisk
C-123535 PartyA_5 PartyB_126,MediumRisk
C-120917 PartyA_3 PartyB_248,MediumRisk
C-103449 PartyA_248 PartyB_246,MediumRisk
C-109750 PartyA_114 PartyB_29,HighRisk
C-122676 PartyA_101 PartyB_147,HighRisk
C-110122 PartyA_122 PartyB_211,MediumRisk
C-122245 PartyA_8 PartyB_119,MediumRisk
C-119453 PartyA_259 PartyB_228,MediumRisk
C-122761 PartyA_62 PartyB_288,MediumRisk
C-120742 PartyA_231 PartyB_35,LowRisk
C-113339 PartyA_117 PartyB_218,HighRisk
C-117813 PartyA_42 PartyB_268,MediumRisk
C-100413 PartyA_61 PartyB_274,MediumRisk
C-117034 PartyA_75 PartyB_122,MediumRisk
C-110935 PartyA_108 PartyB_239,MediumRisk
C-124682 PartyA_48 PartyB_259,MediumRisk
C-109558 PartyA_249 PartyB_7,MediumRisk
C-118580 PartyA_39 PartyB_153,MediumRisk
C-120589 PartyA_211 PartyB_7,MediumRisk
C-123694 PartyA_286 PartyB_88,HighRisk
C-119701 PartyA_186 PartyB_100,HighRisk
C-117473 PartyA_49 PartyB_6,MediumRisk
C-119321 PartyA_90 PartyB_260,MediumRisk
C-116860 PartyA_241 PartyB_233,MediumRisk
C-115084 PartyA_160 PartyB_164,MediumRisk
C-109483 PartyA_266 PartyB_117,MediumRisk
C-112920 PartyA_129 PartyB_64,LowRisk
C-105321 PartyA_27 PartyB_191,MediumRisk
C-115026 PartyA_173 PartyB_41,HighRisk
C-107915 PartyA_211 PartyB_52,HighRisk
C-119416 PartyA_75 PartyB_278,LowRisk
C-114664 PartyA_116 PartyB_19,MediumRisk
C-118009 PartyA_43 PartyB_197,MediumRisk
C-109710 PartyA_192 PartyB_175,MediumRisk
C-116588 PartyA_67 PartyB_103,MediumRisk
C-110477 PartyA_82 PartyB_251,HighRisk
C-108735 PartyA_194 PartyB_34,HighRisk
C-114731 PartyA_175 PartyB_195,HighRisk
C-117882 PartyA_163 PartyB_111,MediumRisk
C-118679 PartyA_145 PartyB_60,MediumRisk
C-114752 PartyA_89 PartyB_51,HighRisk
C-101130 PartyA_40 PartyB_115,MediumRisk
C-123537 PartyA_72 PartyB_115,MediumRisk
C-116845 PartyA_7 PartyB_250,MediumRisk
C-101416 PartyA_272 PartyB_145,HighRisk
C-105849 PartyA_94 PartyB_41,MediumRisk
C-124902 PartyA_244 PartyB_178,MediumRisk
C-101621 PartyA_124 PartyB_211,HighRisk
C-114742 PartyA_203 PartyB_117,HighRisk
C-101840 PartyA_194 PartyB_274,HighRisk
C-110968 PartyA_191 PartyB_64,HighRisk
C-107177 PartyA_96 PartyB_64,HighRisk
C-117298 PartyA_201 PartyB_206,MediumRisk
C-121570 PartyA_92 PartyB_205,HighRisk
C-123272 PartyA_242 PartyB_102,HighRisk
C-113651 PartyA_31 PartyB_246,MediumRisk
C-101486 PartyA_172 PartyB_266,HighRisk
C-110862 PartyA_56 PartyB_265,MediumRisk
C-121324 PartyA_233 PartyB_138,HighRisk
C-124863 PartyA_267 PartyB_72,LowRisk
C-101238 PartyA_50 PartyB_203,MediumRisk
C-119450 PartyA_63 PartyB_220,MediumRisk
C-113437 PartyA_277 PartyB_119,HighRisk
C-106063 PartyA_299 PartyB_48,LowRisk
C-121026 PartyA_198 PartyB_130,MediumRisk
C-117998 PartyA_141 PartyB_280,LowRisk
C-119606 PartyA_152 PartyB_183,MediumRisk
C-112918 PartyA_52 PartyB_262,LowRisk
C-115292 PartyA_180 PartyB_293,LowRisk
C-110870 PartyA_252 PartyB_43,MediumRisk
C-124147 PartyA_224 PartyB_50,MediumRisk
C-110406 PartyA_21 PartyB_232,HighRisk
C-112810 PartyA_111 PartyB_31,HighRisk
C-117239 PartyA_120 PartyB_62,LowRisk
C-106967 PartyA_137 PartyB_82,MediumRisk
C-121706 PartyA_54 PartyB_179,LowRisk
C-116710 PartyA_58 PartyB_142,MediumRisk
C-109698 PartyA_126 PartyB_93,MediumRisk
C-111507 PartyA_233 PartyB_96,MediumRisk
C-122495 PartyA_36 PartyB_75,MediumRisk
C-119369 PartyA_22 PartyB_272,HighRisk
C-101315 PartyA_31 PartyB_211,MediumRisk
C-112135 PartyA_143 PartyB_44,HighRisk
C-110153 PartyA_248 PartyB_13,HighRisk
C-106076 PartyA_163 PartyB_77,MediumRisk
C-110368 PartyA_175 PartyB_89,MediumRisk
C-104941 PartyA_142 PartyB_181,MediumRisk
C-106467 PartyA_41 PartyB_143,HighRisk
C-109014 PartyA_145 PartyB_26,MediumRisk
C-115603 PartyA_130 PartyB_12,MediumRisk
C-116573 PartyA_231 PartyB_164,MediumRisk
C-106243 PartyA_271 PartyB_246,MediumRisk
C-108306 PartyA_171 PartyB_292,MediumRisk
C-105003 PartyA_76 PartyB_17,HighRisk
C-107101 PartyA_218 PartyB_61,MediumRisk
C-109652 PartyA_243 PartyB_240,HighRisk
C-113463 PartyA_202 PartyB_24,HighRisk
C-121387 PartyA_245 PartyB_71,MediumRisk
C-119898 PartyA_30 PartyB_91,MediumRisk
C-110250 PartyA_129 PartyB_88,MediumRisk
C-109042 PartyA_83 PartyB_251,MediumRisk
C-121763 PartyA_178 PartyB_21,LowRisk
C-109541 PartyA_40 PartyB_50,HighRisk
C-124466 PartyA_224 PartyB_16,MediumRisk
C-117131 PartyA_292 PartyB_182,HighRisk
C-120948 PartyA_209 PartyB_178,MediumRisk
C-109366 PartyA_250 PartyB_93,HighRisk
C-119267 PartyA_178 PartyB_287,MediumRisk
C-106105 PartyA_269 PartyB_35,MediumRisk
C-120290 PartyA_199 PartyB_37,MediumRisk
C-116113 PartyA_229 PartyB_162,HighRisk
C-107735 PartyA_98 PartyB_134,MediumRisk
C-102802 PartyA_285 PartyB_196,MediumRisk
C-111977 PartyA_125 PartyB_58,HighRisk
C-112341 PartyA_4 PartyB_117,MediumRisk
C-102054 PartyA_83 PartyB_213,MediumRisk
C-124630 PartyA_250 PartyB_279,MediumRisk
C-116444 PartyA_275 PartyB_253,LowRisk
C-120706 PartyA_86 PartyB_239,MediumRisk
C-101270 PartyA_293 PartyB_80,HighRisk
C-110119 PartyA_40 PartyB_232,MediumRisk
C-104852 PartyA_35 PartyB_288,HighRisk
C-107914 PartyA_10 PartyB_67,HighRisk
C-112152 PartyA_164 PartyB_102,HighRisk
C-121017 PartyA_97 PartyB_101,HighRisk
C-120422 PartyA_178 PartyB_241,MediumRisk
C-103787 PartyA_104 PartyB_247,HighRisk
C-117866 PartyA_135 PartyB_79,MediumRisk
C-106832 PartyA_234 PartyB_117,MediumRisk
C-104741 PartyA_205 PartyB_123,MediumRisk
C-112781 PartyA_62 PartyB_112,MediumRisk
C-113783 PartyA_190 PartyB_145,HighRisk
C-109012 PartyA_176 PartyB_273,MediumRisk
C-108854 PartyA_46 PartyB_228,MediumRisk
C-109683 PartyA_213 PartyB_241,MediumRisk
C-116051 PartyA_182 PartyB_258,MediumRisk
C-103120 PartyA_195 PartyB_274,MediumRisk
C-113818 PartyA_131 PartyB_292,HighRisk
C-123819 PartyA_47 PartyB_29,MediumRisk
C-123778 PartyA_162 PartyB_266,HighRisk
C-121420 PartyA_220 PartyB_242,MediumRisk
C-104999 PartyA_260 PartyB_106,HighRisk
C-120638 PartyA_32 PartyB_33,MediumRisk
C-102614 PartyA_216 PartyB_112,LowRisk
C-102636 PartyA_117 PartyB_97,HighRisk
C-110034 PartyA_191 PartyB_255,HighRisk
C-110199 PartyA_228 PartyB_48,HighRisk
C-107677 PartyA_72 PartyB_192,MediumRisk
C-105438 PartyA_281 PartyB_259,LowRisk
C-105990 PartyA_146 PartyB_256,MediumRisk
C-117638 PartyA_242 PartyB_211,MediumRisk
C-119535 PartyA_81 PartyB_26,MediumRisk
C-124024 PartyA_26 PartyB_199,HighRisk
C-112063 PartyA_238 PartyB_139,MediumRisk
C-117938 PartyA_221 PartyB_107,MediumRisk
C-102211 PartyA_106 PartyB_93,MediumRisk
C-118622 PartyA_109 PartyB_247,LowRisk
C-118839 PartyA_9 PartyB_228,MediumRisk
C-123154 PartyA_11 PartyB_45,HighRisk
C-116319 PartyA_225 PartyB_37,HighRisk
C-108760 PartyA_93 PartyB_127,MediumRisk
C-104896 PartyA_17 PartyB_264,MediumRisk
C-115365 PartyA_104 PartyB_157,MediumRisk
C-107409 PartyA_257 PartyB_147,MediumRisk
C-120451 PartyA_296 PartyB_278,MediumRisk
C-118900 PartyA_277 PartyB_16,MediumRisk
C-111941 PartyA_284 PartyB_294,MediumRisk
C-122021 PartyA_254 PartyB_164,MediumRisk
C-118223 PartyA_285 PartyB_257,MediumRisk
C-101767 PartyA_153 PartyB_255,MediumRisk
C-115471 PartyA_56 PartyB_12,HighRisk
C-105960 PartyA_63 PartyB_63,HighRisk
C-112814 PartyA_24 PartyB_49,MediumRisk
C-113225 PartyA_140 PartyB_265,MediumRisk
C-116769 PartyA_38 PartyB_287,MediumRisk
C-114073 PartyA_12 PartyB_49,MediumRisk
C-105250 PartyA_19 PartyB_126,MediumRisk
C-115543 PartyA_294 PartyB_56,MediumRisk
C-118560 PartyA_203 PartyB_14,HighRisk
C-122512 PartyA_152 PartyB_209,MediumRisk
C-109504 PartyA_74 PartyB_1,MediumRisk
C-111191 PartyA_92 PartyB_96,LowRisk
C-106444 PartyA_71 PartyB_225,MediumRisk
C-110812 PartyA_239 PartyB_54,HighRisk
C-101002 PartyA_195 PartyB_32,MediumRisk
C-123867 PartyA_216 PartyB_240,MediumRisk
C-120926 PartyA_133 PartyB_98,MediumRisk
C-109000 PartyA_219 PartyB_166,HighRisk
C-106723 PartyA_61 PartyB_186,MediumRisk
C-112068 PartyA_5 PartyB_1,MediumRisk
C-124429 PartyA_95 PartyB_209,LowRisk
C-123692 PartyA_121 PartyB_164,HighRisk
C-110430 PartyA_51 PartyB_251,HighRisk
C-124947 PartyA_152 PartyB_65,HighRisk
C-115270 PartyA_188 PartyB_159,LowRisk
C-110887 PartyA_170 PartyB_114,MediumRisk
C-105933 PartyA_152 PartyB_103,LowRisk
C-102953 PartyA_79 PartyB_29,MediumRisk
C-111904 PartyA_91 PartyB_32,MediumRisk
C-119858 PartyA_234 PartyB_88,MediumRisk
C-106956 PartyA_54 PartyB_43,HighRisk
C-102737 PartyA_141 PartyB_70,LowRisk
C-115324 PartyA_13 PartyB_188,HighRisk
C-109406 PartyA_100 PartyB_136,LowRisk
C-102857 PartyA_171 PartyB_157,HighRisk
C-104436 PartyA_217 PartyB_260,HighRisk
C-105106 PartyA_135 PartyB_197,HighRisk
C-121671 PartyA_200 PartyB_149,HighRisk
C-107459 PartyA_182 PartyB_225,MediumRisk
C-121593 PartyA_300 PartyB_59,MediumRisk
C-114768 PartyA_178 PartyB_99,LowRisk
C-108129 PartyA_148 PartyB_11,HighRisk
C-109099 PartyA_89 PartyB_284,MediumRisk
C-119031 PartyA_135 PartyB_68,HighRisk
C-109195 PartyA_166 PartyB_101,HighRisk
C-120657 PartyA_21 PartyB_34,HighRisk
C-104625 PartyA_55 PartyB_99,HighRisk
C-121612 PartyA_294 PartyB_68,HighRisk
C-123126 PartyA_47 PartyB_42,HighRisk
C-103545 PartyA_273 PartyB_49,HighRisk
C-120997 PartyA_32 PartyB_193,HighRisk
C-121749 PartyA_34 PartyB_126,MediumRisk
C-124010 PartyA_172 PartyB_288,LowRisk
C-110276 PartyA_122 PartyB_266,MediumRisk
C-106132 PartyA_37 PartyB_200,MediumRisk
C-114103 PartyA_83 PartyB_147,MediumRisk
C-102821 PartyA_225 PartyB_124,HighRisk
C-102021 PartyA_126 PartyB_161,MediumRisk
C-110882 PartyA_238 PartyB_277,HighRisk
C-116801 PartyA_151 PartyB_55,MediumRisk
C-109625 PartyA_184 PartyB_173,MediumRisk
C-122320 PartyA_77 PartyB_94,MediumRisk
C-106098 PartyA_217 PartyB_130,HighRisk
C-102556 PartyA_213 PartyB_113,MediumRisk
C-120410 PartyA_207 PartyB_167,MediumRisk
C-111784 PartyA_152 PartyB_49,HighRisk
C-122878 PartyA_89 PartyB_119,MediumRisk
C-103344 PartyA_6 PartyB_154,HighRisk
C-120937 PartyA_23 PartyB_212,HighRisk
C-100181 PartyA_296 PartyB_161,MediumRisk
C-114867 PartyA_172 PartyB_297,MediumRisk
C-116809 PartyA_281 PartyB_222,MediumRisk
C-111450 PartyA_256 PartyB_23,MediumRisk
C-101853 PartyA_267 PartyB_265,MediumRisk
C-110989 PartyA_15 PartyB_212,HighRisk
C-124165 PartyA_22 PartyB_283,MediumRisk
C-119032 PartyA_210 PartyB_248,MediumRisk
C-113831 PartyA_18 PartyB_77,MediumRisk
C-123100 PartyA_184 PartyB_267,MediumRisk
C-103966 PartyA_273 PartyB_253,MediumRisk
C-113442 PartyA_280 PartyB_190,MediumRisk
C-116180 PartyA_288 PartyB_297,LowRisk
C-107141 PartyA_94 PartyB_163,HighRisk
C-104983 PartyA_135 PartyB_10,MediumRisk
C-115003 PartyA_292 PartyB_12,MediumRisk
C-108081 PartyA_11 PartyB_69,MediumRisk
C-120667 PartyA_280 PartyB_236,MediumRisk
C-122783 PartyA_5 PartyB_291,MediumRisk
C-105234 PartyA_207 PartyB_224,MediumRisk
C-103656 PartyA_179 PartyB_204,MediumRisk
C-117769 PartyA_223 PartyB_154,MediumRisk
C-116263 PartyA_291 PartyB_17,MediumRisk
C-116384 PartyA_195 PartyB_287,HighRisk
C-100677 PartyA_168 PartyB_253,HighRisk
C-105091 PartyA_123 PartyB_126,MediumRisk
C-106496 PartyA_291 PartyB_59,MediumRisk
C-120113 PartyA_191 PartyB_58,MediumRisk
C-124533 PartyA_278 PartyB_234,HighRisk
C-107014 PartyA_211 PartyB_248,MediumRisk
C-104930 PartyA_299 PartyB_250,MediumRisk
C-112421 PartyA_41 PartyB_86,HighRisk
C-110650 PartyA_102 PartyB_285,MediumRisk
C-119220 PartyA_250 PartyB_55,MediumRisk
C-121365 PartyA_277 PartyB_42,HighRisk
C-108564 PartyA_136 PartyB_265,HighRisk
C-100248 PartyA_185 PartyB_129,MediumRisk
C-120891 PartyA_25 PartyB_71,MediumRisk
C-110992 PartyA_262 PartyB_128,MediumRisk
C-113343 PartyA_256 PartyB_126,HighRisk
C-103999 PartyA_132 PartyB_241,MediumRisk
C-123782 PartyA_178 PartyB_222,MediumRisk
C-112372 PartyA_16 PartyB_66,HighRisk
C-116011 PartyA_75 PartyB_211,MediumRisk
C-104980 PartyA_209 PartyB_258,HighRisk
C-116858 PartyA_229 PartyB_139,MediumRisk
C-122623 PartyA_222 PartyB_125,MediumRisk
C-102241 PartyA_65 PartyB_192,MediumRisk
C-121648 PartyA_1 PartyB_75,MediumRisk
C-102589 PartyA_183 PartyB_277,MediumRisk
C-109770 PartyA_29 PartyB_117,HighRisk
C-116813 PartyA_133 PartyB_284,MediumRisk
C-105146 PartyA_258 PartyB_115,MediumRisk
C-113328 PartyA_163 PartyB_169,HighRisk
C-106298 PartyA_261 PartyB_260,MediumRisk
C-120651 PartyA_298 PartyB_231,MediumRisk
C-113198 PartyA_140 PartyB_126,HighRisk
C-120539 PartyA_149 PartyB_87,HighRisk
C-124992 PartyA_168 PartyB_143,MediumRisk
C-110830 PartyA_101 PartyB_179,LowRisk
C-123073 PartyA_288 PartyB_230,HighRisk
C-108898 PartyA_249 PartyB_274,MediumRisk
C-121388 PartyA_14 PartyB_78,MediumRisk
C-110434 PartyA_94 PartyB_220,MediumRisk
C-124543 PartyA_119 PartyB_39,HighRisk
C-121607 PartyA_279 PartyB_86,MediumRisk
C-105566 PartyA_219 PartyB_132,MediumRisk
C-120621 PartyA_275 PartyB_241,MediumRisk
C-116775 PartyA_237 PartyB_106,MediumRisk
C-117335 PartyA_117 PartyB_120,MediumRisk
C-115045 PartyA_264 PartyB_288,HighRisk
C-120862 PartyA_144 PartyB_179,HighRisk
C-103857 PartyA_18 PartyB_231,LowRisk
C-112530 PartyA_70 PartyB_38,MediumRisk
C-103477 PartyA_26 PartyB_44,MediumRisk
C-101010 PartyA_155 PartyB_158,MediumRisk
C-105363 PartyA_184 PartyB_64,MediumRisk
C-118736 PartyA_65 PartyB_247,MediumRisk
C-108568 PartyA_119 PartyB_119,MediumRisk
C-106311 PartyA_31 PartyB_13,MediumRisk
C-110665 PartyA_99 PartyB_35,MediumRisk
C-122785 PartyA_6 PartyB_221,MediumRisk
C-122897 PartyA_28 PartyB_112,MediumRisk
C-115290 PartyA_253 PartyB_74,MediumRisk
C-100934 PartyA_211 PartyB_64,HighRisk
C-111152 PartyA_73 PartyB_133,MediumRisk
C-119202 PartyA_66 PartyB_240,MediumRisk
C-123332 PartyA_34 PartyB_3,MediumRisk
C-107197 PartyA_210 PartyB_114,HighRisk
C-119947 PartyA_268 PartyB_11,HighRisk
C-101343 PartyA_4 PartyB_28,MediumRisk
C-108551 PartyA_192 PartyB_207,MediumRisk
C-110263 PartyA_234 PartyB_150,MediumRisk
C-110069 PartyA_291 PartyB_30,MediumRisk
C-122962 PartyA_50 PartyB_258,MediumRisk
C-124026 PartyA_67 PartyB_57,MediumRisk
C-101148 PartyA_39 PartyB_168,HighRisk
C-102954 PartyA_40 PartyB_157,HighRisk
C-121863 PartyA_59 PartyB_290,MediumRisk
C-100470 PartyA_65 PartyB_121,MediumRisk
C-109701 PartyA_42 PartyB_107,MediumRisk
C-121789 PartyA_284 PartyB_225,MediumRisk
C-118507 PartyA_124 PartyB_4,MediumRisk
C-119781 PartyA_168 PartyB_287,HighRisk
C-124001 PartyA_270 PartyB_54,MediumRisk
C-110806 PartyA_210 PartyB_132,HighRisk
C-106006 PartyA_13 PartyB_187,MediumRisk
C-123676 PartyA_239 PartyB_244,HighRisk
C-113160 PartyA_175 PartyB_75,HighRisk
C-111815 PartyA_236 PartyB_104,MediumRisk
C-122979 PartyA_263 PartyB_86,MediumRisk
C-118901 PartyA_183 PartyB_137,LowRisk
C-121318 PartyA_38 PartyB_132,HighRisk
C-112904 PartyA_37 PartyB_288,MediumRisk
C-108586 PartyA_189 PartyB_62,MediumRisk
C-113583 PartyA_300 PartyB_17,MediumRisk
C-119234 PartyA_11 PartyB_17,HighRisk
C-112829 PartyA_59 PartyB_32,HighRisk
C-123579 PartyA_204 PartyB_178,LowRisk
C-117634 PartyA_110 PartyB_129,HighRisk
C-110711 PartyA_168 PartyB_109,MediumRisk
C-100176 PartyA_42 PartyB_24,HighRisk
C-117180 PartyA_205 PartyB_185,HighRisk
C-107275 PartyA_217 PartyB_207,MediumRisk
C-109213 PartyA_36 PartyB_173,MediumRisk
C-101623 PartyA_281 PartyB_243,MediumRisk
C-101236 PartyA_232 PartyB_240,MediumRisk
C-106335 PartyA_238 PartyB_278,MediumRisk
C-102234 PartyA_143 PartyB_82,MediumRisk
C-114986 PartyA_295 PartyB_54,MediumRisk
C-124878 PartyA_189 PartyB_31,MediumRisk
C-112252 PartyA_13 PartyB_163,MediumRisk
C-111812 PartyA_133 PartyB_28,HighRisk
C-115208 PartyA_126 PartyB_231,MediumRisk
C-102394 PartyA_131 PartyB_241,HighRisk
C-112613 PartyA_166 PartyB_197,MediumRisk
C-117526 PartyA_296 PartyB_293,MediumRisk
C-105918 PartyA_43 PartyB_298,MediumRisk
C-123114 PartyA_65 PartyB_176,MediumRisk
C-112029 PartyA_43 PartyB_27,MediumRisk
C-102436 PartyA_261 PartyB_202,LowRisk
C-120030 PartyA_180 PartyB_197,HighRisk
C-117943 PartyA_33 PartyB_130,MediumRisk
C-110030 PartyA_214 PartyB_140,HighRisk
C-123026 PartyA_116 PartyB_259,HighRisk
C-103746 PartyA_295 PartyB_258,HighRisk
C-107772 PartyA_208 PartyB_237,MediumRisk
C-101327 PartyA_181 PartyB_128,MediumRisk
C-106613 PartyA_202 PartyB_56,MediumRisk
C-107796 PartyA_212 PartyB_276,MediumRisk
C-105735 PartyA_7 PartyB_227,MediumRisk
C-118493 PartyA_168 PartyB_59,MediumRisk
C-103276 PartyA_177 PartyB_45,MediumRisk
C-102746 PartyA_67 PartyB_170,MediumRisk
C-115840 PartyA_173 PartyB_22,MediumRisk
C-108294 PartyA_212 PartyB_187,HighRisk
C-108083 PartyA_180 PartyB_288,HighRisk
C-111352 PartyA_137 PartyB_185,HighRisk
C-114784 PartyA_56 PartyB_84,MediumRisk
C-115880 PartyA_18 PartyB_271,MediumRisk
C-123296 PartyA_293 PartyB_229,HighRisk
C-114600 PartyA_14 PartyB_121,MediumRisk
C-103865 PartyA_282 PartyB_112,MediumRisk
C-112366 PartyA_9 PartyB_203,MediumRisk
C-114787 PartyA_55 PartyB_10,MediumRisk
C-119338 PartyA_279 PartyB_251,MediumRisk
C-112637 PartyA_61 PartyB_147,MediumRisk
C-100268 PartyA_197 PartyB_288,HighRisk
C-100518 PartyA_108 PartyB_276,MediumRisk
C-107159 PartyA_268 PartyB_152,HighRisk
C-122876 PartyA_233 PartyB_7,MediumRisk
C-115298 PartyA_193 PartyB_41,MediumRisk
C-106360 PartyA_177 PartyB_13,MediumRisk
C-117137 PartyA_81 PartyB_228,MediumRisk
C-102358 PartyA_162 PartyB_217,MediumRisk
C-106023 PartyA_16 PartyB_288,MediumRisk
C-114543 PartyA_93 PartyB_61,MediumRisk
C-119632 PartyA_80 PartyB_158,MediumRisk
C-121446 PartyA_61 PartyB_187,MediumRisk
C-117960 PartyA_225 PartyB_87,MediumRisk
C-100937 PartyA_216 PartyB_170,MediumRisk
C-119615 PartyA_102 PartyB_292,HighRisk
C-103459 PartyA_243 PartyB_29,MediumRisk
C-111521 PartyA_63 PartyB_209,MediumRisk
C-104965 PartyA_160 PartyB_243,MediumRisk
C-112845 PartyA_65 PartyB_44,MediumRisk
C-102774 PartyA_145 PartyB_53,MediumRisk
C-113870 PartyA_258 PartyB_83,HighRisk
C-103119 PartyA_48 PartyB_97,MediumRisk
C-108420 PartyA_131 PartyB_271,MediumRisk
C-101210 PartyA_171 PartyB_28,HighRisk
C-101085 PartyA_149 PartyB_52,MediumRisk
C-121914 PartyA_188 PartyB_288,HighRisk
C-115854 PartyA_288 PartyB_261,HighRisk
C-106218 PartyA_227 PartyB_101,MediumRisk
C-115922 PartyA_45 PartyB_143,HighRisk
C-110480 PartyA_30 PartyB_282,MediumRisk
C-108799 PartyA_7 PartyB_221,MediumRisk
C-109069 PartyA_97 PartyB_219,MediumRisk
C-121267 PartyA_115 PartyB_195,HighRisk
C-101769 PartyA_249 PartyB_147,HighRisk
C-113754 PartyA_69 PartyB_105,MediumRisk
C-111833 PartyA_245 PartyB_71,MediumRisk
C-110834 PartyA_293 PartyB_55,LowRisk
C-113702 PartyA_219 PartyB_210,MediumRisk
C-107626 PartyA_71 PartyB_260,HighRisk
C-124474 PartyA_134 PartyB_251,LowRisk
C-120855 PartyA_214 PartyB_145,MediumRisk
C-112584 PartyA_62 PartyB_129,MediumRisk
C-103562 PartyA_235 PartyB_287,HighRisk
C-106659 PartyA_101 PartyB_111,MediumRisk
C-100130 PartyA_208 PartyB_11,MediumRisk
C-116660 PartyA_53 PartyB_241,MediumRisk
C-103220 PartyA_244 PartyB_176,HighRisk
C-104880 PartyA_251 PartyB_219,HighRisk
C-104918 PartyA_161 PartyB_55,LowRisk
C-101176 PartyA_289 PartyB_85,HighRisk
C-122908 PartyA_166 PartyB_267,MediumRisk
C-101825 PartyA_271 PartyB_264,HighRisk
C-121254 PartyA_283 PartyB_81,HighRisk
C-111034 PartyA_99 PartyB_35,LowRisk
C-117083 PartyA_195 PartyB_265,HighRisk
C-100160 PartyA_170 PartyB_140,MediumRisk
C-108972 PartyA_27 PartyB_235,MediumRisk
C-116289 PartyA_144 PartyB_21,MediumRisk
C-117479 PartyA_243 PartyB_247,MediumRisk
C-113501 PartyA_163 PartyB_172,MediumRisk
C-101707 PartyA_245 PartyB_4,HighRisk
C-102216 PartyA_138 PartyB_254,LowRisk
C-106329 PartyA_260 PartyB_234,LowRisk
C-102995 PartyA_285 PartyB_24,MediumRisk
C-100398 PartyA_13 PartyB_196,MediumRisk
C-112215 PartyA_213 PartyB_57,MediumRisk
C-111935 PartyA_42 PartyB_90,MediumRisk
C-117446 PartyA_265 PartyB_18,HighRisk
C-116307 PartyA_60 PartyB_148,MediumRisk
C-112333 PartyA_97 PartyB_242,MediumRisk
C-115010 PartyA_93 PartyB_225,HighRisk
C-106713 PartyA_38 PartyB_149,LowRisk
C-103940 PartyA_208 PartyB_14,MediumRisk
C-115227 PartyA_176 PartyB_1,MediumRisk
C-109642 PartyA_129 PartyB_237,MediumRisk
C-112412 PartyA_248 PartyB_171,MediumRisk
C-116004 PartyA_35 PartyB_273,MediumRisk
C-114906 PartyA_2 PartyB_157,MediumRisk
C-105943 PartyA_113 PartyB_159,HighRisk
C-109897 PartyA_129 PartyB_15,MediumRisk
C-119768 PartyA_84 PartyB_166,MediumRisk
C-100449 PartyA_103 PartyB_266,MediumRisk
C-115541 PartyA_156 PartyB_279,MediumRisk
C-122680 PartyA_212 PartyB_57,MediumRisk
C-112189 PartyA_197 PartyB_184,MediumRisk
C-117768 PartyA_83 PartyB_290,MediumRisk
C-120214 PartyA_39 PartyB_51,LowRisk
C-110656 PartyA_130 PartyB_79,HighRisk
C-108727 PartyA_87 PartyB_228,MediumRisk
C-124358 PartyA_32 PartyB_163,HighRisk
C-106606 PartyA_202 PartyB_162,MediumRisk
C-116349 PartyA_57 PartyB_277,MediumRisk
C-100366 PartyA_223 PartyB_220,MediumRisk
C-114882 PartyA_18 PartyB_100,LowRisk
C-118082 PartyA_173 PartyB_179,MediumRisk
C-107559 PartyA_65 PartyB_242,MediumRisk
C-112796 PartyA_58 PartyB_54,HighRisk
C-118329 PartyA_54 PartyB_135,MediumRisk
C-113850 PartyA_66 PartyB_176,HighRisk
C-101890 PartyA_5 PartyB_73,HighRisk
C-115719 PartyA_126 PartyB_282,HighRisk
C-105203 PartyA_197 PartyB_66,MediumRisk
C-115959 PartyA_207 PartyB_149,HighRisk
C-105966 PartyA_67 PartyB_297,MediumRisk
C-124491 PartyA_278 PartyB_52,MediumRisk
C-111132 PartyA_97 PartyB_271,HighRisk
C-107583 PartyA_186 PartyB_104,MediumRisk
C-114040 PartyA_193 PartyB_92,HighRisk
C-101688 PartyA_232 PartyB_280,MediumRisk
C-114569 PartyA_211 PartyB_66,MediumRisk
C-112833 PartyA_250 PartyB_25,MediumRisk
C-123392 PartyA_226 PartyB_14,MediumRisk
C-104614 PartyA_93 PartyB_261,MediumRisk
C-117699 PartyA_252 PartyB_177,HighRisk
C-119171 PartyA_182 PartyB_139,MediumRisk
C-107149 PartyA_68 PartyB_163,MediumRisk
C-110947 PartyA_87 PartyB_76,MediumRisk
C-124383 PartyA_116 PartyB_63,MediumRisk
C-122246 PartyA_280 PartyB_100,HighRisk
C-104822 PartyA_273 PartyB_22,MediumRisk
C-120804 PartyA_46 PartyB_91,MediumRisk
C-114975 PartyA_62 PartyB_62,HighRisk
C-100454 PartyA_205 PartyB_176,MediumRisk
C-122762 PartyA_191 PartyB_188,HighRisk
C-106958 PartyA_89 PartyB_206,HighRisk
C-100164 PartyA_208 PartyB_187,MediumRisk
C-106740 PartyA_258 PartyB_234,HighRisk
C-100182 PartyA_47 PartyB_202,MediumRisk
C-110853 PartyA_126 PartyB_153,MediumRisk
C-120835 PartyA_46 PartyB_88,MediumRisk
C-116355 PartyA_149 PartyB_57,MediumRisk
C-124282 PartyA_63 PartyB_130,HighRisk
C-108291 PartyA_233 PartyB_12,MediumRisk
C-117814 PartyA_294 PartyB_1,HighRisk
C-110866 PartyA_200 PartyB_175,MediumRisk
C-103742 PartyA_180 PartyB_118,HighRisk
C-106356 PartyA_128 PartyB_45,MediumRisk
C-115664 PartyA_62 PartyB_240,MediumRisk
C-104787 PartyA_96 PartyB_75,MediumRisk
C-107087 PartyA_41 PartyB_45,HighRisk
C-100254 PartyA_299 PartyB_206,MediumRisk
C-104474 PartyA_254 PartyB_74,MediumRisk
C-114614 PartyA_152 PartyB_172,HighRisk
C-122173 PartyA_77 PartyB_105,MediumRisk
C-109619 PartyA_123 PartyB_165,HighRisk
C-109514 PartyA_237 PartyB_29,HighRisk
C-108766 PartyA_292 PartyB_225,MediumRisk
C-100933 PartyA_180 PartyB_96,MediumRisk
C-117501 PartyA_234 PartyB_86,MediumRisk
C-110092 PartyA_163 PartyB_248,HighRisk
C-120977 PartyA_163 PartyB_245,MediumRisk
C-111124 PartyA_213 PartyB_248,HighRisk
C-111066 PartyA_47 PartyB_215,HighRisk
C-117993 PartyA_246 PartyB_113,MediumRisk
C-114932 PartyA_135 PartyB_193,MediumRisk
C-105642 PartyA_193 PartyB_67,HighRisk
C-118502 PartyA_45 PartyB_189,LowRisk
C-115817 PartyA_123 PartyB_89,HighRisk
C-108262 PartyA_54 PartyB_35,MediumRisk
C-101037 PartyA_223 PartyB_163,HighRisk
C-123582 PartyA_198 PartyB_11,LowRisk
C-104848 PartyA_176 PartyB_93,MediumRisk
C-105996 PartyA_78 PartyB_174,MediumRisk
C-110461 PartyA_250 PartyB_38,MediumRisk
C-103357 PartyA_45 PartyB_2,MediumRisk
C-104415 PartyA_104 PartyB_54,MediumRisk
C-114580 PartyA_21 PartyB_20,MediumRisk
C-103179 PartyA_46 PartyB_70,MediumRisk
C-109282 PartyA_183 PartyB_293,MediumRisk
C-114954 PartyA_139 PartyB_69,MediumRisk
C-116481 PartyA_286 PartyB_10,LowRisk
C-103347 PartyA_222 PartyB_180,MediumRisk
C-107920 PartyA_289 PartyB_290,HighRisk
C-105000 PartyA_112 PartyB_163,MediumRisk
C-113423 PartyA_213 PartyB_5,MediumRisk
C-112868 PartyA_184 PartyB_29,MediumRisk
C-120449 PartyA_219 PartyB_147,HighRisk
C-119375 PartyA_287 PartyB_64,MediumRisk
C-121837 PartyA_105 PartyB_104,HighRisk
C-111761 PartyA_103 PartyB_88,MediumRisk
C-113286 PartyA_170 PartyB_25,MediumRisk
C-116699 PartyA_91 PartyB_58,MediumRisk
C-108685 PartyA_263 PartyB_277,MediumRisk
C-122750 PartyA_238 PartyB_82,MediumRisk
C-118670 PartyA_300 PartyB_47,MediumRisk
C-119917 PartyA_276 PartyB_24,HighRisk
C-107322 PartyA_164 PartyB_54,HighRisk
C-109391 PartyA_213 PartyB_238,MediumRisk
C-111291 PartyA_159 PartyB_100,MediumRisk
C-120043 PartyA_88 PartyB_25,MediumRisk
C-113522 PartyA_57 PartyB_22,HighRisk
C-110052 PartyA_7 PartyB_140,MediumRisk
C-106506 PartyA_282 PartyB_158,MediumRisk
C-117841 PartyA_75 PartyB_299,HighRisk
C-121982 PartyA_97 PartyB_236,MediumRisk
C-108366 PartyA_178 PartyB_104,MediumRisk
C-106848 PartyA_18 PartyB_298,HighRisk
C-115492 PartyA_167 PartyB_145,LowRisk
C-109052 PartyA_56 PartyB_24,MediumRisk
C-109564 PartyA_245 PartyB_3,MediumRisk
C-111979 PartyA_259 PartyB_144,MediumRisk
C-108043 PartyA_56 PartyB_147,HighRisk
C-116295 PartyA_280 PartyB_72,LowRisk
C-100304 PartyA_5 PartyB_172,MediumRisk
C-111961 PartyA_79 PartyB_297,HighRisk
C-106193 PartyA_103 PartyB_26,MediumRisk
C-107765 PartyA_277 PartyB_31,HighRisk
C-103920 PartyA_37 PartyB_242,HighRisk
C-118938 PartyA_95 PartyB_206,MediumRisk
C-114875 PartyA_92 PartyB_267,LowRisk
C-107077 PartyA_132 PartyB_63,MediumRisk
C-105952 PartyA_222 PartyB_43,MediumRisk
C-111180 PartyA_64 PartyB_229,HighRisk
C-106075 PartyA_287 PartyB_142,MediumRisk
C-119966 PartyA_15 PartyB_118,HighRisk
C-117510 PartyA_126 PartyB_250,MediumRisk
C-115353 PartyA_112 PartyB_239,MediumRisk
C-108728 PartyA_92 PartyB_251,HighRisk
C-101139 PartyA_230 PartyB_210,MediumRisk
C-108944 PartyA_136 PartyB_131,HighRisk
C-100468 PartyA_216 PartyB_293,MediumRisk
C-113531 PartyA_275 PartyB_11,HighRisk
C-121473 PartyA_198 PartyB_248,MediumRisk
C-100617 PartyA_42 PartyB_4,MediumRisk
C-101310 PartyA_224 PartyB_284,MediumRisk
C-119862 PartyA_113 PartyB_267,MediumRisk
C-121522 PartyA_131 PartyB_93,HighRisk
C-105300 PartyA_6 PartyB_239,MediumRisk
C-105905 PartyA_12 PartyB_114,HighRisk
C-103251 PartyA_28 PartyB_4,LowRisk
C-114550 PartyA_186 PartyB_153,MediumRisk
C-117403 PartyA_66 PartyB_9,MediumRisk
C-110104 PartyA_60 PartyB_217,MediumRisk
C-124030 PartyA_290 PartyB_204,HighRisk
C-122458 PartyA_113 PartyB_215,HighRisk
C-114700 PartyA_127 PartyB_10,HighRisk
C-108758 PartyA_127 PartyB_30,MediumRisk
C-107264 PartyA_87 PartyB_203,MediumRisk
C-110376 PartyA_56 PartyB_253,LowRisk
C-115348 PartyA_132 PartyB_6,HighRisk
C-124660 PartyA_96 PartyB_256,MediumRisk
C-120237 PartyA_278 PartyB_190,HighRisk
C-110191 PartyA_102 PartyB_198,HighRisk
C-124864 PartyA_138 PartyB_262,MediumRisk
C-100289 PartyA_256 PartyB_37,HighRisk
C-102656 PartyA_49 PartyB_41,MediumRisk
C-103478 PartyA_219 PartyB_206,MediumRisk
C-108699 PartyA_163 PartyB_298,MediumRisk
C-122634 PartyA_213 PartyB_110,HighRisk
C-102657 PartyA_70 PartyB_243,MediumRisk
C-105518 PartyA_35 PartyB_269,HighRisk
C-120289 PartyA_20 PartyB_195,HighRisk
C-103526 PartyA_11 PartyB_124,MediumRisk
C-101876 PartyA_2 PartyB_143,MediumRisk
C-121308 PartyA_42 PartyB_293,HighRisk
C-112353 PartyA_233 PartyB_220,HighRisk
C-107638 PartyA_252 PartyB_121,MediumRisk
C-110385 PartyA_39 PartyB_183,MediumRisk
C-107831 PartyA_294 PartyB_115,MediumRisk
C-109198 PartyA_294 PartyB_188,MediumRisk
C-111955 PartyA_152 PartyB_193,HighRisk
C-116534 PartyA_288 PartyB_289,HighRisk
C-102596 PartyA_115 PartyB_285,MediumRisk
C-113631 PartyA_151 PartyB_49,HighRisk
C-104797 PartyA_184 PartyB_43,HighRisk
C-104488 PartyA_264 PartyB_146,HighRisk
C-100377 PartyA_234 PartyB_152,HighRisk
C-100357 PartyA_142 PartyB_134,MediumRisk
C-124066 PartyA_140 PartyB_280,HighRisk
C-124329 PartyA_82 PartyB_2,MediumRisk
C-114735 PartyA_107 PartyB_119,HighRisk
C-114193 PartyA_223 PartyB_17,MediumRisk
C-111482 PartyA_73 PartyB_240,HighRisk
C-119838 PartyA_116 PartyB_191,HighRisk
C-105537 PartyA_200 PartyB_125,MediumRisk
C-115157 PartyA_245 PartyB_31,MediumRisk
C-121399 PartyA_224 PartyB_64,MediumRisk
C-102087 PartyA_114 PartyB_192,HighRisk
C-122657 PartyA_49 PartyB_45,MediumRisk
C-107504 PartyA_112 PartyB_150,MediumRisk
C-121031 PartyA_173 PartyB_242,MediumRisk
C-110676 PartyA_229 PartyB_212,HighRisk
C-117635 PartyA_120 PartyB_290,MediumRisk
C-105809 PartyA_108 PartyB_296,MediumRisk
C-112116 PartyA_294 PartyB_289,MediumRisk
C-104352 PartyA_216 PartyB_242,HighRisk
C-107144 PartyA_46 PartyB_211,MediumRisk
C-106064 PartyA_142 PartyB_35,LowRisk
C-115192 PartyA_140 PartyB_246,HighRisk
C-118534 PartyA_46 PartyB_238,HighRisk
C-121137 PartyA_59 PartyB_49,LowRisk
C-124653 PartyA_73 PartyB_19,HighRisk
C-108805 PartyA_49 PartyB_161,MediumRisk
C-121710 PartyA_190 PartyB_270,HighRisk
C-124451 PartyA_82 PartyB_186,LowRisk
C-109423 PartyA_13 PartyB_251,MediumRisk
C-106056 PartyA_272 PartyB_106,MediumRisk
C-116841 PartyA_186 PartyB_172,MediumRisk
C-122800 PartyA_7 PartyB_88,MediumRisk
C-121109 PartyA_216 PartyB_71,MediumRisk
C-118125 PartyA_34 PartyB_93,MediumRisk
C-105385 PartyA_263 PartyB_115,MediumRisk
C-104318 PartyA_263 PartyB_13,MediumRisk
C-102652 PartyA_97 PartyB_41,MediumRisk
C-106017 PartyA_33 PartyB_292,MediumRisk
C-111587 PartyA_266 PartyB_26,HighRisk
C-119444 PartyA_194 PartyB_10,HighRisk
C-121062 PartyA_296 PartyB_136,HighRisk
C-113582 PartyA_75 PartyB_237,MediumRisk
C-119616 PartyA_131 PartyB_290,MediumRisk
C-106473 PartyA_17 PartyB_166,LowRisk
C-100113 PartyA_33 PartyB_244,LowRisk
C-112423 PartyA_285 PartyB_201,MediumRisk
C-100472 PartyA_44 PartyB_200,HighRisk
C-121615 PartyA_65 PartyB_26,MediumRisk
C-118522 PartyA_237 PartyB_191,MediumRisk
C-110128 PartyA_181 PartyB_32,MediumRisk
C-105866 PartyA_116 PartyB_117,HighRisk
C-113827 PartyA_25 PartyB_226,MediumRisk
C-117504 PartyA_239 PartyB_136,LowRisk
C-100848 PartyA_292 PartyB_49,HighRisk
C-105049 PartyA_281 PartyB_177,MediumRisk
C-104571 PartyA_27 PartyB_146,MediumRisk
C-111928 PartyA_170 PartyB_140,MediumRisk
C-111265 PartyA_72 PartyB_225,MediumRisk
C-118251 PartyA_10 PartyB_67,MediumRisk
C-115013 PartyA_9 PartyB_232,MediumRisk
C-118630 PartyA_280 PartyB_265,HighRisk
C-121416 PartyA_133 PartyB_132,HighRisk
C-109115 PartyA_255 PartyB_216,HighRisk
C-124131 PartyA_55 PartyB_272,MediumRisk
C-111740 PartyA_67 PartyB_187,MediumRisk
C-109427 PartyA_280 PartyB_297,MediumRisk
C-100135 PartyA_35 PartyB_241,MediumRisk
C-109545 PartyA_232 PartyB_73,MediumRisk
C-118010 PartyA_167 PartyB_260,LowRisk
C-117540 PartyA_253 PartyB_198,MediumRisk
C-116697 PartyA_277 PartyB_21,MediumRisk
C-119079 PartyA_128 PartyB_280,MediumRisk
C-110226 PartyA_243 PartyB_200,MediumRisk
C-102584 PartyA_57 PartyB_250,MediumRisk
C-117927 PartyA_20 PartyB_228,MediumRisk
C-108790 PartyA_298 PartyB_248,MediumRisk
C-122595 PartyA_103 PartyB_86,HighRisk
C-103039 PartyA_149 PartyB_279,MediumRisk
C-124169 PartyA_271 PartyB_39,MediumRisk
C-115628 PartyA_288 PartyB_123,MediumRisk
C-103997 PartyA_110 PartyB_143,MediumRisk
C-112491 PartyA_15 PartyB_280,MediumRisk
C-116441 PartyA_221 PartyB_254,MediumRisk
C-106566 PartyA_287 PartyB_186,HighRisk
C-112973 PartyA_17 PartyB_215,HighRisk
C-111359 PartyA_175 PartyB_117,LowRisk
C-119629 PartyA_219 PartyB_111,HighRisk
C-100425 PartyA_115 PartyB_149,MediumRisk
C-120156 PartyA_266 PartyB_69,MediumRisk
C-105268 PartyA_73 PartyB_91,MediumRisk
C-110290 PartyA_202 PartyB_214,MediumRisk
C-104693 PartyA_95 PartyB_283,MediumRisk
C-109402 PartyA_45 PartyB_80,MediumRisk
C-119733 PartyA_115 PartyB_96,MediumRisk
C-106810 PartyA_88 PartyB_159,MediumRisk
C-102531 PartyA_228 PartyB_213,MediumRisk
C-124186 PartyA_259 PartyB_134,MediumRisk
C-109418 PartyA_29 PartyB_299,HighRisk
C-122352 PartyA_209 PartyB_152,MediumRisk
C-122080 PartyA_190 PartyB_269,MediumRisk
C-122340 PartyA_102 PartyB_111,LowRisk
C-107015 PartyA_46 PartyB_29,MediumRisk
C-113208 PartyA_192 PartyB_102,MediumRisk
C-104111 PartyA_160 PartyB_224,MediumRisk
C-112542 PartyA_8 PartyB_158,MediumRisk
C-116705 PartyA_2 PartyB_135,MediumRisk
C-111912 PartyA_4 PartyB_171,MediumRisk
C-105360 PartyA_40 PartyB_265,MediumRisk
C-121181 PartyA_226 PartyB_235,HighRisk
C-112974 PartyA_2 PartyB_252,MediumRisk
C-105235 PartyA_149 PartyB_292,LowRisk
C-123077 PartyA_29 PartyB_13,HighRisk
C-102197 PartyA_117 PartyB_197,HighRisk
C-112257 PartyA_229 PartyB_67,HighRisk
C-108700 PartyA_297 PartyB_134,MediumRisk
C-111285 PartyA_77 PartyB_52,MediumRisk
C-100653 PartyA_252 PartyB_163,HighRisk
C-112953 PartyA_42 PartyB_78,MediumRisk
C-113454 PartyA_39 PartyB_106,MediumRisk
C-107662 PartyA_33 PartyB_187,MediumRisk
C-103234 PartyA_208 PartyB_248,HighRisk
C-114850 PartyA_237 PartyB_21,MediumRisk
C-124815 PartyA_94 PartyB_167,MediumRisk
C-120380 PartyA_31 PartyB_174,MediumRisk
C-119812 PartyA_119 PartyB_161,MediumRisk
C-108565 PartyA_106 PartyB_13,HighRisk
C-102099 PartyA_237 PartyB_166,MediumRisk
C-119244 PartyA_256 PartyB_8,MediumRisk
C-114133 PartyA_234 PartyB_89,MediumRisk
C-116570 PartyA_100 PartyB_81,MediumRisk
C-101275 PartyA_111 PartyB_258,HighRisk
C-113054 PartyA_228 PartyB_129,MediumRisk
C-110242 PartyA_76 PartyB_293,MediumRisk
C-104304 PartyA_99 PartyB_198,MediumRisk
C-115098 PartyA_28 PartyB_37,MediumRisk
C-112798 PartyA_278 PartyB_271,MediumRisk
C-117705 PartyA_257 PartyB_86,MediumRisk
C-102132 PartyA_264 PartyB_216,MediumRisk
C-112969 PartyA_160 PartyB_175,HighRisk
C-119746 PartyA_4 PartyB_52,MediumRisk
C-114085 PartyA_275 PartyB_176,LowRisk
C-120334 PartyA_48 PartyB_153,MediumRisk
C-109054 PartyA_128 PartyB_226,HighRisk
C-115535 PartyA_50 PartyB_43,MediumRisk
C-110287 PartyA_19 PartyB_148,MediumRisk
C-124138 PartyA_278 PartyB_172,HighRisk
C-123130 PartyA_83 PartyB_289,MediumRisk
C-119904 PartyA_42 PartyB_63,MediumRisk
C-108830 PartyA_85 PartyB_178,LowRisk
C-104132 PartyA_182 PartyB_95,MediumRisk
C-104622 PartyA_30 PartyB_101,HighRisk
C-100566 PartyA_183 PartyB_160,MediumRisk
C-123981 PartyA_65 PartyB_82,MediumRisk
C-108973 PartyA_268 PartyB_283,HighRisk
C-114902 PartyA_130 PartyB_213,HighRisk
C-118552 PartyA_125 PartyB_188,MediumRisk
C-105381 PartyA_33 PartyB_181,HighRisk
C-112425 PartyA_96 PartyB_83,LowRisk
C-105458 PartyA_174 PartyB_267,LowRisk
C-121652 PartyA_283 PartyB_202,HighRisk
C-123059 PartyA_212 PartyB_105,MediumRisk
C-119131 PartyA_20 PartyB_300,MediumRisk
C-106947 PartyA_188 PartyB_263,HighRisk
C-115759 PartyA_238 PartyB_138,HighRisk
C-114710 PartyA_206 PartyB_261,MediumRisk
C-110868 PartyA_178 PartyB_223,HighRisk
C-101795 PartyA_280 PartyB_217,MediumRisk
C-118003 PartyA_291 PartyB_62,MediumRisk
C-113367 PartyA_203 PartyB_269,MediumRisk
C-101057 PartyA_201 PartyB_202,MediumRisk
C-107687 PartyA_265 PartyB_11,HighRisk
C-102629 PartyA_282 PartyB_97,MediumRisk
C-121759 PartyA_187 PartyB_164,LowRisk
C-114637 PartyA_125 PartyB_13,HighRisk
C-104816 PartyA_208 PartyB_5,LowRisk
C-115344 PartyA_59 PartyB_181,MediumRisk
C-116181 PartyA_3 PartyB_220,MediumRisk
C-122046 PartyA_3 PartyB_2,MediumRisk
C-120565 PartyA_241 PartyB_173,HighRisk
C-114805 PartyA_267 PartyB_203,HighRisk
C-100445 PartyA_47 PartyB_75,MediumRisk
C-121232 PartyA_242 PartyB_56,MediumRisk
C-108913 PartyA_106 PartyB_120,MediumRisk
C-104800 PartyA_217 PartyB_57,MediumRisk
C-102543 PartyA_17 PartyB_111,MediumRisk
C-104623 PartyA_65 PartyB_222,MediumRisk
C-122492 PartyA_67 PartyB_275,MediumRisk
C-120758 PartyA_180 PartyB_204,MediumRisk
C-118385 PartyA_29 PartyB_228,HighRisk
C-108612 PartyA_46 PartyB_115,HighRisk
C-100284 PartyA_197 PartyB_46,HighRisk
C-100998 PartyA_288 PartyB_5,HighRisk
C-121614 PartyA_189 PartyB_99,HighRisk
C-105020 PartyA_117 PartyB_250,MediumRisk
C-122530 PartyA_251 PartyB_180,MediumRisk
C-109851 PartyA_242 PartyB_1,HighRisk
C-107361 PartyA_46 PartyB_145,HighRisk
C-117621 PartyA_148 PartyB_113,MediumRisk
C-118966 PartyA_147 PartyB_239,MediumRisk
C-122836 PartyA_248 PartyB_77,MediumRisk
C-104768 PartyA_26 PartyB_161,HighRisk
C-104281 PartyA_214 PartyB_26,MediumRisk
C-107199 PartyA_283 PartyB_200,HighRisk
C-120901 PartyA_259 PartyB_220,MediumRisk
C-104533 PartyA_18 PartyB_90,MediumRisk
C-122872 PartyA_10 PartyB_67,HighRisk
C-113355 PartyA_163 PartyB_10,MediumRisk
C-107530 PartyA_18 PartyB_229,MediumRisk
C-112085 PartyA_51 PartyB_91,LowRisk
C-107040 PartyA_84 PartyB_214,HighRisk
C-115863 PartyA_227 PartyB_254,HighRisk
C-103661 PartyA_40 PartyB_30,LowRisk
C-123444 PartyA_66 PartyB_14,HighRisk
C-108352 PartyA_20 PartyB_105,MediumRisk
C-105426 PartyA_148 PartyB_46,MediumRisk
C-102379 PartyA_261 PartyB_183,MediumRisk
C-124154 PartyA_69 PartyB_151,MediumRisk
C-124906 PartyA_224 PartyB_139,HighRisk
C-100682 PartyA_249 PartyB_262,MediumRisk
C-100111 PartyA_2 PartyB_142,HighRisk
C-122901 PartyA_81 PartyB_122,MediumRisk
C-108342 PartyA_170 PartyB_21,HighRisk
C-107324 PartyA_80 PartyB_159,MediumRisk
C-120312 PartyA_183 PartyB_161,HighRisk
C-114656 PartyA_151 PartyB_60,MediumRisk
C-103411 PartyA_281 PartyB_159,MediumRisk
C-103977 PartyA_9 PartyB_99,MediumRisk
C-117531 PartyA_268 PartyB_130,MediumRisk
C-120990 PartyA_291 PartyB_4,HighRisk
C-107393 PartyA_270 PartyB_246,HighRisk
C-122263 PartyA_115 PartyB_228,MediumRisk
C-124153 PartyA_254 PartyB_232,HighRisk
C-109240 PartyA_170 PartyB_124,HighRisk
C-122765 PartyA_220 PartyB_196,HighRisk
C-104315 PartyA_177 PartyB_162,HighRisk
C-112656 PartyA_61 PartyB_198,MediumRisk
C-111297 PartyA_38 PartyB_256,MediumRisk
C-114177 PartyA_245 PartyB_41,LowRisk
C-110342 PartyA_208 PartyB_178,HighRisk
C-102661 PartyA_38 PartyB_224,MediumRisk
C-118039 PartyA_213 PartyB_196,MediumRisk
C-105702 PartyA_104 PartyB_68,HighRisk
C-122938 PartyA_229 PartyB_218,MediumRisk
C-107020 PartyA_289 PartyB_95,HighRisk
C-118795 PartyA_78 PartyB_100,MediumRisk
C-109938 PartyA_10 PartyB_190,MediumRisk
C-103788 PartyA_223 PartyB_86,HighRisk
C-110448 PartyA_217 PartyB_285,HighRisk
C-115709 PartyA_174 PartyB_130,HighRisk
C-109672 PartyA_87 PartyB_230,HighRisk
C-106259 PartyA_294 PartyB_69,MediumRisk
C-109747 PartyA_163 PartyB_242,HighRisk
C-107599 PartyA_104 PartyB_19,MediumRisk
C-118763 PartyA_273 PartyB_214,MediumRisk
C-118337 PartyA_229 PartyB_161,MediumRisk
C-105942 PartyA_260 PartyB_193,MediumRisk
C-109909 PartyA_198 PartyB_67,MediumRisk
C-113052 PartyA_139 PartyB_227,MediumRisk
C-119618 PartyA_202 PartyB_211,MediumRisk
C-100648 PartyA_177 PartyB_76,MediumRisk
C-115499 PartyA_292 PartyB_26,MediumRisk
C-107334 PartyA_244 PartyB_196,LowRisk
C-119773 PartyA_278 PartyB_230,MediumRisk
C-121580 PartyA_22 PartyB_267,MediumRisk
C-106220 PartyA_295 PartyB_81,MediumRisk
C-117791 PartyA_229 PartyB_285,HighRisk
C-121860 PartyA_232 PartyB_259,MediumRisk
C-122542 PartyA_250 PartyB_159,MediumRisk
C-118837 PartyA_105 PartyB_167,MediumRisk
C-103651 PartyA_127 PartyB_29,MediumRisk
C-107411 PartyA_56 PartyB_14,MediumRisk
C-103684 PartyA_23 PartyB_31,MediumRisk
C-118809 PartyA_79 PartyB_258,LowRisk
C-118669 PartyA_67 PartyB_263,MediumRisk
C-102481 PartyA_101 PartyB_281,MediumRisk
C-116677 PartyA_108 PartyB_170,MediumRisk
C-119671 PartyA_275 PartyB_106,HighRisk
C-106903 PartyA_108 PartyB_47,MediumRisk
C-120161 PartyA_130 PartyB_201,MediumRisk
C-112250 PartyA_209 PartyB_109,MediumRisk
C-107532 PartyA_165 PartyB_144,MediumRisk
C-111888 PartyA_131 PartyB_263,HighRisk
C-109047 PartyA_139 PartyB_172,HighRisk
C-123011 PartyA_256 PartyB_125,MediumRisk
C-111844 PartyA_90 PartyB_206,HighRisk
C-101602 PartyA_17 PartyB_61,HighRisk
C-116831 PartyA_179 PartyB_231,MediumRisk
C-112907 PartyA_59 PartyB_239,MediumRisk
C-103475 PartyA_143 PartyB_293,MediumRisk
C-113294 PartyA_167 PartyB_172,MediumRisk
C-122465 PartyA_285 PartyB_224,MediumRisk
C-117671 PartyA_221 PartyB_219,MediumRisk
C-120072 PartyA_197 PartyB_41,MediumRisk
C-124321 PartyA_225 PartyB_253,HighRisk
C-107121 PartyA_171 PartyB_228,MediumRisk
C-118282 PartyA_108 PartyB_80,MediumRisk
C-123313 PartyA_199 PartyB_21,HighRisk
C-124109 PartyA_232 PartyB_24,MediumRisk
C-112284 PartyA_234 PartyB_134,MediumRisk
C-122327 PartyA_4 PartyB_48,MediumRisk
C-107068 PartyA_67 PartyB_172,MediumRisk
C-118867 PartyA_169 PartyB_147,MediumRisk
C-121912 PartyA_193 PartyB_210,MediumRisk
C-111576 PartyA_140 PartyB_61,MediumRisk
C-122122 PartyA_117 PartyB_69,MediumRisk
C-114964 PartyA_226 PartyB_122,HighRisk
C-108822 PartyA_213 PartyB_199,MediumRisk
C-108499 PartyA_172 PartyB_45,HighRisk
C-116966 PartyA_68 PartyB_11,MediumRisk
C-100084 PartyA_283 PartyB_209,MediumRisk
C-116656 PartyA_137 PartyB_229,HighRisk
C-103851 PartyA_252 PartyB_147,LowRisk
C-113608 PartyA_94 PartyB_61,MediumRisk
C-112594 PartyA_167 PartyB_155,LowRisk
C-114146 PartyA_27 PartyB_237,MediumRisk
C-103607 PartyA_34 PartyB_285,HighRisk
C-123756 PartyA_110 PartyB_48,HighRisk
C-106153 PartyA_95 PartyB_157,MediumRisk
C-122633 PartyA_34 PartyB_93,MediumRisk
C-101320 PartyA_268 PartyB_53,HighRisk
C-118012 PartyA_21 PartyB_38,MediumRisk
C-118234 PartyA_15 PartyB_4,MediumRisk
C-120554 PartyA_64 PartyB_25,MediumRisk
C-105380 PartyA_78 PartyB_191,HighRisk
C-105817 PartyA_188 PartyB_299,LowRisk
C-123749 PartyA_233 PartyB_282,MediumRisk
C-123374 PartyA_34 PartyB_197,MediumRisk
C-106115 PartyA_294 PartyB_190,HighRisk
C-117419 PartyA_174 PartyB_271,MediumRisk
C-108360 PartyA_48 PartyB_220,HighRisk
C-119147 PartyA_87 PartyB_104,MediumRisk
C-101143 PartyA_295 PartyB_161,MediumRisk
C-108486 PartyA_95 PartyB_30,MediumRisk
C-100551 PartyA_287 PartyB_109,MediumRisk
C-111438 PartyA_243 PartyB_169,HighRisk
C-124971 PartyA_72 PartyB_6,HighRisk
C-108590 PartyA_240 PartyB_262,MediumRisk
C-124349 PartyA_23 PartyB_225,MediumRisk
C-102803 PartyA_110 PartyB_261,MediumRisk
C-115286 PartyA_196 PartyB_137,MediumRisk
C-100149 PartyA_146 PartyB_43,HighRisk
C-103069 PartyA_142 PartyB_161,HighRisk
C-108684 PartyA_97 PartyB_208,MediumRisk
C-100094 PartyA_290 PartyB_93,MediumRisk
C-107625 PartyA_189 PartyB_1,MediumRisk
C-124629 PartyA_103 PartyB_37,MediumRisk
C-112311 PartyA_189 PartyB_205,MediumRisk
C-100914 PartyA_296 PartyB_252,HighRisk
C-110319 PartyA_40 PartyB_89,MediumRisk
C-123856 PartyA_252 PartyB_182,MediumRisk
C-112745 PartyA_210 PartyB_272,MediumRisk
C-118984 PartyA_90 PartyB_288,MediumRisk
C-101496 PartyA_83 PartyB_47,HighRisk
C-123830 PartyA_123 PartyB_9,MediumRisk
C-109442 PartyA_40 PartyB_272,MediumRisk
C-111614 PartyA_145 PartyB_236,LowRisk
C-104885 PartyA_121 PartyB_195,MediumRisk
C-124177 PartyA_72 PartyB_270,HighRisk
C-118075 PartyA_231 PartyB_85,LowRisk
C-112440 PartyA_64 PartyB_220,HighRisk
C-107873 PartyA_157 PartyB_293,MediumRisk
C-119058 PartyA_53 PartyB_167,HighRisk
C-113924 PartyA_219 PartyB_233,MediumRisk
C-114897 PartyA_51 PartyB_189,LowRisk
C-114137 PartyA_108 PartyB_219,HighRisk
C-110203 PartyA_253 PartyB_203,MediumRisk
C-104901 PartyA_18 PartyB_2,MediumRisk
C-122105 PartyA_235 PartyB_237,MediumRisk
C-111203 PartyA_79 PartyB_146,HighRisk
C-123835 PartyA_96 PartyB_254,MediumRisk
C-119378 PartyA_232 PartyB_224,MediumRisk
C-117487 PartyA_104 PartyB_31,MediumRisk
C-107284 PartyA_139 PartyB_269,HighRisk
C-105568 PartyA_7 PartyB_57,MediumRisk
C-101967 PartyA_238 PartyB_226,HighRisk
C-119443 PartyA_63 PartyB_297,HighRisk
C-118262 PartyA_180 PartyB_8,MediumRisk
C-124865 PartyA_266 PartyB_285,MediumRisk
C-101634 PartyA_253 PartyB_111,HighRisk
C-116367 PartyA_49 PartyB_227,MediumRisk
C-107402 PartyA_277 PartyB_245,HighRisk
C-124287 PartyA_175 PartyB_116,MediumRisk
C-119113 PartyA_133 PartyB_292,MediumRisk
C-114515 PartyA_179 PartyB_85,HighRisk
C-100622 PartyA_108 PartyB_223,MediumRisk
C-106246 PartyA_255 PartyB_283,MediumRisk
C-100926 PartyA_209 PartyB_161,MediumRisk
C-113896 PartyA_295 PartyB_169,MediumRisk
C-115117 PartyA_254 PartyB_242,MediumRisk
C-124834 PartyA_28 PartyB_182,HighRisk
C-116175 PartyA_240 PartyB_297,HighRisk
C-109758 PartyA_165 PartyB_31,MediumRisk
C-101332 PartyA_135 PartyB_75,LowRisk
C-109224 PartyA_146 PartyB_96,MediumRisk
C-105149 PartyA_271 PartyB_168,HighRisk
C-124094 PartyA_178 PartyB_115,LowRisk
C-102688 PartyA_73 PartyB_218,MediumRisk
C-101714 PartyA_146 PartyB_267,MediumRisk
C-117273 PartyA_227 PartyB_157,MediumRisk
C-114848 PartyA_208 PartyB_162,MediumRisk
C-102059 PartyA_256 PartyB_158,MediumRisk
C-109544 PartyA_92 PartyB_186,HighRisk
C-114666 PartyA_80 PartyB_249,MediumRisk
C-108523 PartyA_130 PartyB_134,MediumRisk
C-103855 PartyA_261 PartyB_25,MediumRisk
C-124571 PartyA_255 PartyB_202,HighRisk
C-108122 PartyA_291 PartyB_51,LowRisk
C-107518 PartyA_50 PartyB_127,HighRisk
C-120671 PartyA_278 PartyB_150,MediumRisk
C-108508 PartyA_78 PartyB_18,MediumRisk
C-107580 PartyA_31 PartyB_242,MediumRisk
C-121409 PartyA_105 PartyB_248,MediumRisk
C-117763 PartyA_115 PartyB_260,MediumRisk
C-107845 PartyA_181 PartyB_298,MediumRisk
C-114630 PartyA_67 PartyB_143,HighRisk
C-123743 PartyA_262 PartyB_177,HighRisk
C-102818 PartyA_80 PartyB_89,LowRisk
C-111165 PartyA_296 PartyB_126,MediumRisk
C-100950 PartyA_274 PartyB_79,HighRisk
C-105362 PartyA_198 PartyB_142,LowRisk
C-110726 PartyA_251 PartyB_145,HighRisk
C-116953 PartyA_268 PartyB_90,HighRisk
C-118773 PartyA_134 PartyB_219,LowRisk
C-109508 PartyA_50 PartyB_286,MediumRisk
C-109539 PartyA_34 PartyB_271,MediumRisk
C-118577 PartyA_220 PartyB_125,MediumRisk
C-121869 PartyA_268 PartyB_256,MediumRisk
C-106385 PartyA_9 PartyB_146,MediumRisk
C-101639 PartyA_37 PartyB_64,MediumRisk
C-105200 PartyA_235 PartyB_289,MediumRisk
C-111201 PartyA_285 PartyB_11,MediumRisk
C-112527 PartyA_290 PartyB_140,HighRisk
C-106451 PartyA_98 PartyB_75,MediumRisk
C-109535 PartyA_43 PartyB_182,LowRisk
C-114171 PartyA_279 PartyB_64,HighRisk
C-123155 PartyA_136 PartyB_67,MediumRisk
C-118883 PartyA_34 PartyB_212,HighRisk
C-121033 PartyA_35 PartyB_115,HighRisk
C-111850 PartyA_45 PartyB_286,MediumRisk
C-107316 PartyA_195 PartyB_127,MediumRisk
C-101965 PartyA_178 PartyB_219,MediumRisk
C-111274 PartyA_203 PartyB_213,HighRisk
C-121729 PartyA_129 PartyB_91,MediumRisk
C-123993 PartyA_195 PartyB_255,MediumRisk
C-102025 PartyA_79 PartyB_209,MediumRisk
C-112102 PartyA_168 PartyB_184,HighRisk
C-109913 PartyA_203 PartyB_209,HighRisk
C-113586 PartyA_209 PartyB_22,MediumRisk
C-104963 PartyA_54 PartyB_203,MediumRisk
C-104127 PartyA_45 PartyB_163,MediumRisk
C-122285 PartyA_50 PartyB_206,MediumRisk
C-107681 PartyA_211 PartyB_168,LowRisk
C-115495 PartyA_193 PartyB_260,MediumRisk
C-102928 PartyA_215 PartyB_182,MediumRisk
C-121095 PartyA_247 PartyB_189,LowRisk
C-101790 PartyA_206 PartyB_171,MediumRisk
C-106954 PartyA_218 PartyB_43,HighRisk
C-121983 PartyA_27 PartyB_88,HighRisk
C-118364 PartyA_164 PartyB_185,MediumRisk
C-116445 PartyA_144 PartyB_70,HighRisk
C-107026 PartyA_248 PartyB_149,MediumRisk
C-123429 PartyA_12 PartyB_33,MediumRisk
C-106707 PartyA_172 PartyB_153,MediumRisk
C-114454 PartyA_40 PartyB_181,HighRisk
C-111436 PartyA_228 PartyB_193,HighRisk
C-101593 PartyA_101 PartyB_126,MediumRisk
C-104383 PartyA_132 PartyB_135,MediumRisk
C-107527 PartyA_177 PartyB_194,MediumRisk
C-100700 PartyA_164 PartyB_33,LowRisk
C-118801 PartyA_119 PartyB_117,MediumRisk
C-115714 PartyA_197 PartyB_268,MediumRisk
C-119290 PartyA_149 PartyB_254,LowRisk
C-104029 PartyA_237 PartyB_198,MediumRisk
C-100764 PartyA_78 PartyB_295,MediumRisk
C-113242 PartyA_91 PartyB_62,HighRisk
C-120296 PartyA_245 PartyB_12,MediumRisk
C-104342 PartyA_153 PartyB_29,MediumRisk
C-100758 PartyA_55 PartyB_53,MediumRisk
C-110608 PartyA_172 PartyB_59,MediumRisk
C-106598 PartyA_113 PartyB_2,MediumRisk
C-123603 PartyA_239 PartyB_152,MediumRisk
C-118886 PartyA_188 PartyB_58,HighRisk
C-100038 PartyA_177 PartyB_161,MediumRisk
C-103613 PartyA_180 PartyB_59,MediumRisk
C-124970 PartyA_148 PartyB_185,MediumRisk
C-105274 PartyA_45 PartyB_253,HighRisk
C-115280 PartyA_22 PartyB_77,LowRisk
C-107203 PartyA_268 PartyB_42,MediumRisk
C-102894 PartyA_240 PartyB_95,MediumRisk
C-105046 PartyA_71 PartyB_267,HighRisk
C-116357 PartyA_110 PartyB_179,MediumRisk
C-114219 PartyA_83 PartyB_260,MediumRisk
C-124167 PartyA_228 PartyB_203,MediumRisk
C-109245 PartyA_160 PartyB_56,HighRisk
C-122546 PartyA_180 PartyB_121,MediumRisk
C-110491 PartyA_49 PartyB_73,MediumRisk
C-108698 PartyA_227 PartyB_123,HighRisk
C-124616 PartyA_204 PartyB_26,HighRisk
C-111223 PartyA_98 PartyB_7,HighRisk
C-107572 PartyA_167 PartyB_130,HighRisk
C-106301 PartyA_128 PartyB_163,MediumRisk
C-102807 PartyA_262 PartyB_265,MediumRisk
C-119011 PartyA_212 PartyB_245,MediumRisk
C-118686 PartyA_49 PartyB_244,HighRisk
C-108496 PartyA_125 PartyB_157,MediumRisk
C-121943 PartyA_289 PartyB_292,MediumRisk
C-122205 PartyA_88 PartyB_2,MediumRisk
C-110984 PartyA_176 PartyB_58,MediumRisk
C-109178 PartyA_204 PartyB_207,MediumRisk
C-123772 PartyA_62 PartyB_147,MediumRisk
C-123466 PartyA_134 PartyB_217,MediumRisk
C-116976 PartyA_217 PartyB_290,MediumRisk
C-100252 PartyA_282 PartyB_14,HighRisk
C-115201 PartyA_22 PartyB_286,MediumRisk
C-105082 PartyA_185 PartyB_187,MediumRisk
C-100511 PartyA_229 PartyB_295,MediumRisk
C-119301 PartyA_189 PartyB_47,MediumRisk
C-112038 PartyA_207 PartyB_254,MediumRisk
C-121333 PartyA_223 PartyB_158,MediumRisk
C-103333 PartyA_36 PartyB_246,HighRisk
C-122561 PartyA_240 PartyB_242,MediumRisk
C-114405 PartyA_128 PartyB_164,HighRisk
C-108405 PartyA_56 PartyB_130,MediumRisk
C-110739 PartyA_143 PartyB_88,LowRisk
C-113697 PartyA_192 PartyB_111,MediumRisk
C-109060 PartyA_248 PartyB_253,HighRisk
C-100750 PartyA_263 PartyB_250,MediumRisk
C-111547 PartyA_250 PartyB_233,MediumRisk
C-122256 PartyA_300 PartyB_274,HighRisk
C-102348 PartyA_31 PartyB_122,HighRisk
C-106074 PartyA_123 PartyB_207,MediumRisk
C-122084 PartyA_123 PartyB_81,MediumRisk
C-108934 PartyA_198 PartyB_90,MediumRisk
C-124176 PartyA_8 PartyB_263,MediumRisk
C-118273 PartyA_210 PartyB_100,MediumRisk
C-114738 PartyA_138 PartyB_226,MediumRisk
C-121196 PartyA_247 PartyB_79,HighRisk
C-106940 PartyA_159 PartyB_67,HighRisk
C-118098 PartyA_81 PartyB_13,MediumRisk
C-117333 PartyA_230 PartyB_41,HighRisk
C-101465 PartyA_166 PartyB_159,HighRisk
C-110562 PartyA_25 PartyB_182,MediumRisk
C-110658 PartyA_35 PartyB_74,HighRisk
C-102390 PartyA_291 PartyB_199,MediumRisk
C-121764 PartyA_196 PartyB_196,HighRisk
C-111940 PartyA_269 PartyB_8,HighRisk
C-119119 PartyA_145 PartyB_56,MediumRisk
C-110515 PartyA_201 PartyB_96,MediumRisk
C-108573 PartyA_202 PartyB_220,MediumRisk
C-121940 PartyA_281 PartyB_229,MediumRisk
C-105297 PartyA_180 PartyB_56,MediumRisk
C-120460 PartyA_73 PartyB_85,MediumRisk
C-116671 PartyA_205 PartyB_220,HighRisk
C-112072 PartyA_148 PartyB_20,MediumRisk
C-112361 PartyA_24 PartyB_225,MediumRisk
C-100662 PartyA_75 PartyB_164,MediumRisk
C-109999 PartyA_188 PartyB_257,HighRisk
C-106817 PartyA_113 PartyB_157,HighRisk
C-109918 PartyA_27 PartyB_297,MediumRisk
C-103467 PartyA_233 PartyB_194,MediumRisk
C-111710 PartyA_17 PartyB_2,HighRisk
C-115134 PartyA_195 PartyB_157,HighRisk
C-110221 PartyA_223 PartyB_51,HighRisk
C-105468 PartyA_127 PartyB_142,HighRisk
C-116153 PartyA_175 PartyB_201,HighRisk
C-108631 PartyA_49 PartyB_174,MediumRisk
C-108794 PartyA_43 PartyB_52,HighRisk
C-103781 PartyA_186 PartyB_166,MediumRisk
C-110445 PartyA_285 PartyB_140,MediumRisk
C-100429 PartyA_193 PartyB_194,HighRisk
C-111792 PartyA_73 PartyB_284,HighRisk
C-107680 PartyA_108 PartyB_70,HighRisk
C-110339 PartyA_124 PartyB_294,MediumRisk
C-116515 PartyA_139 PartyB_21,MediumRisk
C-120347 PartyA_248 PartyB_247,MediumRisk
C-104881 PartyA_20 PartyB_159,HighRisk
C-116000 PartyA_145 PartyB_5,HighRisk
C-105143 PartyA_63 PartyB_179,LowRisk
C-114961 PartyA_126 PartyB_254,MediumRisk
C-123345 PartyA_102 PartyB_33,HighRisk
C-101226 PartyA_65 PartyB_75,LowRisk
C-112534 PartyA_12 PartyB_225,HighRisk
C-115245 PartyA_146 PartyB_192,MediumRisk
C-109413 PartyA_112 PartyB_107,MediumRisk
C-115411 PartyA_64 PartyB_121,MediumRisk
C-100903 PartyA_298 PartyB_28,MediumRisk
C-107588 PartyA_257 PartyB_144,HighRisk
C-108323 PartyA_300 PartyB_219,HighRisk
C-118419 PartyA_234 PartyB_154,MediumRisk
C-102493 PartyA_291 PartyB_140,HighRisk
C-100085 PartyA_213 PartyB_248,LowRisk
C-117181 PartyA_253 PartyB_213,LowRisk
C-102991 PartyA_140 PartyB_162,LowRisk
C-124441 PartyA_13 PartyB_138,MediumRisk
C-116465 PartyA_114 PartyB_60,HighRisk
C-122728 PartyA_229 PartyB_66,HighRisk
C-103079 PartyA_80 PartyB_135,MediumRisk
C-113290 PartyA_70 PartyB_195,HighRisk
C-106389 PartyA_31 PartyB_109,MediumRisk
C-113347 PartyA_62 PartyB_229,MediumRisk
C-103016 PartyA_72 PartyB_45,HighRisk
C-119834 PartyA_240 PartyB_135,MediumRisk
C-123205 PartyA_272 PartyB_199,MediumRisk
C-119635 PartyA_213 PartyB_59,MediumRisk
C-112642 PartyA_158 PartyB_185,HighRisk
C-104988 PartyA_55 PartyB_116,MediumRisk
C-101653 PartyA_292 PartyB_128,MediumRisk
C-104362 PartyA_93 PartyB_67,MediumRisk
C-101532 PartyA_84 PartyB_247,HighRisk
C-124077 PartyA_159 PartyB_255,MediumRisk
C-117230 PartyA_95 PartyB_149,HighRisk
C-118672 PartyA_212 PartyB_4,MediumRisk
C-112188 PartyA_159 PartyB_239,MediumRisk
C-109398 PartyA_141 PartyB_238,MediumRisk
C-100343 PartyA_164 PartyB_35,MediumRisk
C-116723 PartyA_101 PartyB_235,LowRisk
C-123571 PartyA_74 PartyB_104,MediumRisk
C-108191 PartyA_95 PartyB_15,MediumRisk
C-111791 PartyA_141 PartyB_241,MediumRisk
C-121371 PartyA_166 PartyB_6,HighRisk
C-101982 PartyA_204 PartyB_199,MediumRisk
C-121086 PartyA_178 PartyB_203,MediumRisk
C-103685 PartyA_229 PartyB_170,MediumRisk
C-108359 PartyA_298 PartyB_49,LowRisk
C-110243 PartyA_169 PartyB_92,HighRisk
C-116424 PartyA_73 PartyB_179,MediumRisk
C-106926 PartyA_1 PartyB_98,MediumRisk
C-124588 PartyA_53 PartyB_48,MediumRisk
C-124403 PartyA_296 PartyB_13,MediumRisk
C-110924 PartyA_258 PartyB_196,HighRisk
C-100753 PartyA_151 PartyB_200,HighRisk
C-120092 PartyA_226 PartyB_45,LowRisk
C-109610 PartyA_182 PartyB_24,MediumRisk
C-108644 PartyA_39 PartyB_130,MediumRisk
C-104063 PartyA_65 PartyB_96,HighRisk
C-107983 PartyA_122 PartyB_72,MediumRisk
C-116720 PartyA_287 PartyB_44,MediumRisk
C-113756 PartyA_2 PartyB_206,LowRisk
C-124535 PartyA_128 PartyB_66,MediumRisk
C-109960 PartyA_171 PartyB_292,HighRisk
C-113022 PartyA_26 PartyB_81,HighRisk
C-111800 PartyA_45 PartyB_213,HighRisk
C-104244 PartyA_282 PartyB_138,MediumRisk
C-116007 PartyA_64 PartyB_22,MediumRisk
C-102438 PartyA_131 PartyB_276,MediumRisk
C-110005 PartyA_130 PartyB_84,HighRisk
C-102069 PartyA_105 PartyB_19,MediumRisk
C-115987 PartyA_57 PartyB_137,MediumRisk
C-105224 PartyA_96 PartyB_173,MediumRisk
C-118500 PartyA_147 PartyB_251,LowRisk
C-109270 PartyA_101 PartyB_215,MediumRisk
C-102175 PartyA_54 PartyB_229,HighRisk
C-108816 PartyA_56 PartyB_251,MediumRisk
C-105083 PartyA_70 PartyB_213,HighRisk
C-121794 PartyA_80 PartyB_163,MediumRisk
C-104105 PartyA_62 PartyB_239,MediumRisk
C-113974 PartyA_297 PartyB_11,MediumRisk
C-103550 PartyA_23 PartyB_211,MediumRisk
C-104353 PartyA_117 PartyB_265,LowRisk
C-119573 PartyA_30 PartyB_271,MediumRisk
C-109811 PartyA_161 PartyB_259,HighRisk
C-115359 PartyA_298 PartyB_3,MediumRisk
C-111717 PartyA_293 PartyB_82,MediumRisk
C-117942 PartyA_230 PartyB_173,HighRisk
C-106402 PartyA_132 PartyB_232,HighRisk
C-101354 PartyA_73 PartyB_123,LowRisk
C-107457 PartyA_280 PartyB_259,MediumRisk
C-110982 PartyA_137 PartyB_194,HighRisk
C-107744 PartyA_280 PartyB_222,MediumRisk
C-113852 PartyA_176 PartyB_64,HighRisk
C-121338 PartyA_232 PartyB_70,HighRisk
C-119679 PartyA_207 PartyB_95,MediumRisk
C-101099 PartyA_27 PartyB_277,HighRisk
C-111106 PartyA_110 PartyB_41,MediumRisk
C-108626 PartyA_7 PartyB_101,LowRisk
C-101083 PartyA_95 PartyB_121,LowRisk
C-103604 PartyA_177 PartyB_62,MediumRisk
C-114522 PartyA_216 PartyB_266,HighRisk
C-110678 PartyA_55 PartyB_87,MediumRisk
C-111726 PartyA_264 PartyB_264,MediumRisk
C-100991 PartyA_41 PartyB_48,MediumRisk
C-101887 PartyA_8 PartyB_78,HighRisk
C-118515 PartyA_128 PartyB_250,MediumRisk
C-112209 PartyA_51 PartyB_238,MediumRisk
C-117381 PartyA_31 PartyB_63,MediumRisk
C-106443 PartyA_165 PartyB_118,HighRisk
C-121222 PartyA_202 PartyB_289,MediumRisk
C-117795 PartyA_168 PartyB_205,HighRisk
C-115334 PartyA_157 PartyB_219,HighRisk
C-121521 PartyA_38 PartyB_24,HighRisk
C-120367 PartyA_117 PartyB_94,HighRisk
C-117822 PartyA_58 PartyB_199,HighRisk
C-109097 PartyA_117 PartyB_269,MediumRisk
C-122337 PartyA_181 PartyB_117,HighRisk
C-105489 PartyA_35 PartyB_295,MediumRisk
C-117224 PartyA_143 PartyB_182,MediumRisk
C-115257 PartyA_271 PartyB_113,MediumRisk
C-108138 PartyA_161 PartyB_246,MediumRisk
C-117168 PartyA_263 PartyB_240,MediumRisk
C-121126 PartyA_81 PartyB_17,MediumRisk
C-116886 PartyA_117 PartyB_132,MediumRisk
C-108709 PartyA_93 PartyB_280,HighRisk
C-107575 PartyA_118 PartyB_101,MediumRisk
C-104051 PartyA_152 PartyB_199,MediumRisk
C-105007 PartyA_198 PartyB_42,MediumRisk
C-119111 PartyA_129 PartyB_297,MediumRisk
C-121093 PartyA_67 PartyB_219,MediumRisk
C-107789 PartyA_65 PartyB_179,MediumRisk
C-117198 PartyA_206 PartyB_77,LowRisk
C-109822 PartyA_13 PartyB_122,HighRisk
C-121065 PartyA_52 PartyB_13,HighRisk
C-104750 PartyA_111 PartyB_193,MediumRisk
C-100813 PartyA_35 PartyB_100,MediumRisk
C-111230 PartyA_46 PartyB_165,LowRisk
C-107883 PartyA_253 PartyB_143,HighRisk
C-121698 PartyA_3 PartyB_234,HighRisk
C-108432 PartyA_57 PartyB_294,MediumRisk
C-123218 PartyA_215 PartyB_259,MediumRisk
C-120321 PartyA_259 PartyB_73,MediumRisk
C-113308 PartyA_166 PartyB_181,MediumRisk
C-111661 PartyA_144 PartyB_118,HighRisk
C-104468 PartyA_91 PartyB_126,MediumRisk
C-103107 PartyA_69 PartyB_286,MediumRisk
C-107925 PartyA_243 PartyB_33,MediumRisk
C-102006 PartyA_99 PartyB_100,MediumRisk
C-110504 PartyA_234 PartyB_196,MediumRisk
C-117095 PartyA_67 PartyB_17,HighRisk
C-120869 PartyA_119 PartyB_295,MediumRisk
C-108171 PartyA_152 PartyB_142,MediumRisk
C-123992 PartyA_299 PartyB_149,MediumRisk
C-105964 PartyA_62 PartyB_78,MediumRisk
C-114324 PartyA_105 PartyB_299,LowRisk
C-117753 PartyA_296 PartyB_228,HighRisk
C-122425 PartyA_264 PartyB_246,MediumRisk
C-104385 PartyA_112 PartyB_95,MediumRisk
C-121051 PartyA_300 PartyB_187,HighRisk
C-106670 PartyA_34 PartyB_211,MediumRisk
C-117173 PartyA_9 PartyB_169,MediumRisk
C-122899 PartyA_98 PartyB_164,MediumRisk
C-122736 PartyA_90 PartyB_138,MediumRisk
C-121738 PartyA_239 PartyB_244,HighRisk
C-120295 PartyA_44 PartyB_123,LowRisk
C-112532 PartyA_41 PartyB_199,MediumRisk
C-108694 PartyA_57 PartyB_51,MediumRisk
C-115772 PartyA_55 PartyB_166,HighRisk
C-121769 PartyA_40 PartyB_106,HighRisk
C-105272 PartyA_218 PartyB_163,MediumRisk
C-115953 PartyA_135 PartyB_122,HighRisk
C-121487 PartyA_116 PartyB_128,HighRisk
C-102574 PartyA_258 PartyB_138,LowRisk
C-106500 PartyA_198 PartyB_58,MediumRisk
C-123506 PartyA_141 PartyB_244,MediumRisk
C-105861 PartyA_158 PartyB_43,MediumRisk
C-120610 PartyA_39 PartyB_282,MediumRisk
C-111838 PartyA_75 PartyB_171,HighRisk
C-110163 PartyA_31 PartyB_237,LowRisk
C-114321 PartyA_293 PartyB_176,MediumRisk
C-118069 PartyA_284 PartyB_124,MediumRisk
C-120182 PartyA_130 PartyB_270,MediumRisk
C-100004 PartyA_149 PartyB_41,HighRisk
C-111658 PartyA_71 PartyB_221,MediumRisk
C-123578 PartyA_120 PartyB_224,MediumRisk
C-111782 PartyA_79 PartyB_280,MediumRisk
C-101865 PartyA_208 PartyB_71,MediumRisk
C-104089 PartyA_44 PartyB_190,MediumRisk
C-109711 PartyA_228 PartyB_35,MediumRisk
C-112927 PartyA_5 PartyB_281,MediumRisk
C-110075 PartyA_223 PartyB_82,MediumRisk
C-101568 PartyA_154 PartyB_71,MediumRisk
C-116930 PartyA_5 PartyB_197,MediumRisk
C-110149 PartyA_137 PartyB_104,HighRisk
C-120303 PartyA_47 PartyB_86,MediumRisk
C-120467 PartyA_254 PartyB_229,MediumRisk
C-114627 PartyA_283 PartyB_194,HighRisk
C-123920 PartyA_287 PartyB_214,MediumRisk
C-114704 PartyA_32 PartyB_108,HighRisk
C-109080 PartyA_268 PartyB_28,LowRisk
C-101064 PartyA_58 PartyB_139,MediumRisk
C-110967 PartyA_258 PartyB_175,MediumRisk
C-119252 PartyA_69 PartyB_247,MediumRisk
C-123615 PartyA_67 PartyB_50,MediumRisk
C-115731 PartyA_220 PartyB_99,MediumRisk
C-110301 PartyA_264 PartyB_235,MediumRisk
C-107333 PartyA_98 PartyB_177,MediumRisk
C-106106 PartyA_204 PartyB_240,LowRisk
C-100332 PartyA_193 PartyB_83,HighRisk
C-103989 PartyA_279 PartyB_204,MediumRisk
C-114160 PartyA_195 PartyB_198,MediumRisk
C-116354 PartyA_103 PartyB_225,HighRisk
C-103692 PartyA_181 PartyB_246,MediumRisk
C-106866 PartyA_149 PartyB_161,HighRisk
C-107462 PartyA_185 PartyB_273,LowRisk
C-110446 PartyA_291 PartyB_143,MediumRisk
C-112631 PartyA_90 PartyB_245,MediumRisk
C-107814 PartyA_234 PartyB_180,MediumRisk
C-124756 PartyA_153 PartyB_125,MediumRisk
C-117777 PartyA_218 PartyB_240,MediumRisk
C-111400 PartyA_226 PartyB_268,MediumRisk
C-106734 PartyA_71 PartyB_218,MediumRisk
C-110166 PartyA_148 PartyB_262,MediumRisk
C-124272 PartyA_285 PartyB_11,LowRisk
C-124709 PartyA_63 PartyB_157,MediumRisk
C-116298 PartyA_54 PartyB_186,MediumRisk
C-121273 PartyA_218 PartyB_49,MediumRisk
C-104467 PartyA_112 PartyB_30,MediumRisk
C-124842 PartyA_113 PartyB_250,HighRisk
C-121265 PartyA_232 PartyB_85,HighRisk
C-109430 PartyA_269 PartyB_116,LowRisk
C-105169 PartyA_155 PartyB_200,MediumRisk
C-107726 PartyA_177 PartyB_35,HighRisk
C-107945 PartyA_121 PartyB_135,HighRisk
C-105631 PartyA_295 PartyB_82,MediumRisk
C-108732 PartyA_156 PartyB_275,LowRisk
C-123592 PartyA_191 PartyB_78,MediumRisk
C-107414 PartyA_31 PartyB_218,MediumRisk
C-108678 PartyA_146 PartyB_69,HighRisk
C-108056 PartyA_240 PartyB_132,MediumRisk
C-111550 PartyA_171 PartyB_102,MediumRisk
C-101683 PartyA_45 PartyB_202,HighRisk
C-124685 PartyA_135 PartyB_82,MediumRisk
C-114956 PartyA_19 PartyB_261,MediumRisk
C-114970 PartyA_274 PartyB_126,MediumRisk
C-110838 PartyA_221 PartyB_7,MediumRisk
C-100578 PartyA_222 PartyB_202,HighRisk
C-117817 PartyA_151 PartyB_155,MediumRisk
C-115900 PartyA_188 PartyB_62,HighRisk
C-120630 PartyA_54 PartyB_281,MediumRisk
C-118367 PartyA_200 PartyB_255,MediumRisk
C-110522 PartyA_206 PartyB_77,MediumRisk
C-117636 PartyA_102 PartyB_60,MediumRisk
C-111206 PartyA_42 PartyB_216,MediumRisk
C-105723 PartyA_183 PartyB_237,MediumRisk
C-111238 PartyA_95 PartyB_6,HighRisk
C-111176 PartyA_83 PartyB_74,HighRisk
C-107250 PartyA_196 PartyB_234,MediumRisk
C-100676 PartyA_64 PartyB_239,MediumRisk
C-107538 PartyA_61 PartyB_275,MediumRisk
C-124776 PartyA_270 PartyB_262,MediumRisk
C-110941 PartyA_124 PartyB_96,HighRisk
C-100782 PartyA_288 PartyB_64,LowRisk
C-112332 PartyA_280 PartyB_121,MediumRisk
C-119518 PartyA_18 PartyB_58,HighRisk
C-112262 PartyA_169 PartyB_114,MediumRisk
C-115294 PartyA_167 PartyB_98,HighRisk
C-100183 PartyA_241 PartyB_147,MediumRisk
C-109511 PartyA_225 PartyB_53,MediumRisk
C-103166 PartyA_20 PartyB_277,MediumRisk
C-104061 PartyA_81 PartyB_41,MediumRisk
C-102297 PartyA_234 PartyB_30,LowRisk
C-124310 PartyA_289 PartyB_218,MediumRisk
C-119585 PartyA_177 PartyB_110,MediumRisk
C-111504 PartyA_210 PartyB_152,MediumRisk
C-102836 PartyA_148 PartyB_135,HighRisk
C-117195 PartyA_153 PartyB_246,MediumRisk
C-110777 PartyA_244 PartyB_11,LowRisk
C-124326 PartyA_113 PartyB_268,MediumRisk
C-116519 PartyA_169 PartyB_102,HighRisk
C-101955 PartyA_87 PartyB_223,MediumRisk
C-102355 PartyA_53 PartyB_216,MediumRisk
C-119180 PartyA_82 PartyB_232,MediumRisk
C-121340 PartyA_145 PartyB_236,MediumRisk
C-116993 PartyA_13 PartyB_104,MediumRisk
C-107289 PartyA_143 PartyB_215,MediumRisk
C-123012 PartyA_124 PartyB_39,LowRisk
C-107120 PartyA_233 PartyB_34,MediumRisk
C-116805 PartyA_278 PartyB_25,HighRisk
C-100533 PartyA_22 PartyB_195,MediumRisk
C-121740 PartyA_51 PartyB_182,MediumRisk
C-122589 PartyA_172 PartyB_114,HighRisk
C-121505 PartyA_196 PartyB_267,HighRisk
C-123639 PartyA_128 PartyB_182,MediumRisk
C-114713 PartyA_268 PartyB_49,LowRisk
C-102742 PartyA_11 PartyB_50,MediumRisk
C-106141 PartyA_137 PartyB_200,MediumRisk
C-103761 PartyA_87 PartyB_158,MediumRisk
C-110646 PartyA_70 PartyB_232,MediumRisk
C-124824 PartyA_266 PartyB_280,MediumRisk
C-104734 PartyA_101 PartyB_138,HighRisk
C-113162 PartyA_51 PartyB_68,HighRisk
C-107443 PartyA_45 PartyB_149,MediumRisk
C-109458 PartyA_205 PartyB_61,HighRisk
C-114602 PartyA_13 PartyB_19,HighRisk
C-122999 PartyA_11 PartyB_117,LowRisk
C-111299 PartyA_195 PartyB_237,MediumRisk
C-110563 PartyA_215 PartyB_100,MediumRisk
C-115956 PartyA_122 PartyB_207,LowRisk
C-108045 PartyA_286 PartyB_112,MediumRisk
C-123740 PartyA_92 PartyB_69,MediumRisk
C-105760 PartyA_250 PartyB_296,MediumRisk
C-115668 PartyA_120 PartyB_203,MediumRisk
C-108522 PartyA_128 PartyB_287,MediumRisk
C-103992 PartyA_92 PartyB_190,HighRisk
C-124069 PartyA_271 PartyB_143,MediumRisk
C-120284 PartyA_286 PartyB_252,MediumRisk
C-115814 PartyA_66 PartyB_51,MediumRisk
C-124965 PartyA_53 PartyB_270,MediumRisk
C-101566 PartyA_238 PartyB_44,MediumRisk
C-119644 PartyA_268 PartyB_130,MediumRisk
C-109102 PartyA_226 PartyB_165,HighRisk
C-114298 PartyA_116 PartyB_243,LowRisk
C-104514 PartyA_168 PartyB_210,MediumRisk
C-123185 PartyA_142 PartyB_154,HighRisk
C-118696 PartyA_185 PartyB_62,LowRisk
C-114076 PartyA_33 PartyB_62,MediumRisk
C-117535 PartyA_1 PartyB_97,MediumRisk
C-114976 PartyA_20 PartyB_112,MediumRisk
C-101544 PartyA_283 PartyB_155,MediumRisk
C-117041 PartyA_191 PartyB_130,HighRisk
C-112932 PartyA_183 PartyB_260,MediumRisk
C-114213 PartyA_178 PartyB_210,HighRisk
C-105667 PartyA_249 PartyB_42,HighRisk
C-103177 PartyA_12 PartyB_295,MediumRisk
C-101281 PartyA_72 PartyB_62,MediumRisk
C-108284 PartyA_56 PartyB_170,MediumRisk
C-106175 PartyA_196 PartyB_50,HighRisk
C-119766 PartyA_213 PartyB_64,HighRisk
C-102471 PartyA_265 PartyB_194,HighRisk
C-105587 PartyA_112 PartyB_129,MediumRisk
C-109660 PartyA_209 PartyB_110,MediumRisk
C-104466 PartyA_47 PartyB_117,HighRisk
C-106373 PartyA_224 PartyB_245,MediumRisk
C-110080 PartyA_65 PartyB_289,HighRisk
C-124639 PartyA_155 PartyB_276,MediumRisk
C-112499 PartyA_62 PartyB_47,HighRisk
C-106320 PartyA_119 PartyB_143,MediumRisk
C-100659 PartyA_135 PartyB_154,HighRisk
C-120681 PartyA_164 PartyB_167,MediumRisk
C-111119 PartyA_267 PartyB_75,MediumRisk
C-103599 PartyA_21 PartyB_143,MediumRisk
C-116126 PartyA_105 PartyB_53,HighRisk
C-113534 PartyA_10 PartyB_212,MediumRisk
C-119016 PartyA_35 PartyB_274,LowRisk
C-115508 PartyA_189 PartyB_151,MediumRisk
C-104294 PartyA_3 PartyB_230,MediumRisk
C-119575 PartyA_153 PartyB_225,HighRisk
C-111893 PartyA_47 PartyB_167,MediumRisk
C-117894 PartyA_133 PartyB_279,MediumRisk
C-122497 PartyA_27 PartyB_76,HighRisk
C-109977 PartyA_66 PartyB_293,MediumRisk
C-123593 PartyA_254 PartyB_214,MediumRisk
C-104039 PartyA_81 PartyB_33,MediumRisk
C-113484 PartyA_172 PartyB_230,LowRisk
C-124012 PartyA_206 PartyB_283,MediumRisk
C-103914 PartyA_250 PartyB_129,HighRisk
C-123498 PartyA_67 PartyB_92,MediumRisk
C-111635 PartyA_21 PartyB_150,MediumRisk
C-118387 PartyA_112 PartyB_299,MediumRisk
C-112519 PartyA_108 PartyB_112,MediumRisk
C-102344 PartyA_7 PartyB_71,HighRisk
C-103076 PartyA_77 PartyB_98,HighRisk
C-122272 PartyA_66 PartyB_179,HighRisk
C-105605 PartyA_18 PartyB_211,LowRisk
C-112475 PartyA_282 PartyB_222,MediumRisk
C-106323 PartyA_84 PartyB_101,HighRisk
C-111820 PartyA_233 PartyB_77,MediumRisk
C-120200 PartyA_124 PartyB_16,MediumRisk
C-119869 PartyA_93 PartyB_31,HighRisk
C-107895 PartyA_142 PartyB_208,MediumRisk
C-117086 PartyA_216 PartyB_281,HighRisk
C-116236 PartyA_254 PartyB_90,MediumRisk
C-119586 PartyA_144 PartyB_169,LowRisk
C-109041 PartyA_79 PartyB_292,MediumRisk
C-113263 PartyA_164 PartyB_235,MediumRisk
C-107528 PartyA_151 PartyB_273,HighRisk
C-107200 PartyA_174 PartyB_236,MediumRisk
C-118890 PartyA_264 PartyB_284,MediumRisk
C-123230 PartyA_51 PartyB_11,MediumRisk
C-123704 PartyA_155 PartyB_211,MediumRisk
C-117805 PartyA_145 PartyB_142,MediumRisk
C-100157 PartyA_54 PartyB_298,HighRisk
C-116129 PartyA_104 PartyB_2,MediumRisk
C-108380 PartyA_267 PartyB_276,MediumRisk
C-103577 PartyA_173 PartyB_133,MediumRisk
C-106209 PartyA_288 PartyB_188,MediumRisk
C-105856 PartyA_100 PartyB_243,MediumRisk
C-111142 PartyA_192 PartyB_218,LowRisk
C-117407 PartyA_81 PartyB_300,MediumRisk
C-112552 PartyA_27 PartyB_265,MediumRisk
C-106114 PartyA_153 PartyB_100,HighRisk
C-122137 PartyA_216 PartyB_66,HighRisk
C-108143 PartyA_47 PartyB_21,MediumRisk
C-124761 PartyA_125 PartyB_62,HighRisk
C-110980 PartyA_69 PartyB_272,MediumRisk
C-104066 PartyA_53 PartyB_69,MediumRisk
C-116785 PartyA_243 PartyB_22,MediumRisk
C-109859 PartyA_125 PartyB_39,MediumRisk
C-103013 PartyA_277 PartyB_203,MediumRisk
C-116096 PartyA_36 PartyB_191,MediumRisk
C-116810 PartyA_141 PartyB_39,MediumRisk
C-110575 PartyA_116 PartyB_120,MediumRisk
C-118697 PartyA_18 PartyB_128,MediumRisk
C-102569 PartyA_253 PartyB_237,LowRisk
C-122553 PartyA_55 PartyB_20,HighRisk
C-113581 PartyA_191 PartyB_240,HighRisk
C-105630 PartyA_89 PartyB_220,LowRisk
C-110305 PartyA_195 PartyB_144,MediumRisk
C-110923 PartyA_300 PartyB_73,MediumRisk
C-117038 PartyA_33 PartyB_127,MediumRisk
C-107245 PartyA_198 PartyB_217,HighRisk
C-123064 PartyA_201 PartyB_28,LowRisk
C-118685 PartyA_267 PartyB_134,HighRisk
C-113120 PartyA_104 PartyB_119,MediumRisk
C-123138 PartyA_152 PartyB_41,LowRisk
C-107881 PartyA_53 PartyB_15,MediumRisk
C-119515 PartyA_155 PartyB_132,MediumRisk
C-110444 PartyA_26 PartyB_25,MediumRisk
C-116842 PartyA_214 PartyB_207,MediumRisk
C-107696 PartyA_183 PartyB_52,LowRisk
C-108865 PartyA_3 PartyB_105,MediumRisk
C-114774 PartyA_205 PartyB_244,MediumRisk
C-117467 PartyA_55 PartyB_169,MediumRisk
C-110733 PartyA_75 PartyB_261,MediumRisk
C-114129 PartyA_266 PartyB_108,MediumRisk
C-124266 PartyA_27 PartyB_55,MediumRisk
C-102820 PartyA_260 PartyB_18,MediumRisk
C-105834 PartyA_277 PartyB_81,LowRisk
C-112525 PartyA_187 PartyB_279,MediumRisk
C-118930 PartyA_28 PartyB_48,MediumRisk
C-102791 PartyA_206 PartyB_88,LowRisk
C-100388 PartyA_234 PartyB_175,HighRisk
C-122764 PartyA_106 PartyB_91,LowRisk
C-124934 PartyA_88 PartyB_169,MediumRisk
C-119930 PartyA_3 PartyB_220,MediumRisk
C-114711 PartyA_138 PartyB_222,MediumRisk
C-101326 PartyA_13 PartyB_169,HighRisk
C-106897 PartyA_211 PartyB_69,MediumRisk
C-122217 PartyA_140 PartyB_259,MediumRisk
C-113480 PartyA_298 PartyB_1,MediumRisk
C-105894 PartyA_286 PartyB_120,HighRisk
C-113577 PartyA_67 PartyB_100,MediumRisk
C-119544 PartyA_123 PartyB_137,HighRisk
C-109437 PartyA_226 PartyB_255,HighRisk
C-110920 PartyA_34 PartyB_5,MediumRisk
C-101650 PartyA_260 PartyB_189,MediumRisk
C-121054 PartyA_84 PartyB_125,LowRisk
C-105248 PartyA_110 PartyB_193,HighRisk
C-122097 PartyA_120 PartyB_239,LowRisk
C-118281 PartyA_45 PartyB_103,MediumRisk
C-100435 PartyA_299 PartyB_94,HighRisk
C-121075 PartyA_148 PartyB_139,MediumRisk
C-119439 PartyA_280 PartyB_260,MediumRisk
C-107430 PartyA_89 PartyB_94,MediumRisk
C-109966 PartyA_152 PartyB_166,HighRisk
C-106541 PartyA_145 PartyB_290,MediumRisk
C-116162 PartyA_206 PartyB_252,MediumRisk
C-106641 PartyA_62 PartyB_26,HighRisk
C-123728 PartyA_248 PartyB_45,HighRisk
C-102562 PartyA_74 PartyB_250,MediumRisk
C-113719 PartyA_195 PartyB_80,HighRisk
C-121517 PartyA_124 PartyB_270,MediumRisk
C-122128 PartyA_41 PartyB_33,MediumRisk
C-117146 PartyA_283 PartyB_48,MediumRisk
C-122183 PartyA_196 PartyB_138,HighRisk
C-121323 PartyA_49 PartyB_92,MediumRisk
C-110654 PartyA_279 PartyB_68,MediumRisk
C-112936 PartyA_264 PartyB_118,MediumRisk
C-107321 PartyA_97 PartyB_54,MediumRisk
C-112902 PartyA_284 PartyB_143,HighRisk
C-118786 PartyA_18 PartyB_202,MediumRisk
C-108723 PartyA_271 PartyB_147,MediumRisk
C-112619 PartyA_267 PartyB_275,MediumRisk
C-120801 PartyA_243 PartyB_54,MediumRisk
C-122267 PartyA_238 PartyB_59,HighRisk
C-106113 PartyA_130 PartyB_165,MediumRisk
C-122640 PartyA_161 PartyB_181,MediumRisk
C-116834 PartyA_94 PartyB_103,MediumRisk
C-108383 PartyA_156 PartyB_251,MediumRisk
C-111433 PartyA_237 PartyB_214,MediumRisk
C-119273 PartyA_86 PartyB_258,MediumRisk
C-121023 PartyA_9 PartyB_39,HighRisk
C-118720 PartyA_196 PartyB_17,HighRisk
C-111387 PartyA_47 PartyB_138,MediumRisk
C-105028 PartyA_165 PartyB_40,LowRisk
C-122879 PartyA_12 PartyB_249,MediumRisk
C-110876 PartyA_275 PartyB_64,MediumRisk
C-121894 PartyA_20 PartyB_258,MediumRisk
C-114200 PartyA_132 PartyB_180,MediumRisk
C-118201 PartyA_235 PartyB_171,HighRisk
C-117305 PartyA_195 PartyB_54,MediumRisk
C-105541 PartyA_251 PartyB_5,HighRisk
C-109835 PartyA_142 PartyB_284,MediumRisk
C-113477 PartyA_241 PartyB_248,HighRisk
C-121853 PartyA_138 PartyB_60,MediumRisk
C-119948 PartyA_251 PartyB_283,MediumRisk
C-117967 PartyA_10 PartyB_45,MediumRisk
C-117578 PartyA_237 PartyB_44,MediumRisk
C-115730 PartyA_107 PartyB_169,MediumRisk
C-107327 PartyA_178 PartyB_148,MediumRisk
C-123966 PartyA_300 PartyB_222,HighRisk
C-102996 PartyA_171 PartyB_152,MediumRisk
C-122699 PartyA_8 PartyB_207,MediumRisk
C-121047 PartyA_206 PartyB_101,MediumRisk
C-124884 PartyA_84 PartyB_119,MediumRisk
C-107981 PartyA_150 PartyB_61,HighRisk
C-105734 PartyA_45 PartyB_299,MediumRisk
C-124313 PartyA_300 PartyB_103,MediumRisk
C-108509 PartyA_179 PartyB_191,MediumRisk
C-116627 PartyA_84 PartyB_111,MediumRisk
C-122832 PartyA_162 PartyB_161,MediumRisk
C-119300 PartyA_85 PartyB_215,MediumRisk
C-110746 PartyA_233 PartyB_187,HighRisk
C-121610 PartyA_224 PartyB_204,HighRisk
C-121734 PartyA_137 PartyB_194,MediumRisk
C-101352 PartyA_150 PartyB_56,MediumRisk
C-103902 PartyA_41 PartyB_19,MediumRisk
C-121187 PartyA_250 PartyB_57,MediumRisk
C-107061 PartyA_247 PartyB_98,HighRisk
C-109236 PartyA_265 PartyB_33,MediumRisk
C-101096 PartyA_50 PartyB_105,MediumRisk
C-105805 PartyA_10 PartyB_101,MediumRisk
C-120692 PartyA_71 PartyB_49,HighRisk
C-124019 PartyA_92 PartyB_70,HighRisk
C-117863 PartyA_284 PartyB_222,MediumRisk
C-104554 PartyA_164 PartyB_62,MediumRisk
C-107810 PartyA_118 PartyB_82,MediumRisk
C-106556 PartyA_260 PartyB_98,MediumRisk
C-115190 PartyA_285 PartyB_222,MediumRisk
C-113119 PartyA_165 PartyB_276,MediumRisk
C-103371 PartyA_171 PartyB_14,MediumRisk
C-112566 PartyA_91 PartyB_128,HighRisk
C-104367 PartyA_146 PartyB_256,HighRisk
C-117157 PartyA_222 PartyB_241,MediumRisk
C-123677 PartyA_150 PartyB_16,MediumRisk
C-109998 PartyA_223 PartyB_84,MediumRisk
C-123081 PartyA_27 PartyB_15,LowRisk
C-106831 PartyA_120 PartyB_226,MediumRisk
C-107517 PartyA_14 PartyB_125,MediumRisk
C-117326 PartyA_260 PartyB_207,HighRisk
C-116706 PartyA_217 PartyB_268,MediumRisk
C-124056 PartyA_295 PartyB_36,MediumRisk
C-119078 PartyA_238 PartyB_298,HighRisk
C-116902 PartyA_61 PartyB_85,MediumRisk
C-113634 PartyA_295 PartyB_225,HighRisk
C-105761 PartyA_69 PartyB_59,HighRisk
C-122182 PartyA_76 PartyB_51,MediumRisk
C-100548 PartyA_219 PartyB_163,MediumRisk
C-115662 PartyA_293 PartyB_53,HighRisk
C-118759 PartyA_261 PartyB_244,MediumRisk
C-122756 PartyA_23 PartyB_239,HighRisk
C-116926 PartyA_47 PartyB_202,MediumRisk
C-109319 PartyA_214 PartyB_115,MediumRisk
C-103944 PartyA_228 PartyB_190,LowRisk
C-113129 PartyA_57 PartyB_70,MediumRisk
C-104308 PartyA_264 PartyB_148,MediumRisk
C-110792 PartyA_78 PartyB_170,MediumRisk
C-105869 PartyA_1 PartyB_21,LowRisk
C-122775 PartyA_168 PartyB_78,HighRisk
C-121377 PartyA_296 PartyB_71,HighRisk
C-110909 PartyA_104 PartyB_268,HighRisk
C-124813 PartyA_187 PartyB_245,LowRisk
C-112217 PartyA_192 PartyB_181,HighRisk
C-100448 PartyA_185 PartyB_123,HighRisk
C-115986 PartyA_232 PartyB_118,HighRisk
C-121458 PartyA_103 PartyB_62,HighRisk
C-111481 PartyA_31 PartyB_119,MediumRisk
C-109364 PartyA_75 PartyB_264,HighRisk
C-107535 PartyA_75 PartyB_80,HighRisk
C-121620 PartyA_218 PartyB_236,MediumRisk
C-107365 PartyA_183 PartyB_217,MediumRisk
C-112937 PartyA_37 PartyB_122,MediumRisk
C-101127 PartyA_74 PartyB_13,MediumRisk
C-121381 PartyA_11 PartyB_13,HighRisk
C-104407 PartyA_156 PartyB_237,MediumRisk
C-101799 PartyA_276 PartyB_285,HighRisk
C-113268 PartyA_255 PartyB_58,MediumRisk
C-110089 PartyA_73 PartyB_117,HighRisk
C-116600 PartyA_203 PartyB_103,MediumRisk
C-102387 PartyA_270 PartyB_280,MediumRisk
C-103034 PartyA_44 PartyB_38,MediumRisk
C-112248 PartyA_289 PartyB_84,MediumRisk
C-105648 PartyA_276 PartyB_119,LowRisk
C-120648 PartyA_83 PartyB_131,HighRisk
C-123855 PartyA_165 PartyB_263,MediumRisk
C-106066 PartyA_205 PartyB_77,MediumRisk
C-103512 PartyA_290 PartyB_31,HighRisk
C-107000 PartyA_172 PartyB_56,MediumRisk
C-118131 PartyA_95 PartyB_66,HighRisk
C-116090 PartyA_138 PartyB_229,MediumRisk
C-120511 PartyA_122 PartyB_138,MediumRisk
C-107816 PartyA_19 PartyB_100,MediumRisk
C-118551 PartyA_208 PartyB_27,MediumRisk
C-108131 PartyA_258 PartyB_61,HighRisk
C-105758 PartyA_179 PartyB_13,MediumRisk
C-104288 PartyA_64 PartyB_117,MediumRisk
C-106695 PartyA_10 PartyB_133,MediumRisk
C-114236 PartyA_64 PartyB_235,HighRisk
C-121081 PartyA_181 PartyB_291,HighRisk
C-122751 PartyA_109 PartyB_52,MediumRisk
C-122891 PartyA_288 PartyB_47,MediumRisk
C-107802 PartyA_253 PartyB_237,MediumRisk
C-117565 PartyA_216 PartyB_95,MediumRisk
C-103260 PartyA_298 PartyB_216,MediumRisk
C-120653 PartyA_223 PartyB_14,MediumRisk
C-113862 PartyA_218 PartyB_251,MediumRisk
C-108273 PartyA_170 PartyB_137,MediumRisk
C-123169 PartyA_88 PartyB_70,HighRisk
C-117217 PartyA_259 PartyB_44,MediumRisk
C-102840 PartyA_250 PartyB_186,MediumRisk
C-112633 PartyA_117 PartyB_112,HighRisk
C-102615 PartyA_270 PartyB_121,LowRisk
C-108369 PartyA_85 PartyB_261,LowRisk
C-108421 PartyA_157 PartyB_118,MediumRisk
C-103560 PartyA_121 PartyB_299,HighRisk
C-123672 PartyA_39 PartyB_202,MediumRisk
C-111170 PartyA_53 PartyB_38,MediumRisk
C-104081 PartyA_58 PartyB_148,HighRisk
C-101511 PartyA_25 PartyB_241,MediumRisk
C-112073 PartyA_280 PartyB_195,MediumRisk
C-105858 PartyA_100 PartyB_93,MediumRisk
C-105281 PartyA_106 PartyB_10,MediumRisk
C-117405 PartyA_163 PartyB_10,MediumRisk
C-112575 PartyA_242 PartyB_218,MediumRisk
C-107215 PartyA_11 PartyB_246,MediumRisk
C-113154 PartyA_80 PartyB_195,MediumRisk
C-123775 PartyA_90 PartyB_56,MediumRisk
C-122223 PartyA_211 PartyB_142,HighRisk
C-100473 PartyA_15 PartyB_18,HighRisk
C-112784 PartyA_16 PartyB_157,HighRisk
C-107021 PartyA_187 PartyB_71,MediumRisk
C-101846 PartyA_47 PartyB_71,MediumRisk
C-118301 PartyA_148 PartyB_7,MediumRisk
C-113533 PartyA_206 PartyB_35,MediumRisk
C-109015 PartyA_115 PartyB_245,LowRisk
C-108948 PartyA_62 PartyB_122,MediumRisk
C-111107 PartyA_51 PartyB_172,HighRisk
C-121542 PartyA_291 PartyB_296,MediumRisk
C-122991 PartyA_205 PartyB_207,HighRisk
C-105825 PartyA_247 PartyB_83,MediumRisk
C-116565 PartyA_38 PartyB_217,MediumRisk
C-101851 PartyA_113 PartyB_176,LowRisk
C-107157 PartyA_217 PartyB_276,LowRisk
C-119068 PartyA_254 PartyB_64,MediumRisk
C-101681 PartyA_245 PartyB_32,MediumRisk
C-101452 PartyA_191 PartyB_240,MediumRisk
C-118742 PartyA_20 PartyB_249,HighRisk
C-114725 PartyA_119 PartyB_189,MediumRisk
C-114736 PartyA_11 PartyB_105,MediumRisk
C-113618 PartyA_154 PartyB_151,HighRisk
C-122167 PartyA_214 PartyB_239,MediumRisk
C-112400 PartyA_205 PartyB_105,HighRisk
C-110467 PartyA_58 PartyB_204,HighRisk
C-111301 PartyA_290 PartyB_35,MediumRisk
C-109669 PartyA_79 PartyB_231,MediumRisk
C-111286 PartyA_92 PartyB_135,HighRisk
C-100299 PartyA_242 PartyB_187,LowRisk
C-101107 PartyA_225 PartyB_61,HighRisk
C-100850 PartyA_231 PartyB_85,MediumRisk
C-115975 PartyA_87 PartyB_171,MediumRisk
C-113864 PartyA_252 PartyB_45,MediumRisk
C-112119 PartyA_242 PartyB_5,MediumRisk
C-102246 PartyA_70 PartyB_208,MediumRisk
C-111423 PartyA_183 PartyB_93,MediumRisk
C-109800 PartyA_99 PartyB_205,MediumRisk
C-106383 PartyA_7 PartyB_109,MediumRisk
C-106086 PartyA_236 PartyB_129,MediumRisk
C-124549 PartyA_60 PartyB_279,MediumRisk
C-110580 PartyA_300 PartyB_103,HighRisk
C-100008 PartyA_127 PartyB_288,HighRisk
C-117134 PartyA_113 PartyB_222,MediumRisk
C-105367 PartyA_134 PartyB_106,MediumRisk
C-124613 PartyA_225 PartyB_185,MediumRisk
C-111145 PartyA_239 PartyB_12,MediumRisk
C-104040 PartyA_247 PartyB_43,MediumRisk
C-114525 PartyA_143 PartyB_170,MediumRisk
C-107791 PartyA_285 PartyB_207,MediumRisk
C-117873 PartyA_283 PartyB_12,HighRisk
C-121825 PartyA_33 PartyB_234,MediumRisk
C-117931 PartyA_190 PartyB_91,MediumRisk
C-118365 PartyA_130 PartyB_40,MediumRisk
C-110888 PartyA_242 PartyB_107,HighRisk
C-116728 PartyA_67 PartyB_100,LowRisk
C-105101 PartyA_194 PartyB_222,LowRisk
C-121262 PartyA_292 PartyB_152,MediumRisk
C-103097 PartyA_78 PartyB_82,MediumRisk
C-116693 PartyA_225 PartyB_125,MediumRisk
C-113302 PartyA_232 PartyB_286,MediumRisk
C-119860 PartyA_83 PartyB_5,HighRisk
C-124046 PartyA_210 PartyB_152,HighRisk
C-109572 PartyA_173 PartyB_92,MediumRisk
C-124744 PartyA_53 PartyB_163,HighRisk
C-119767 PartyA_96 PartyB_83,MediumRisk
C-117293 PartyA_53 PartyB_281,HighRisk
C-113871 PartyA_102 PartyB_278,MediumRisk
C-103657 PartyA_35 PartyB_238,MediumRisk
C-109382 PartyA_86 PartyB_198,HighRisk
C-112709 PartyA_52 PartyB_167,MediumRisk
C-115739 PartyA_265 PartyB_20,MediumRisk
C-117911 PartyA_84 PartyB_14,MediumRisk
C-124670 PartyA_200 PartyB_49,MediumRisk
C-112276 PartyA_50 PartyB_115,HighRisk
C-115521 PartyA_278 PartyB_84,MediumRisk
C-114885 PartyA_7 PartyB_129,MediumRisk
C-108981 PartyA_16 PartyB_6,MediumRisk
C-115058 PartyA_200 PartyB_188,LowRisk
C-105973 PartyA_211 PartyB_61,MediumRisk
C-121889 PartyA_11 PartyB_232,HighRisk
C-119866 PartyA_130 PartyB_84,MediumRisk
C-105632 PartyA_291 PartyB_78,HighRisk
C-114285 PartyA_72 PartyB_257,HighRisk
C-117981 PartyA_191 PartyB_156,MediumRisk
C-118119 PartyA_298 PartyB_9,HighRisk
C-116611 PartyA_45 PartyB_250,MediumRisk
C-105786 PartyA_254 PartyB_74,MediumRisk
C-118040 PartyA_100 PartyB_262,MediumRisk
C-108296 PartyA_226 PartyB_3,HighRisk
C-117553 PartyA_171 PartyB_140,HighRisk
C-115266 PartyA_226 PartyB_53,HighRisk
C-117758 PartyA_48 PartyB_55,HighRisk
C-110337 PartyA_121 PartyB_110,MediumRisk
C-116177 PartyA_45 PartyB_35,MediumRisk
C-103087 PartyA_250 PartyB_276,MediumRisk
C-113090 PartyA_211 PartyB_121,MediumRisk
C-102478 PartyA_82 PartyB_148,MediumRisk
C-112179 PartyA_209 PartyB_67,MediumRisk
C-105431 PartyA_261 PartyB_247,MediumRisk
C-110101 PartyA_100 PartyB_43,MediumRisk
C-112887 PartyA_2 PartyB_46,MediumRisk
C-111024 PartyA_134 PartyB_17,HighRisk
C-122590 PartyA_85 PartyB_24,HighRisk
C-117201 PartyA_136 PartyB_18,MediumRisk
C-121992 PartyA_153 PartyB_62,HighRisk
C-112574 PartyA_201 PartyB_290,MediumRisk
C-111004 PartyA_103 PartyB_82,MediumRisk
C-108455 PartyA_185 PartyB_216,MediumRisk
C-123143 PartyA_73 PartyB_300,MediumRisk
C-105538 PartyA_235 PartyB_157,HighRisk
C-100831 PartyA_219 PartyB_231,MediumRisk
C-123820 PartyA_258 PartyB_38,HighRisk
C-116812 PartyA_51 PartyB_150,HighRisk
C-114084 PartyA_66 PartyB_100,MediumRisk
C-113589 PartyA_46 PartyB_89,MediumRisk
C-106180 PartyA_176 PartyB_218,MediumRisk
C-124784 PartyA_282 PartyB_62,HighRisk
C-101928 PartyA_73 PartyB_62,HighRisk
C-101370 PartyA_163 PartyB_23,HighRisk
C-103090 PartyA_192 PartyB_173,LowRisk
C-114800 PartyA_287 PartyB_229,HighRisk
C-107990 PartyA_127 PartyB_54,MediumRisk
C-122441 PartyA_234 PartyB_213,HighRisk
C-112957 PartyA_228 PartyB_62,MediumRisk
C-119527 PartyA_33 PartyB_199,HighRisk
C-115452 PartyA_185 PartyB_169,MediumRisk
C-112567 PartyA_20 PartyB_148,MediumRisk
C-109566 PartyA_297 PartyB_232,MediumRisk
C-101916 PartyA_287 PartyB_174,HighRisk
C-120710 PartyA_157 PartyB_121,MediumRisk
C-115303 PartyA_38 PartyB_272,MediumRisk
C-121056 PartyA_171 PartyB_265,MediumRisk
C-123980 PartyA_171 PartyB_35,MediumRisk
C-119941 PartyA_146 PartyB_52,MediumRisk
C-113325 PartyA_88 PartyB_296,MediumRisk
C-108689 PartyA_50 PartyB_55,HighRisk
C-124264 PartyA_27 PartyB_23,MediumRisk
C-103619 PartyA_69 PartyB_21,MediumRisk
C-107425 PartyA_112 PartyB_278,MediumRisk
C-105987 PartyA_101 PartyB_211,HighRisk
C-117556 PartyA_135 PartyB_168,MediumRisk
C-108917 PartyA_195 PartyB_56,MediumRisk
C-121463 PartyA_124 PartyB_124,LowRisk
C-107180 PartyA_299 PartyB_254,MediumRisk
C-101976 PartyA_59 PartyB_246,HighRisk
C-109634 PartyA_201 PartyB_141,HighRisk
C-102309 PartyA_281 PartyB_127,HighRisk
C-103549 PartyA_97 PartyB_160,MediumRisk
C-101766 PartyA_162 PartyB_128,MediumRisk
C-107150 PartyA_163 PartyB_96,MediumRisk
C-114590 PartyA_28 PartyB_119,MediumRisk
C-119958 PartyA_23 PartyB_66,MediumRisk
C-109680 PartyA_237 PartyB_149,MediumRisk
C-104907 PartyA_289 PartyB_153,LowRisk
C-117189 PartyA_260 PartyB_184,MediumRisk
C-105164 PartyA_22 PartyB_164,HighRisk
C-117398 PartyA_216 PartyB_1,MediumRisk
C-117956 PartyA_108 PartyB_126,MediumRisk
C-112051 PartyA_197 PartyB_212,MediumRisk
C-119257 PartyA_212 PartyB_67,HighRisk
C-113316 PartyA_227 PartyB_7,HighRisk
C-104638 PartyA_108 PartyB_271,MediumRisk
C-112691 PartyA_173 PartyB_184,MediumRisk
C-109451 PartyA_213 PartyB_81,MediumRisk
C-108237 PartyA_7 PartyB_67,MediumRisk
C-116683 PartyA_11 PartyB_122,MediumRisk
C-101655 PartyA_289 PartyB_287,MediumRisk
C-102861 PartyA_275 PartyB_144,HighRisk
C-108801 PartyA_247 PartyB_230,MediumRisk
C-114055 PartyA_76 PartyB_53,HighRisk
C-103322 PartyA_78 PartyB_160,MediumRisk
C-109357 PartyA_47 PartyB_90,MediumRisk
C-109665 PartyA_245 PartyB_52,MediumRisk
C-120608 PartyA_137 PartyB_211,MediumRisk
C-105903 PartyA_209 PartyB_226,HighRisk
C-103861 PartyA_54 PartyB_45,MediumRisk
C-108063 PartyA_286 PartyB_276,HighRisk
C-104812 PartyA_150 PartyB_285,LowRisk
C-102126 PartyA_204 PartyB_8,LowRisk
C-121361 PartyA_25 PartyB_24,MediumRisk
C-112971 PartyA_55 PartyB_66,MediumRisk
C-102088 PartyA_65 PartyB_203,HighRisk
C-100981 PartyA_271 PartyB_154,HighRisk
C-106558 PartyA_188 PartyB_157,MediumRisk
C-118348 PartyA_15 PartyB_96,MediumRisk
C-120432 PartyA_136 PartyB_175,MediumRisk
C-105267 PartyA_64 PartyB_263,MediumRisk
C-109438 PartyA_299 PartyB_98,MediumRisk
C-100800 PartyA_47 PartyB_156,HighRisk
C-110266 PartyA_25 PartyB_158,MediumRisk
C-120868 PartyA_253 PartyB_91,LowRisk
C-123690 PartyA_198 PartyB_152,MediumRisk
C-117155 PartyA_236 PartyB_26,MediumRisk
C-119932 PartyA_206 PartyB_134,HighRisk
C-113701 PartyA_258 PartyB_71,MediumRisk
C-103290 PartyA_42 PartyB_257,HighRisk
C-124518 PartyA_214 PartyB_269,MediumRisk
C-123633 PartyA_70 PartyB_160,HighRisk
C-124822 PartyA_181 PartyB_170,LowRisk
C-101516 PartyA_162 PartyB_250,MediumRisk
C-108530 PartyA_223 PartyB_180,MediumRisk
C-101781 PartyA_23 PartyB_254,MediumRisk
C-122120 PartyA_136 PartyB_76,MediumRisk
C-116435 PartyA_185 PartyB_118,MediumRisk
C-121701 PartyA_119 PartyB_90,HighRisk
C-112005 PartyA_267 PartyB_135,LowRisk
C-110673 PartyA_283 PartyB_269,HighRisk
C-102432 PartyA_231 PartyB_229,MediumRisk
C-106856 PartyA_227 PartyB_285,MediumRisk
C-118315 PartyA_181 PartyB_123,MediumRisk
C-121287 PartyA_175 PartyB_180,HighRisk
C-122583 PartyA_124 PartyB_103,MediumRisk
C-117819 PartyA_267 PartyB_269,MediumRisk
C-117542 PartyA_217 PartyB_180,LowRisk
C-106584 PartyA_281 PartyB_261,MediumRisk
C-103217 PartyA_288 PartyB_140,MediumRisk
C-107666 PartyA_261 PartyB_6,MediumRisk
C-116814 PartyA_183 PartyB_206,MediumRisk
C-124240 PartyA_43 PartyB_183,MediumRisk
C-115095 PartyA_166 PartyB_32,HighRisk
C-119879 PartyA_126 PartyB_47,MediumRisk
C-100796 PartyA_126 PartyB_165,MediumRisk
C-115831 PartyA_20 PartyB_60,MediumRisk
C-122072 PartyA_41 PartyB_120,MediumRisk
C-117328 PartyA_142 PartyB_183,MediumRisk
C-110865 PartyA_89 PartyB_63,LowRisk
C-119980 PartyA_20 PartyB_111,MediumRisk
C-114777 PartyA_145 PartyB_161,HighRisk
C-113443 PartyA_107 PartyB_280,MediumRisk
C-105309 PartyA_176 PartyB_4,MediumRisk
C-109314 PartyA_247 PartyB_56,MediumRisk
C-116632 PartyA_165 PartyB_165,LowRisk
C-103101 PartyA_8 PartyB_227,MediumRisk
C-123896 PartyA_147 PartyB_201,HighRisk
C-108276 PartyA_189 PartyB_52,MediumRisk
C-116606 PartyA_206 PartyB_280,HighRisk
C-106693 PartyA_271 PartyB_220,MediumRisk
C-100026 PartyA_134 PartyB_105,MediumRisk
C-124827 PartyA_28 PartyB_281,MediumRisk
C-114433 PartyA_82 PartyB_67,MediumRisk
C-103099 PartyA_7 PartyB_291,MediumRisk
C-114127 PartyA_162 PartyB_158,MediumRisk
C-124106 PartyA_28 PartyB_261,MediumRisk
C-117920 PartyA_141 PartyB_54,MediumRisk
C-116679 PartyA_45 PartyB_11,HighRisk
C-115925 PartyA_286 PartyB_140,MediumRisk
C-105700 PartyA_237 PartyB_230,MediumRisk
C-121757 PartyA_286 PartyB_299,MediumRisk
C-113848 PartyA_32 PartyB_122,HighRisk
C-120545 PartyA_71 PartyB_244,HighRisk
C-110519 PartyA_260 PartyB_297,HighRisk
C-107596 PartyA_74 PartyB_134,MediumRisk
C-118391 PartyA_13 PartyB_129,MediumRisk
C-118825 PartyA_238 PartyB_44,MediumRisk
C-114035 PartyA_160 PartyB_253,MediumRisk
C-116853 PartyA_97 PartyB_150,MediumRisk
C-105118 PartyA_139 PartyB_93,MediumRisk
C-102231 PartyA_68 PartyB_4,MediumRisk
C-121878 PartyA_240 PartyB_52,LowRisk
C-124209 PartyA_288 PartyB_259,MediumRisk
C-101590 PartyA_124 PartyB_145,MediumRisk
C-113909 PartyA_141 PartyB_108,HighRisk
C-106472 PartyA_268 PartyB_275,MediumRisk
C-111527 PartyA_194 PartyB_11,MediumRisk
C-114469 PartyA_67 PartyB_238,MediumRisk
C-123441 PartyA_262 PartyB_64,MediumRisk
C-101592 PartyA_157 PartyB_218,MediumRisk
C-108637 PartyA_66 PartyB_67,MediumRisk
C-101082 PartyA_105 PartyB_54,HighRisk
C-124742 PartyA_21 PartyB_124,MediumRisk
C-103221 PartyA_139 PartyB_157,HighRisk
C-107852 PartyA_51 PartyB_238,MediumRisk
C-118170 PartyA_6 PartyB_90,MediumRisk
C-124277 PartyA_155 PartyB_140,HighRisk
C-103546 PartyA_67 PartyB_35,MediumRisk
C-118637 PartyA_289 PartyB_89,MediumRisk
C-106867 PartyA_99 PartyB_252,MediumRisk
C-106512 PartyA_262 PartyB_93,MediumRisk
C-112587 PartyA_185 PartyB_208,MediumRisk
C-102713 PartyA_184 PartyB_133,HighRisk
C-112740 PartyA_264 PartyB_128,HighRisk
C-119436 PartyA_272 PartyB_20,HighRisk
C-119772 PartyA_145 PartyB_32,MediumRisk
C-122129 PartyA_200 PartyB_257,MediumRisk
C-117048 PartyA_293 PartyB_4,HighRisk
C-101904 PartyA_234 PartyB_236,MediumRisk
C-105725 PartyA_134 PartyB_298,MediumRisk
C-108260 PartyA_31 PartyB_91,HighRisk
C-124812 PartyA_112 PartyB_4,HighRisk
C-121012 PartyA_100 PartyB_131,MediumRisk
C-100434 PartyA_146 PartyB_44,HighRisk
C-119875 PartyA_279 PartyB_163,LowRisk
C-104856 PartyA_286 PartyB_24,MediumRisk
C-122613 PartyA_201 PartyB_254,MediumRisk
C-124476 PartyA_222 PartyB_7,HighRisk
C-108986 PartyA_109 PartyB_232,MediumRisk
C-102834 PartyA_28 PartyB_250,MediumRisk
C-102203 PartyA_24 PartyB_230,MediumRisk
C-103445 PartyA_251 PartyB_25,HighRisk
C-111008 PartyA_222 PartyB_111,MediumRisk
C-123372 PartyA_152 PartyB_108,MediumRisk
C-106962 PartyA_221 PartyB_250,HighRisk
C-108701 PartyA_165 PartyB_61,MediumRisk
C-107506 PartyA_59 PartyB_291,MediumRisk
C-104280 PartyA_209 PartyB_30,MediumRisk
C-103767 PartyA_31 PartyB_284,HighRisk
C-122356 PartyA_50 PartyB_250,MediumRisk
C-121309 PartyA_107 PartyB_213,MediumRisk
C-118164 PartyA_248 PartyB_200,MediumRisk
C-108753 PartyA_213 PartyB_239,HighRisk
C-114972 PartyA_188 PartyB_90,LowRisk
C-111790 PartyA_211 PartyB_77,HighRisk
C-118016 PartyA_112 PartyB_18,MediumRisk
C-100743 PartyA_96 PartyB_109,HighRisk
C-109326 PartyA_34 PartyB_154,HighRisk
C-114612 PartyA_78 PartyB_158,HighRisk
C-105378 PartyA_92 PartyB_38,MediumRisk
C-112965 PartyA_111 PartyB_127,MediumRisk
C-110407 PartyA_300 PartyB_129,HighRisk
C-103238 PartyA_223 PartyB_297,MediumRisk
C-107240 PartyA_110 PartyB_62,MediumRisk
C-115744 PartyA_71 PartyB_183,HighRisk
C-100932 PartyA_238 PartyB_250,MediumRisk
C-108382 PartyA_50 PartyB_154,HighRisk
C-116592 PartyA_195 PartyB_274,MediumRisk
C-103484 PartyA_275 PartyB_121,HighRisk
C-119972 PartyA_75 PartyB_51,MediumRisk
C-109709 PartyA_27 PartyB_126,HighRisk
C-123988 PartyA_149 PartyB_32,HighRisk
C-101368 PartyA_66 PartyB_266,HighRisk
C-107590 PartyA_194 PartyB_117,LowRisk
C-104204 PartyA_285 PartyB_92,MediumRisk
C-101547 PartyA_213 PartyB_48,MediumRisk
C-118169 PartyA_174 PartyB_156,MediumRisk
C-119331 PartyA_162 PartyB_104,HighRisk
C-111177 PartyA_191 PartyB_233,HighRisk
C-123513 PartyA_44 PartyB_274,MediumRisk
C-110010 PartyA_233 PartyB_92,HighRisk
C-112549 PartyA_65 PartyB_46,LowRisk
C-114723 PartyA_205 PartyB_143,MediumRisk
C-107479 PartyA_274 PartyB_297,MediumRisk
C-108545 PartyA_145 PartyB_219,HighRisk
C-122397 PartyA_21 PartyB_129,MediumRisk
C-120154 PartyA_236 PartyB_121,MediumRisk
C-114865 PartyA_77 PartyB_137,MediumRisk
C-111993 PartyA_150 PartyB_44,MediumRisk
C-108825 PartyA_49 PartyB_66,MediumRisk
C-101935 PartyA_14 PartyB_155,MediumRisk
C-104899 PartyA_130 PartyB_267,MediumRisk
C-118741 PartyA_278 PartyB_299,MediumRisk
C-103991 PartyA_290 PartyB_280,MediumRisk
C-103447 PartyA_298 PartyB_209,MediumRisk
C-111931 PartyA_77 PartyB_226,MediumRisk
C-101185 PartyA_242 PartyB_168,MediumRisk
C-119193 PartyA_202 PartyB_243,HighRisk
C-108970 PartyA_286 PartyB_3,MediumRisk
C-103021 PartyA_197 PartyB_33,MediumRisk
C-109368 PartyA_200 PartyB_38,MediumRisk
C-118750 PartyA_66 PartyB_184,MediumRisk
C-116442 PartyA_74 PartyB_130,MediumRisk
C-109955 PartyA_49 PartyB_196,MediumRisk
C-106211 PartyA_13 PartyB_128,MediumRisk
C-104595 PartyA_124 PartyB_116,MediumRisk
C-114091 PartyA_126 PartyB_108,MediumRisk
C-112704 PartyA_259 PartyB_61,MediumRisk
C-119647 PartyA_96 PartyB_203,MediumRisk
C-117237 PartyA_241 PartyB_125,MediumRisk
C-118303 PartyA_142 PartyB_295,MediumRisk
C-110330 PartyA_60 PartyB_258,HighRisk
C-109123 PartyA_54 PartyB_220,MediumRisk
C-111040 PartyA_286 PartyB_103,MediumRisk
C-105142 PartyA_97 PartyB_149,MediumRisk
C-104993 PartyA_300 PartyB_227,MediumRisk
C-115427 PartyA_279 PartyB_127,MediumRisk
C-102291 PartyA_1 PartyB_103,MediumRisk
C-101216 PartyA_175 PartyB_257,MediumRisk
C-112618 PartyA_58 PartyB_16,MediumRisk
C-103603 PartyA_118 PartyB_234,HighRisk
C-124748 PartyA_185 PartyB_183,LowRisk
C-112800 PartyA_45 PartyB_237,MediumRisk
C-120244 PartyA_161 PartyB_10,MediumRisk
C-116884 PartyA_273 PartyB_106,HighRisk
C-101659 PartyA_279 PartyB_76,LowRisk
C-110262 PartyA_158 PartyB_295,HighRisk
C-117075 PartyA_29 PartyB_284,MediumRisk
C-100842 PartyA_146 PartyB_106,LowRisk
C-102977 PartyA_232 PartyB_53,MediumRisk
C-107408 PartyA_297 PartyB_136,MediumRisk
C-120067 PartyA_66 PartyB_164,HighRisk
C-102091 PartyA_32 PartyB_70,LowRisk
C-120951 PartyA_195 PartyB_267,MediumRisk
C-106367 PartyA_210 PartyB_93,HighRisk
C-103063 PartyA_32 PartyB_4,MediumRisk
C-118503 PartyA_46 PartyB_190,MediumRisk
C-109191 PartyA_131 PartyB_172,HighRisk
C-100791 PartyA_229 PartyB_43,MediumRisk
C-124957 PartyA_256 PartyB_210,MediumRisk
C-102633 PartyA_268 PartyB_229,HighRisk
C-103297 PartyA_284 PartyB_221,MediumRisk
C-107155 PartyA_281 PartyB_156,MediumRisk
C-117733 PartyA_205 PartyB_109,MediumRisk
C-105521 PartyA_90 PartyB_74,HighRisk
C-106004 PartyA_270 PartyB_77,MediumRisk
C-121177 PartyA_177 PartyB_16,LowRisk
C-104100 PartyA_8 PartyB_257,MediumRisk
C-107926 PartyA_89 PartyB_89,MediumRisk
C-124163 PartyA_247 PartyB_222,MediumRisk
C-121672 PartyA_294 PartyB_118,MediumRisk
C-112723 PartyA_110 PartyB_64,LowRisk
C-114358 PartyA_148 PartyB_291,HighRisk
C-100014 PartyA_273 PartyB_65,MediumRisk
C-104778 PartyA_16 PartyB_146,MediumRisk
C-102792 PartyA_139 PartyB_255,HighRisk
C-120725 PartyA_275 PartyB_87,MediumRisk
C-116468 PartyA_254 PartyB_125,MediumRisk
C-111321 PartyA_155 PartyB_254,MediumRisk
C-105922 PartyA_37 PartyB_269,MediumRisk
C-116333 PartyA_146 PartyB_92,MediumRisk
C-116712 PartyA_182 PartyB_4,HighRisk
C-109881 PartyA_211 PartyB_260,MediumRisk
C-108067 PartyA_136 PartyB_280,LowRisk
C-110836 PartyA_78 PartyB_191,MediumRisk
C-115297 PartyA_213 PartyB_72,MediumRisk
C-122992 PartyA_285 PartyB_18,HighRisk
C-100098 PartyA_141 PartyB_5,MediumRisk
C-102606 PartyA_5 PartyB_16,LowRisk
C-114258 PartyA_245 PartyB_143,MediumRisk
C-121231 PartyA_33 PartyB_218,MediumRisk
C-124076 PartyA_265 PartyB_60,MediumRisk
C-107038 PartyA_22 PartyB_34,MediumRisk
C-122914 PartyA_257 PartyB_225,MediumRisk
C-100005 PartyA_108 PartyB_137,MediumRisk
C-111626 PartyA_105 PartyB_153,MediumRisk
C-120430 PartyA_4 PartyB_217,HighRisk
C-105012 PartyA_133 PartyB_252,MediumRisk
C-118114 PartyA_128 PartyB_113,MediumRisk
C-105413 PartyA_83 PartyB_5,MediumRisk
C-108803 PartyA_294 PartyB_187,MediumRisk
C-100461 PartyA_176 PartyB_188,MediumRisk
C-100440 PartyA_132 PartyB_97,LowRisk
C-112481 PartyA_28 PartyB_63,MediumRisk
C-118835 PartyA_153 PartyB_31,MediumRisk
C-119379 PartyA_274 PartyB_293,MediumRisk
C-116971 PartyA_41 PartyB_61,MediumRisk
C-101938 PartyA_181 PartyB_110,MediumRisk
C-112469 PartyA_3 PartyB_200,MediumRisk
C-109117 PartyA_114 PartyB_210,LowRisk
C-115829 PartyA_283 PartyB_121,MediumRisk
C-104870 PartyA_83 PartyB_173,MediumRisk
C-110877 PartyA_228 PartyB_298,HighRisk
C-123875 PartyA_241 PartyB_208,MediumRisk
C-107975 PartyA_6 PartyB_83,HighRisk
C-121124 PartyA_255 PartyB_81,MediumRisk
C-117499 PartyA_287 PartyB_276,MediumRisk
C-121993 PartyA_240 PartyB_267,MediumRisk
C-107704 PartyA_175 PartyB_128,HighRisk
C-119245 PartyA_176 PartyB_225,MediumRisk
C-124807 PartyA_73 PartyB_133,MediumRisk
C-105069 PartyA_135 PartyB_242,MediumRisk
C-107222 PartyA_266 PartyB_10,HighRisk
C-113236 PartyA_112 PartyB_213,HighRisk
C-121854 PartyA_267 PartyB_70,HighRisk
C-115440 PartyA_9 PartyB_157,MediumRisk
C-114049 PartyA_92 PartyB_214,MediumRisk
C-115701 PartyA_115 PartyB_104,MediumRisk
C-120075 PartyA_187 PartyB_196,MediumRisk
C-105465 PartyA_49 PartyB_111,HighRisk
C-107511 PartyA_15 PartyB_231,MediumRisk
C-107664 PartyA_28 PartyB_214,LowRisk
C-111264 PartyA_86 PartyB_50,HighRisk
C-100568 PartyA_74 PartyB_133,HighRisk
C-121049 PartyA_7 PartyB_266,MediumRisk
C-122373 PartyA_5 PartyB_178,LowRisk
C-120860 PartyA_188 PartyB_153,MediumRisk
C-116074 PartyA_179 PartyB_85,MediumRisk
C-109501 PartyA_83 PartyB_105,HighRisk
C-114753 PartyA_218 PartyB_221,MediumRisk
C-107181 PartyA_248 PartyB_241,HighRisk
C-122570 PartyA_295 PartyB_63,HighRisk
C-108046 PartyA_261 PartyB_137,LowRisk
C-112235 PartyA_281 PartyB_109,LowRisk
C-120874 PartyA_290 PartyB_7,HighRisk
C-102333 PartyA_279 PartyB_284,MediumRisk
C-124580 PartyA_267 PartyB_22,MediumRisk
C-124307 PartyA_105 PartyB_294,MediumRisk
C-109081 PartyA_133 PartyB_58,MediumRisk
C-123796 PartyA_193 PartyB_68,LowRisk
C-102525 PartyA_12 PartyB_198,MediumRisk
C-109876 PartyA_151 PartyB_279,HighRisk
C-114320 PartyA_189 PartyB_116,LowRisk
C-115889 PartyA_71 PartyB_211,LowRisk
C-116714 PartyA_49 PartyB_101,MediumRisk
C-106489 PartyA_268 PartyB_224,MediumRisk
C-122654 PartyA_87 PartyB_43,HighRisk
C-104454 PartyA_230 PartyB_39,MediumRisk
C-113959 PartyA_123 PartyB_20,LowRisk
C-124914 PartyA_40 PartyB_174,MediumRisk
C-118078 PartyA_268 PartyB_135,MediumRisk
C-112659 PartyA_274 PartyB_89,MediumRisk
C-122933 PartyA_278 PartyB_65,MediumRisk
C-106733 PartyA_218 PartyB_120,HighRisk
C-112538 PartyA_69 PartyB_276,HighRisk
C-103892 PartyA_72 PartyB_48,MediumRisk
C-102613 PartyA_107 PartyB_74,MediumRisk
C-109238 PartyA_187 PartyB_194,HighRisk
C-114918 PartyA_100 PartyB_285,MediumRisk
C-122056 PartyA_141 PartyB_3,MediumRisk
C-109953 PartyA_265 PartyB_89,MediumRisk
C-106935 PartyA_177 PartyB_104,MediumRisk
C-101575 PartyA_42 PartyB_172,HighRisk
C-110936 PartyA_231 PartyB_166,HighRisk
C-107988 PartyA_183 PartyB_67,MediumRisk
C-123900 PartyA_264 PartyB_37,MediumRisk
C-101583 PartyA_266 PartyB_141,MediumRisk
C-124454 PartyA_176 PartyB_25,MediumRisk
C-101520 PartyA_263 PartyB_283,MediumRisk
C-124705 PartyA_160 PartyB_118,HighRisk
C-101617 PartyA_21 PartyB_260,MediumRisk
C-118623 PartyA_295 PartyB_295,HighRisk
C-124203 PartyA_132 PartyB_135,MediumRisk
C-115214 PartyA_138 PartyB_61,MediumRisk
C-110899 PartyA_42 PartyB_107,MediumRisk
C-107621 PartyA_120 PartyB_203,MediumRisk
C-116584 PartyA_224 PartyB_190,MediumRisk
C-105058 PartyA_204 PartyB_180,HighRisk
C-124354 PartyA_245 PartyB_68,MediumRisk
C-123927 PartyA_2 PartyB_116,HighRisk
C-123174 PartyA_35 PartyB_257,MediumRisk
C-102318 PartyA_190 PartyB_206,MediumRisk
C-109829 PartyA_78 PartyB_223,MediumRisk
C-100405 PartyA_38 PartyB_163,MediumRisk
C-100219 PartyA_295 PartyB_164,HighRisk
C-104123 PartyA_231 PartyB_8,MediumRisk
C-123405 PartyA_270 PartyB_130,MediumRisk
C-111625 PartyA_244 PartyB_191,MediumRisk
C-121048 PartyA_249 PartyB_66,HighRisk
C-108756 PartyA_152 PartyB_254,HighRisk
C-102037 PartyA_210 PartyB_60,MediumRisk
C-107947 PartyA_235 PartyB_1,HighRisk
C-101022 PartyA_123 PartyB_114,HighRisk
C-107434 PartyA_63 PartyB_242,MediumRisk
C-120871 PartyA_192 PartyB_98,HighRisk
C-100266 PartyA_71 PartyB_295,MediumRisk
C-118253 PartyA_99 PartyB_121,MediumRisk
C-108861 PartyA_267 PartyB_234,MediumRisk
C-103827 PartyA_5 PartyB_19,MediumRisk
C-121207 PartyA_136 PartyB_49,MediumRisk
C-121599 PartyA_153 PartyB_70,HighRisk
C-101351 PartyA_226 PartyB_91,HighRisk
C-113356 PartyA_150 PartyB_176,HighRisk
C-113394 PartyA_275 PartyB_245,HighRisk
C-104665 PartyA_134 PartyB_233,MediumRisk
C-101263 PartyA_164 PartyB_38,MediumRisk
C-116974 PartyA_144 PartyB_139,MediumRisk
C-103584 PartyA_118 PartyB_179,LowRisk
C-105524 PartyA_56 PartyB_130,HighRisk
C-107913 PartyA_280 PartyB_233,HighRisk
C-107472 PartyA_147 PartyB_44,MediumRisk
C-104723 PartyA_91 PartyB_190,HighRisk
C-111786 PartyA_54 PartyB_23,HighRisk
C-119035 PartyA_53 PartyB_54,MediumRisk
C-119960 PartyA_181 PartyB_296,HighRisk
C-104762 PartyA_245 PartyB_67,MediumRisk
C-104968 PartyA_204 PartyB_138,MediumRisk
C-124196 PartyA_160 PartyB_115,HighRisk
C-115583 PartyA_263 PartyB_117,HighRisk
C-110180 PartyA_161 PartyB_143,MediumRisk
C-115019 PartyA_15 PartyB_46,MediumRisk
C-111869 PartyA_185 PartyB_90,MediumRisk
C-103517 PartyA_207 PartyB_187,HighRisk
C-100395 PartyA_212 PartyB_263,HighRisk
C-103833 PartyA_127 PartyB_82,MediumRisk
C-120882 PartyA_126 PartyB_161,HighRisk
C-115902 PartyA_293 PartyB_137,MediumRisk
C-104708 PartyA_70 PartyB_300,MediumRisk
C-118011 PartyA_222 PartyB_36,HighRisk
C-103307 PartyA_149 PartyB_184,MediumRisk
C-106291 PartyA_154 PartyB_19,HighRisk
C-119383 PartyA_201 PartyB_23,MediumRisk
C-105440 PartyA_294 PartyB_170,LowRisk
C-109260 PartyA_189 PartyB_226,HighRisk
C-110791 PartyA_239 PartyB_297,MediumRisk
C-116419 PartyA_158 PartyB_92,MediumRisk
C-112129 PartyA_101 PartyB_55,MediumRisk
C-111574 PartyA_102 PartyB_192,HighRisk
C-108950 PartyA_261 PartyB_220,HighRisk
C-118523 PartyA_154 PartyB_206,MediumRisk
C-118636 PartyA_35 PartyB_169,MediumRisk
C-116857 PartyA_150 PartyB_158,LowRisk
C-111747 PartyA_16 PartyB_2,HighRisk
C-122231 PartyA_248 PartyB_104,MediumRisk
C-110484 PartyA_68 PartyB_216,MediumRisk
C-105088 PartyA_271 PartyB_255,MediumRisk
C-123015 PartyA_69 PartyB_57,MediumRisk
C-100895 PartyA_60 PartyB_149,MediumRisk
C-113487 PartyA_99 PartyB_148,MediumRisk
C-101225 PartyA_19 PartyB_58,MediumRisk
C-120985 PartyA_233 PartyB_35,HighRisk
C-106408 PartyA_100 PartyB_51,MediumRisk
C-120973 PartyA_84 PartyB_32,HighRisk
C-104754 PartyA_154 PartyB_100,HighRisk
C-111309 PartyA_232 PartyB_58,MediumRisk
C-106955 PartyA_199 PartyB_89,HighRisk
C-106110 PartyA_230 PartyB_80,HighRisk
C-106761 PartyA_213 PartyB_96,MediumRisk
C-112285 PartyA_82 PartyB_16,MediumRisk
C-119270 PartyA_258 PartyB_294,MediumRisk
C-111603 PartyA_216 PartyB_182,MediumRisk
C-119025 PartyA_82 PartyB_115,HighRisk
C-104860 PartyA_204 PartyB_218,MediumRisk
C-110667 PartyA_206 PartyB_120,HighRisk
C-122154 PartyA_70 PartyB_245,HighRisk
C-121926 PartyA_75 PartyB_178,HighRisk
C-106266 PartyA_2 PartyB_56,MediumRisk
C-110414 PartyA_241 PartyB_70,MediumRisk
C-120947 PartyA_195 PartyB_6,MediumRisk
C-103796 PartyA_170 PartyB_30,MediumRisk
C-110419 PartyA_155 PartyB_198,MediumRisk
C-103904 PartyA_195 PartyB_69,MediumRisk
C-124135 PartyA_136 PartyB_41,MediumRisk
C-117404 PartyA_85 PartyB_75,MediumRisk
C-109466 PartyA_168 PartyB_273,HighRisk
C-117521 PartyA_143 PartyB_25,MediumRisk
C-123906 PartyA_190 PartyB_151,HighRisk
C-112137 PartyA_40 PartyB_214,MediumRisk
C-115132 PartyA_62 PartyB_63,HighRisk
C-117035 PartyA_139 PartyB_149,MediumRisk
C-116123 PartyA_71 PartyB_197,MediumRisk
C-116553 PartyA_90 PartyB_138,MediumRisk
C-107702 PartyA_197 PartyB_196,HighRisk
C-120356 PartyA_65 PartyB_193,MediumRisk
C-121624 PartyA_242 PartyB_44,HighRisk
C-104636 PartyA_13 PartyB_136,HighRisk
C-120551 PartyA_183 PartyB_291,MediumRisk
C-121924 PartyA_74 PartyB_63,MediumRisk
C-102788 PartyA_175 PartyB_79,MediumRisk
C-106268 PartyA_20 PartyB_134,MediumRisk
C-101180 PartyA_177 PartyB_8,HighRisk
C-117590 PartyA_5 PartyB_4,HighRisk
C-100061 PartyA_239 PartyB_224,MediumRisk
C-115017 PartyA_6 PartyB_196,HighRisk
C-114610 PartyA_92 PartyB_202,HighRisk
C-105422 PartyA_107 PartyB_206,MediumRisk
C-113344 PartyA_287 PartyB_179,HighRisk
C-101459 PartyA_13 PartyB_9,HighRisk
C-111233 PartyA_89 PartyB_125,HighRisk
C-112439 PartyA_278 PartyB_141,HighRisk
C-105358 PartyA_177 PartyB_53,MediumRisk
C-124837 PartyA_211 PartyB_267,MediumRisk
C-114950 PartyA_151 PartyB_208,MediumRisk
C-114412 PartyA_9 PartyB_69,MediumRisk
C-119353 PartyA_260 PartyB_205,MediumRisk
C-107336 PartyA_53 PartyB_31,MediumRisk
C-100452 PartyA_125 PartyB_174,MediumRisk
C-112573 PartyA_12 PartyB_175,MediumRisk
C-117342 PartyA_227 PartyB_154,MediumRisk
C-109778 PartyA_59 PartyB_86,MediumRisk
C-101395 PartyA_67 PartyB_6,MediumRisk
C-110026 PartyA_221 PartyB_74,MediumRisk
C-124489 PartyA_159 PartyB_205,MediumRisk
C-103889 PartyA_44 PartyB_134,HighRisk
C-120615 PartyA_169 PartyB_48,LowRisk
C-100596 PartyA_124 PartyB_100,MediumRisk
C-105620 PartyA_56 PartyB_47,MediumRisk
C-113571 PartyA_259 PartyB_240,MediumRisk
C-111401 PartyA_11 PartyB_168,MediumRisk
C-119553 PartyA_181 PartyB_66,MediumRisk
C-119354 PartyA_199 PartyB_177,MediumRisk
C-105639 PartyA_160 PartyB_182,HighRisk
C-104849 PartyA_129 PartyB_175,MediumRisk
C-103299 PartyA_220 PartyB_78,HighRisk
C-100064 PartyA_285 PartyB_124,LowRisk
C-112090 PartyA_91 PartyB_60,LowRisk
C-121214 PartyA_121 PartyB_205,HighRisk
C-103032 PartyA_291 PartyB_251,MediumRisk
C-124103 PartyA_292 PartyB_1,HighRisk
C-102094 PartyA_221 PartyB_47,LowRisk
C-123656 PartyA_150 PartyB_287,MediumRisk
C-121228 PartyA_56 PartyB_147,MediumRisk
C-114907 PartyA_47 PartyB_84,HighRisk
C-119560 PartyA_126 PartyB_177,MediumRisk
C-103856 PartyA_198 PartyB_63,MediumRisk
C-104459 PartyA_164 PartyB_87,HighRisk
C-106601 PartyA_54 PartyB_43,HighRisk
C-110223 PartyA_32 PartyB_200,MediumRisk
C-114748 PartyA_223 PartyB_18,LowRisk
C-115221 PartyA_285 PartyB_197,HighRisk
C-101829 PartyA_291 PartyB_108,HighRisk
C-111809 PartyA_56 PartyB_257,HighRisk
C-123158 PartyA_246 PartyB_51,MediumRisk
C-114410 PartyA_118 PartyB_40,HighRisk
C-105838 PartyA_2 PartyB_261,HighRisk
C-115598 PartyA_167 PartyB_119,MediumRisk
C-101484 PartyA_241 PartyB_173,HighRisk
C-106088 PartyA_241 PartyB_206,LowRisk
C-106911 PartyA_76 PartyB_293,HighRisk
C-112733 PartyA_268 PartyB_223,HighRisk
C-119652 PartyA_89 PartyB_91,MediumRisk
C-119105 PartyA_36 PartyB_212,MediumRisk
C-103647 PartyA_271 PartyB_69,MediumRisk
C-104929 PartyA_209 PartyB_39,MediumRisk
C-117399 PartyA_11 PartyB_26,HighRisk
C-117899 PartyA_102 PartyB_66,MediumRisk
C-107344 PartyA_38 PartyB_266,MediumRisk
C-110110 PartyA_134 PartyB_16,LowRisk
C-103831 PartyA_49 PartyB_84,MediumRisk
C-117287 PartyA_277 PartyB_162,MediumRisk
C-113053 PartyA_1 PartyB_86,LowRisk
C-123583 PartyA_191 PartyB_87,HighRisk
C-117872 PartyA_75 PartyB_231,MediumRisk
C-110440 PartyA_26 PartyB_131,HighRisk
C-109616 PartyA_87 PartyB_208,MediumRisk
C-106690 PartyA_120 PartyB_260,MediumRisk
C-107055 PartyA_77 PartyB_189,HighRisk
C-118910 PartyA_78 PartyB_250,MediumRisk
C-114936 PartyA_177 PartyB_234,HighRisk
C-108660 PartyA_206 PartyB_56,LowRisk
C-100027 PartyA_5 PartyB_235,MediumRisk
C-122644 PartyA_220 PartyB_293,HighRisk
C-104147 PartyA_4 PartyB_223,HighRisk
C-100805 PartyA_115 PartyB_25,MediumRisk
C-116945 PartyA_184 PartyB_86,MediumRisk
C-119731 PartyA_153 PartyB_12,MediumRisk
C-117007 PartyA_212 PartyB_16,MediumRisk
C-111818 PartyA_295 PartyB_11,HighRisk
C-118112 PartyA_128 PartyB_296,HighRisk
C-120489 PartyA_166 PartyB_106,LowRisk
C-109335 PartyA_103 PartyB_144,HighRisk
C-115736 PartyA_273 PartyB_231,MediumRisk
C-122738 PartyA_34 PartyB_118,MediumRisk
C-112559 PartyA_43 PartyB_221,MediumRisk
C-111511 PartyA_50 PartyB_54,HighRisk
C-112837 PartyA_45 PartyB_224,MediumRisk
C-112344 PartyA_89 PartyB_40,HighRisk
C-100985 PartyA_208 PartyB_195,MediumRisk
C-111853 PartyA_17 PartyB_248,MediumRisk
C-120612 PartyA_266 PartyB_143,MediumRisk
C-106583 PartyA_128 PartyB_85,HighRisk
C-121004 PartyA_233 PartyB_30,MediumRisk
C-100925 PartyA_240 PartyB_258,MediumRisk
C-114861 PartyA_242 PartyB_281,MediumRisk
C-101003 PartyA_91 PartyB_43,LowRisk
C-120305 PartyA_85 PartyB_224,HighRisk
C-108035 PartyA_64 PartyB_140,MediumRisk
C-109640 PartyA_227 PartyB_180,MediumRisk
C-120381 PartyA_79 PartyB_121,HighRisk
C-120166 PartyA_123 PartyB_9,MediumRisk
C-115163 PartyA_82 PartyB_217,HighRisk
C-115283 PartyA_140 PartyB_289,MediumRisk
C-115930 PartyA_82 PartyB_92,MediumRisk
C-120913 PartyA_278 PartyB_66,HighRisk
C-105349 PartyA_245 PartyB_78,HighRisk
C-120184 PartyA_230 PartyB_91,MediumRisk
C-113415 PartyA_120 PartyB_103,MediumRisk
C-124787 PartyA_214 PartyB_254,MediumRisk
C-120236 PartyA_153 PartyB_279,MediumRisk
C-118267 PartyA_139 PartyB_84,HighRisk
C-102798 PartyA_132 PartyB_43,MediumRisk
C-103454 PartyA_174 PartyB_77,MediumRisk
C-123290 PartyA_75 PartyB_47,MediumRisk
C-118635 PartyA_237 PartyB_39,HighRisk
C-123874 PartyA_47 PartyB_215,HighRisk
C-110753 PartyA_265 PartyB_269,MediumRisk
C-105595 PartyA_10 PartyB_32,MediumRisk
C-109639 PartyA_91 PartyB_111,HighRisk
C-102324 PartyA_95 PartyB_151,MediumRisk
C-108645 PartyA_115 PartyB_44,MediumRisk
C-112741 PartyA_282 PartyB_162,MediumRisk
C-116516 PartyA_232 PartyB_191,MediumRisk
C-105441 PartyA_76 PartyB_101,HighRisk
C-120870 PartyA_99 PartyB_80,LowRisk
C-111061 PartyA_104 PartyB_216,MediumRisk
C-121908 PartyA_235 PartyB_66,MediumRisk
C-107182 PartyA_83 PartyB_87,MediumRisk
C-112622 PartyA_181 PartyB_73,MediumRisk
C-105341 PartyA_87 PartyB_118,HighRisk
C-103730 PartyA_26 PartyB_4,MediumRisk
C-109808 PartyA_222 PartyB_4,MediumRisk
C-122076 PartyA_36 PartyB_178,MediumRisk
C-118705 PartyA_113 PartyB_42,HighRisk
C-100022 PartyA_195 PartyB_2,HighRisk
C-112571 PartyA_131 PartyB_72,LowRisk
C-111571 PartyA_45 PartyB_220,MediumRisk
C-116316 PartyA_191 PartyB_254,MediumRisk
C-108885 PartyA_54 PartyB_208,MediumRisk
C-116022 PartyA_273 PartyB_209,MediumRisk
C-104502 PartyA_196 PartyB_87,MediumRisk
C-103980 PartyA_39 PartyB_83,HighRisk
C-116092 PartyA_249 PartyB_21,MediumRisk
C-110774 PartyA_218 PartyB_229,HighRisk
C-102163 PartyA_142 PartyB_40,HighRisk
C-111398 PartyA_176 PartyB_254,LowRisk
C-102896 PartyA_104 PartyB_84,MediumRisk
C-106627 PartyA_203 PartyB_208,MediumRisk
C-123359 PartyA_273 PartyB_196,HighRisk
C-116064 PartyA_21 PartyB_194,HighRisk
C-123845 PartyA_293 PartyB_2,MediumRisk
C-118719 PartyA_111 PartyB_124,MediumRisk
C-117096 PartyA_238 PartyB_19,MediumRisk
C-101992 PartyA_225 PartyB_219,MediumRisk
C-122169 PartyA_82 PartyB_29,MediumRisk
C-103195 PartyA_126 PartyB_71,HighRisk
C-119550 PartyA_118 PartyB_295,HighRisk
C-108115 PartyA_249 PartyB_293,MediumRisk
C-111876 PartyA_296 PartyB_161,HighRisk
C-114008 PartyA_37 PartyB_239,MediumRisk
C-100464 PartyA_250 PartyB_154,MediumRisk
C-119682 PartyA_142 PartyB_48,MediumRisk
C-104369 PartyA_163 PartyB_289,HighRisk
C-113643 PartyA_149 PartyB_102,MediumRisk
C-104237 PartyA_276 PartyB_293,HighRisk
C-109239 PartyA_50 PartyB_300,MediumRisk
C-120250 PartyA_95 PartyB_221,HighRisk
C-111617 PartyA_191 PartyB_72,MediumRisk
C-110648 PartyA_157 PartyB_95,HighRisk
C-119251 PartyA_170 PartyB_292,MediumRisk
C-114217 PartyA_104 PartyB_85,MediumRisk
C-124775 PartyA_212 PartyB_237,HighRisk
C-124601 PartyA_73 PartyB_210,MediumRisk
C-115557 PartyA_165 PartyB_175,MediumRisk
C-100794 PartyA_24 PartyB_83,HighRisk
C-124245 PartyA_222 PartyB_171,HighRisk
C-106886 PartyA_177 PartyB_23,MediumRisk
C-116342 PartyA_275 PartyB_14,MediumRisk
C-110994 PartyA_23 PartyB_165,HighRisk
C-101877 PartyA_33 PartyB_37,MediumRisk
C-113142 PartyA_181 PartyB_207,LowRisk
C-114709 PartyA_287 PartyB_177,MediumRisk
C-106661 PartyA_177 PartyB_159,MediumRisk
C-118129 PartyA_196 PartyB_165,HighRisk
C-119931 PartyA_170 PartyB_275,HighRisk
C-120255 PartyA_156 PartyB_79,HighRisk
C-112864 PartyA_277 PartyB_41,MediumRisk
C-112950 PartyA_102 PartyB_103,MediumRisk
C-103042 PartyA_10 PartyB_10,MediumRisk
C-123009 PartyA_70 PartyB_102,HighRisk
C-101043 PartyA_88 PartyB_46,MediumRisk
C-114235 PartyA_71 PartyB_97,MediumRisk
C-117252 PartyA_71 PartyB_253,LowRisk
C-109868 PartyA_122 PartyB_243,LowRisk
C-122549 PartyA_275 PartyB_247,MediumRisk
C-118357 PartyA_272 PartyB_41,MediumRisk
C-107386 PartyA_181 PartyB_215,MediumRisk
C-113692 PartyA_69 PartyB_72,MediumRisk
C-101844 PartyA_268 PartyB_296,LowRisk
C-104278 PartyA_161 PartyB_44,HighRisk
C-103835 PartyA_56 PartyB_103,HighRisk
C-110072 PartyA_169 PartyB_146,MediumRisk
C-103460 PartyA_91 PartyB_203,MediumRisk
C-124899 PartyA_58 PartyB_143,HighRisk
C-111487 PartyA_54 PartyB_278,HighRisk
C-105025 PartyA_183 PartyB_130,MediumRisk
C-116265 PartyA_217 PartyB_226,MediumRisk
C-109593 PartyA_177 PartyB_157,HighRisk
C-107331 PartyA_153 PartyB_125,MediumRisk
C-105271 PartyA_215 PartyB_164,HighRisk
C-100275 PartyA_128 PartyB_75,HighRisk
C-122324 PartyA_3 PartyB_118,MediumRisk
C-102692 PartyA_50 PartyB_153,MediumRisk
C-106322 PartyA_66 PartyB_85,LowRisk
C-106611 PartyA_60 PartyB_28,MediumRisk
C-116733 PartyA_36 PartyB_75,MediumRisk
C-124850 PartyA_81 PartyB_41,MediumRisk
C-103075 PartyA_99 PartyB_162,MediumRisk
C-112346 PartyA_182 PartyB_294,MediumRisk
C-107899 PartyA_207 PartyB_205,MediumRisk
C-124856 PartyA_178 PartyB_263,MediumRisk
C-111902 PartyA_241 PartyB_181,MediumRisk
C-121770 PartyA_119 PartyB_144,MediumRisk
C-111756 PartyA_141 PartyB_167,HighRisk
C-108746 PartyA_272 PartyB_232,MediumRisk
C-122807 PartyA_191 PartyB_196,MediumRisk
C-101886 PartyA_24 PartyB_183,MediumRisk
C-108537 PartyA_18 PartyB_175,MediumRisk
C-106829 PartyA_116 PartyB_119,HighRisk
C-116957 PartyA_34 PartyB_87,MediumRisk
C-109536 PartyA_240 PartyB_78,MediumRisk
C-118611 PartyA_152 PartyB_157,MediumRisk
C-104176 PartyA_191 PartyB_241,HighRisk
C-102236 PartyA_119 PartyB_206,MediumRisk
C-102853 PartyA_187 PartyB_224,MediumRisk
C-107453 PartyA_6 PartyB_216,MediumRisk
C-118057 PartyA_10 PartyB_97,MediumRisk
C-117754 PartyA_10 PartyB_168,MediumRisk
C-110346 PartyA_198 PartyB_189,MediumRisk
C-121149 PartyA_24 PartyB_169,LowRisk
C-115496 PartyA_74 PartyB_140,MediumRisk
C-109985 PartyA_281 PartyB_124,HighRisk
C-109023 PartyA_171 PartyB_138,LowRisk
C-113912 PartyA_49 PartyB_200,MediumRisk
C-110236 PartyA_207 PartyB_293,MediumRisk
C-114470 PartyA_98 PartyB_3,MediumRisk
C-114570 PartyA_292 PartyB_280,HighRisk
C-102453 PartyA_14 PartyB_111,MediumRisk
C-104314 PartyA_249 PartyB_158,HighRisk
C-123577 PartyA_59 PartyB_290,MediumRisk
C-108076 PartyA_197 PartyB_202,MediumRisk
C-108552 PartyA_84 PartyB_231,HighRisk
C-117684 PartyA_2 PartyB_255,MediumRisk
C-118667 PartyA_183 PartyB_117,MediumRisk
C-108481 PartyA_214 PartyB_11,MediumRisk
C-118634 PartyA_25 PartyB_247,MediumRisk
C-113228 PartyA_119 PartyB_81,MediumRisk
C-103515 PartyA_87 PartyB_212,HighRisk
C-113512 PartyA_66 PartyB_55,MediumRisk
C-112443 PartyA_79 PartyB_121,MediumRisk
C-108585 PartyA_50 PartyB_12,MediumRisk
C-100020 PartyA_72 PartyB_217,MediumRisk
C-112860 PartyA_257 PartyB_300,LowRisk
C-124174 PartyA_125 PartyB_227,MediumRisk
C-118934 PartyA_103 PartyB_74,MediumRisk
C-105386 PartyA_210 PartyB_119,HighRisk
C-119722 PartyA_262 PartyB_31,MediumRisk
C-107723 PartyA_276 PartyB_147,MediumRisk
C-101872 PartyA_41 PartyB_164,LowRisk
C-121819 PartyA_281 PartyB_182,MediumRisk
C-115655 PartyA_117 PartyB_5,HighRisk
C-105278 PartyA_140 PartyB_100,HighRisk
C-118212 PartyA_135 PartyB_20,LowRisk
C-105133 PartyA_99 PartyB_209,HighRisk
C-103055 PartyA_55 PartyB_45,HighRisk
C-100863 PartyA_159 PartyB_122,LowRisk
C-100871 PartyA_80 PartyB_247,MediumRisk
C-120211 PartyA_90 PartyB_280,MediumRisk
C-101508 PartyA_217 PartyB_86,MediumRisk
C-120474 PartyA_83 PartyB_9,MediumRisk
C-123646 PartyA_246 PartyB_112,HighRisk
C-118312 PartyA_4 PartyB_238,MediumRisk
C-116159 PartyA_15 PartyB_184,MediumRisk
C-121490 PartyA_259 PartyB_167,MediumRisk
C-119791 PartyA_189 PartyB_80,MediumRisk
C-111325 PartyA_98 PartyB_30,MediumRisk
C-104124 PartyA_164 PartyB_50,MediumRisk
C-114183 PartyA_81 PartyB_80,MediumRisk
C-111997 PartyA_6 PartyB_186,MediumRisk
C-102466 PartyA_14 PartyB_207,HighRisk
C-104216 PartyA_277 PartyB_135,MediumRisk
C-118979 PartyA_30 PartyB_14,MediumRisk
C-108877 PartyA_78 PartyB_89,MediumRisk
C-107103 PartyA_156 PartyB_279,MediumRisk
C-105375 PartyA_235 PartyB_182,MediumRisk
C-123630 PartyA_230 PartyB_34,MediumRisk
C-105613 PartyA_278 PartyB_204,MediumRisk
C-110926 PartyA_277 PartyB_157,MediumRisk
C-116556 PartyA_253 PartyB_70,MediumRisk
C-108866 PartyA_237 PartyB_232,HighRisk
C-101711 PartyA_14 PartyB_70,MediumRisk
C-111952 PartyA_10 PartyB_277,MediumRisk
C-115426 PartyA_283 PartyB_297,MediumRisk
C-100912 PartyA_83 PartyB_45,HighRisk
C-104789 PartyA_118 PartyB_121,HighRisk
C-113619 PartyA_240 PartyB_134,MediumRisk
C-114319 PartyA_147 PartyB_265,MediumRisk
C-102899 PartyA_72 PartyB_157,HighRisk
C-104035 PartyA_187 PartyB_82,MediumRisk
C-119878 PartyA_171 PartyB_23,MediumRisk
C-117567 PartyA_233 PartyB_283,HighRisk
C-118254 PartyA_294 PartyB_282,MediumRisk
C-104257 PartyA_61 PartyB_90,HighRisk
C-123194 PartyA_206 PartyB_186,MediumRisk
C-122133 PartyA_16 PartyB_273,MediumRisk
C-119566 PartyA_210 PartyB_7,HighRisk
C-113494 PartyA_158 PartyB_275,MediumRisk
C-101254 PartyA_197 PartyB_132,MediumRisk
C-119130 PartyA_176 PartyB_66,HighRisk
C-123764 PartyA_170 PartyB_46,MediumRisk
C-113856 PartyA_9 PartyB_148,HighRisk
C-122375 PartyA_134 PartyB_113,HighRisk
C-102122 PartyA_290 PartyB_22,LowRisk
C-102673 PartyA_131 PartyB_141,MediumRisk
C-116731 PartyA_84 PartyB_240,HighRisk
C-106118 PartyA_210 PartyB_179,MediumRisk
C-109708 PartyA_142 PartyB_75,HighRisk
C-120514 PartyA_55 PartyB_63,MediumRisk
C-103611 PartyA_15 PartyB_288,HighRisk
C-115501 PartyA_148 PartyB_165,MediumRisk
C-113976 PartyA_117 PartyB_149,HighRisk
C-113554 PartyA_20 PartyB_167,HighRisk
C-107066 PartyA_292 PartyB_290,MediumRisk
C-100337 PartyA_60 PartyB_158,LowRisk
C-119841 PartyA_37 PartyB_234,MediumRisk
C-107890 PartyA_251 PartyB_63,MediumRisk
C-114617 PartyA_141 PartyB_77,MediumRisk
C-110536 PartyA_22 PartyB_223,MediumRisk
C-104004 PartyA_267 PartyB_270,MediumRisk
C-120183 PartyA_117 PartyB_77,HighRisk
C-110684 PartyA_263 PartyB_81,MediumRisk
C-124919 PartyA_124 PartyB_135,MediumRisk
C-121025 PartyA_20 PartyB_42,MediumRisk
C-108915 PartyA_121 PartyB_72,HighRisk
C-112788 PartyA_88 PartyB_73,MediumRisk
C-107771 PartyA_13 PartyB_170,LowRisk
C-107017 PartyA_19 PartyB_104,MediumRisk
C-116392 PartyA_183 PartyB_135,MediumRisk
C-107261 PartyA_88 PartyB_203,MediumRisk
C-120035 PartyA_211 PartyB_94,HighRisk
C-112016 PartyA_109 PartyB_89,LowRisk
C-122490 PartyA_229 PartyB_124,MediumRisk
C-101841 PartyA_271 PartyB_120,MediumRisk
C-100033 PartyA_158 PartyB_187,MediumRisk
C-116360 PartyA_169 PartyB_164,MediumRisk
C-124926 PartyA_194 PartyB_25,MediumRisk
C-101076 PartyA_239 PartyB_216,MediumRisk
C-108503 PartyA_142 PartyB_7,HighRisk
C-110508 PartyA_98 PartyB_262,MediumRisk
C-105399 PartyA_273 PartyB_189,MediumRisk
C-114421 PartyA_78 PartyB_244,MediumRisk
C-118821 PartyA_8 PartyB_273,MediumRisk
C-119815 PartyA_287 PartyB_88,MediumRisk
C-115607 PartyA_99 PartyB_253,MediumRisk
C-105158 PartyA_52 PartyB_271,MediumRisk
C-108271 PartyA_12 PartyB_75,HighRisk
C-117031 PartyA_51 PartyB_35,MediumRisk
C-111633 PartyA_82 PartyB_80,MediumRisk
C-121354 PartyA_168 PartyB_3,MediumRisk
C-105886 PartyA_51 PartyB_4,HighRisk
C-114623 PartyA_206 PartyB_162,MediumRisk
C-105270 PartyA_42 PartyB_116,HighRisk
C-101745 PartyA_188 PartyB_180,HighRisk
C-122753 PartyA_137 PartyB_141,MediumRisk
C-115729 PartyA_173 PartyB_130,HighRisk
C-105280 PartyA_168 PartyB_248,HighRisk
C-111925 PartyA_288 PartyB_40,LowRisk
C-121100 PartyA_160 PartyB_176,MediumRisk
C-101024 PartyA_55 PartyB_73,LowRisk
C-104718 PartyA_165 PartyB_100,HighRisk
C-116461 PartyA_146 PartyB_165,MediumRisk
C-120112 PartyA_242 PartyB_23,MediumRisk
C-111098 PartyA_248 PartyB_121,HighRisk
C-103257 PartyA_149 PartyB_16,MediumRisk
C-108632 PartyA_24 PartyB_58,MediumRisk
C-103324 PartyA_258 PartyB_268,MediumRisk
C-119295 PartyA_282 PartyB_253,MediumRisk
C-120232 PartyA_239 PartyB_122,MediumRisk
C-122611 PartyA_160 PartyB_23,HighRisk
C-103743 PartyA_77 PartyB_31,HighRisk
C-107471 PartyA_235 PartyB_115,MediumRisk
C-112303 PartyA_179 PartyB_107,MediumRisk
C-121068 PartyA_179 PartyB_241,MediumRisk
C-123500 PartyA_59 PartyB_135,MediumRisk
C-114942 PartyA_165 PartyB_1,MediumRisk
C-122351 PartyA_229 PartyB_99,MediumRisk
C-123530 PartyA_122 PartyB_284,MediumRisk
C-106813 PartyA_79 PartyB_124,HighRisk
C-118277 PartyA_267 PartyB_278,MediumRisk
C-113024 PartyA_106 PartyB_216,MediumRisk
C-106821 PartyA_83 PartyB_71,MediumRisk
C-123795 PartyA_159 PartyB_116,MediumRisk
C-107440 PartyA_143 PartyB_297,HighRisk
C-117448 PartyA_176 PartyB_243,MediumRisk
C-117545 PartyA_270 PartyB_116,MediumRisk
C-112761 PartyA_14 PartyB_257,MediumRisk
C-122631 PartyA_259 PartyB_85,HighRisk
C-124029 PartyA_109 PartyB_58,MediumRisk
C-102357 PartyA_37 PartyB_192,MediumRisk
C-104664 PartyA_245 PartyB_190,MediumRisk
C-120063 PartyA_194 PartyB_118,MediumRisk
C-112551 PartyA_242 PartyB_147,MediumRisk
C-123336 PartyA_6 PartyB_103,MediumRisk
C-108376 PartyA_106 PartyB_242,HighRisk
C-113458 PartyA_264 PartyB_147,LowRisk
C-105707 PartyA_33 PartyB_194,MediumRisk
C-119468 PartyA_84 PartyB_123,HighRisk
C-114644 PartyA_246 PartyB_264,MediumRisk
C-107176 PartyA_242 PartyB_141,MediumRisk
C-115760 PartyA_243 PartyB_122,MediumRisk
C-121537 PartyA_115 PartyB_110,MediumRisk
C-102124 PartyA_292 PartyB_86,MediumRisk
C-119511 PartyA_5 PartyB_112,MediumRisk
C-105659 PartyA_240 PartyB_243,MediumRisk
C-110009 PartyA_97 PartyB_191,MediumRisk
C-103976 PartyA_166 PartyB_264,MediumRisk
C-100732 PartyA_236 PartyB_246,MediumRisk
C-110169 PartyA_180 PartyB_26,MediumRisk
C-105196 PartyA_150 PartyB_69,MediumRisk
C-121225 PartyA_240 PartyB_204,MediumRisk
C-103763 PartyA_53 PartyB_76,MediumRisk
C-100079 PartyA_93 PartyB_300,MediumRisk
C-104561 PartyA_47 PartyB_262,MediumRisk
C-102331 PartyA_277 PartyB_142,MediumRisk
C-104506 PartyA_275 PartyB_63,MediumRisk
C-111025 PartyA_120 PartyB_223,LowRisk
C-100333 PartyA_16 PartyB_221,MediumRisk
C-123567 PartyA_255 PartyB_139,HighRisk
C-115127 PartyA_53 PartyB_218,MediumRisk
C-116196 PartyA_244 PartyB_257,MediumRisk
C-124213 PartyA_214 PartyB_166,MediumRisk
C-118147 PartyA_163 PartyB_165,HighRisk
C-109075 PartyA_261 PartyB_275,MediumRisk
C-118957 PartyA_75 PartyB_16,MediumRisk
C-117246 PartyA_224 PartyB_116,MediumRisk
C-116670 PartyA_264 PartyB_202,MediumRisk
C-123111 PartyA_116 PartyB_272,MediumRisk
C-106834 PartyA_117 PartyB_261,HighRisk
C-115053 PartyA_191 PartyB_64,MediumRisk
C-119366 PartyA_185 PartyB_105,MediumRisk
C-106177 PartyA_203 PartyB_191,HighRisk
C-106247 PartyA_118 PartyB_289,MediumRisk
C-114053 PartyA_211 PartyB_130,MediumRisk
C-114349 PartyA_49 PartyB_246,HighRisk
C-104289 PartyA_23 PartyB_151,MediumRisk
C-120286 PartyA_99 PartyB_293,MediumRisk
C-105400 PartyA_182 PartyB_44,MediumRisk
C-100214 PartyA_194 PartyB_193,MediumRisk
C-118126 PartyA_182 PartyB_9,MediumRisk
C-124995 PartyA_59 PartyB_291,MediumRisk
C-104801 PartyA_245 PartyB_201,HighRisk
C-114121 PartyA_21 PartyB_91,MediumRisk
C-103154 PartyA_218 PartyB_89,MediumRisk
C-110769 PartyA_220 PartyB_287,HighRisk
C-100106 PartyA_121 PartyB_276,MediumRisk
C-113084 PartyA_246 PartyB_33,MediumRisk
C-117496 PartyA_292 PartyB_238,MediumRisk
C-103404 PartyA_295 PartyB_217,MediumRisk
C-107716 PartyA_13 PartyB_127,MediumRisk
C-116291 PartyA_10 PartyB_112,MediumRisk
C-112296 PartyA_152 PartyB_264,MediumRisk
C-122757 PartyA_231 PartyB_179,MediumRisk
C-106525 PartyA_112 PartyB_134,HighRisk
C-119752 PartyA_161 PartyB_62,MediumRisk
C-106387 PartyA_275 PartyB_117,MediumRisk
C-117411 PartyA_223 PartyB_101,MediumRisk
C-117341 PartyA_73 PartyB_177,MediumRisk
C-102976 PartyA_66 PartyB_128,HighRisk
C-101528 PartyA_133 PartyB_296,HighRisk
C-124246 PartyA_147 PartyB_156,HighRisk
C-100965 PartyA_44 PartyB_104,MediumRisk
C-118569 PartyA_165 PartyB_246,MediumRisk
C-113580 PartyA_189 PartyB_254,HighRisk
C-109854 PartyA_276 PartyB_110,MediumRisk
C-100455 PartyA_98 PartyB_256,HighRisk
C-111607 PartyA_171 PartyB_15,MediumRisk
C-107053 PartyA_124 PartyB_124,HighRisk
C-110388 PartyA_196 PartyB_123,MediumRisk
C-118721 PartyA_154 PartyB_106,MediumRisk
C-115676 PartyA_199 PartyB_245,MediumRisk
C-113270 PartyA_81 PartyB_80,MediumRisk
C-109286 PartyA_267 PartyB_209,MediumRisk
C-114323 PartyA_104 PartyB_160,MediumRisk
C-119341 PartyA_261 PartyB_19,MediumRisk
C-118116 PartyA_147 PartyB_109,MediumRisk
C-124959 PartyA_272 PartyB_90,MediumRisk
C-116621 PartyA_297 PartyB_95,HighRisk
C-122293 PartyA_92 PartyB_215,MediumRisk
C-114965 PartyA_115 PartyB_63,MediumRisk
C-113727 PartyA_173 PartyB_102,MediumRisk
C-111500 PartyA_298 PartyB_98,MediumRisk
C-123487 PartyA_6 PartyB_93,MediumRisk
C-119976 PartyA_122 PartyB_158,MediumRisk
C-112556 PartyA_44 PartyB_70,MediumRisk
C-121037 PartyA_290 PartyB_53,MediumRisk
C-120591 PartyA_120 PartyB_4,HighRisk
C-103646 PartyA_160 PartyB_169,MediumRisk
C-117577 PartyA_39 PartyB_111,MediumRisk
C-122157 PartyA_178 PartyB_172,MediumRisk
C-100173 PartyA_67 PartyB_222,HighRisk
C-118110 PartyA_166 PartyB_147,MediumRisk
C-102098 PartyA_91 PartyB_267,MediumRisk
C-108527 PartyA_173 PartyB_88,HighRisk
C-108511 PartyA_35 PartyB_83,LowRisk
C-113062 PartyA_208 PartyB_150,HighRisk
C-113282 PartyA_297 PartyB_35,MediumRisk
C-101526 PartyA_281 PartyB_291,MediumRisk
C-108591 PartyA_274 PartyB_223,LowRisk
C-121676 PartyA_173 PartyB_133,HighRisk
C-100749 PartyA_222 PartyB_213,MediumRisk
C-100611 PartyA_275 PartyB_77,MediumRisk
C-108052 PartyA_260 PartyB_213,MediumRisk
C-117408 PartyA_71 PartyB_96,HighRisk
C-121815 PartyA_269 PartyB_240,HighRisk
C-114654 PartyA_100 PartyB_224,MediumRisk
C-118198 PartyA_298 PartyB_40,MediumRisk
C-111449 PartyA_170 PartyB_104,MediumRisk
C-109806 PartyA_165 PartyB_178,HighRisk
C-105175 PartyA_92 PartyB_262,HighRisk
C-114720 PartyA_242 PartyB_67,MediumRisk
C-113709 PartyA_87 PartyB_74,MediumRisk
C-119135 PartyA_149 PartyB_68,MediumRisk
C-109387 PartyA_220 PartyB_94,MediumRisk
C-116235 PartyA_198 PartyB_72,MediumRisk
C-111379 PartyA_236 PartyB_127,HighRisk
C-107836 PartyA_178 PartyB_128,HighRisk
C-102030 PartyA_274 PartyB_222,MediumRisk
C-116132 PartyA_87 PartyB_90,HighRisk
C-124501 PartyA_215 PartyB_131,MediumRisk
C-123124 PartyA_176 PartyB_126,HighRisk
C-104052 PartyA_294 PartyB_210,MediumRisk
C-100348 PartyA_227 PartyB_165,MediumRisk
C-123013 PartyA_224 PartyB_186,HighRisk
C-109294 PartyA_22 PartyB_63,MediumRisk
C-119949 PartyA_149 PartyB_102,HighRisk
C-118700 PartyA_269 PartyB_264,MediumRisk
C-123094 PartyA_191 PartyB_293,HighRisk
C-121788 PartyA_44 PartyB_242,HighRisk
C-103736 PartyA_236 PartyB_26,MediumRisk
C-118409 PartyA_122 PartyB_170,HighRisk
C-104260 PartyA_222 PartyB_297,MediumRisk
C-117854 PartyA_282 PartyB_201,MediumRisk
C-101562 PartyA_83 PartyB_268,LowRisk
C-120026 PartyA_26 PartyB_131,MediumRisk
C-105623 PartyA_101 PartyB_196,MediumRisk
C-122466 PartyA_14 PartyB_267,MediumRisk
C-113784 PartyA_146 PartyB_278,LowRisk
C-116169 PartyA_75 PartyB_23,MediumRisk
C-102755 PartyA_212 PartyB_70,HighRisk
C-103212 PartyA_218 PartyB_15,HighRisk
C-107401 PartyA_137 PartyB_284,LowRisk
C-121436 PartyA_45 PartyB_219,HighRisk
C-122292 PartyA_23 PartyB_129,MediumRisk
C-120934 PartyA_153 PartyB_190,MediumRisk
C-120619 PartyA_207 PartyB_118,HighRisk
C-116918 PartyA_276 PartyB_264,MediumRisk
C-104721 PartyA_266 PartyB_124,MediumRisk
C-108835 PartyA_240 PartyB_195,MediumRisk
C-102269 PartyA_274 PartyB_40,MediumRisk
C-105965 PartyA_52 PartyB_172,HighRisk
C-110722 PartyA_32 PartyB_3,MediumRisk
C-108254 PartyA_113 PartyB_271,MediumRisk
C-123118 PartyA_63 PartyB_246,MediumRisk
C-115622 PartyA_30 PartyB_172,HighRisk
C-115947 PartyA_275 PartyB_16,HighRisk
C-104096 PartyA_121 PartyB_179,HighRisk
C-106459 PartyA_77 PartyB_285,MediumRisk
C-110405 PartyA_285 PartyB_76,MediumRisk
C-121087 PartyA_114 PartyB_244,MediumRisk
C-101565 PartyA_97 PartyB_2,MediumRisk
C-117702 PartyA_256 PartyB_212,MediumRisk
C-107711 PartyA_91 PartyB_285,MediumRisk
C-120927 PartyA_61 PartyB_97,MediumRisk
C-110540 PartyA_4 PartyB_177,HighRisk
C-109555 PartyA_138 PartyB_10,HighRisk
C-119562 PartyA_255 PartyB_226,MediumRisk
C-111256 PartyA_298 PartyB_57,MediumRisk
C-115480 PartyA_102 PartyB_279,MediumRisk
C-107111 PartyA_277 PartyB_262,MediumRisk
C-113687 PartyA_75 PartyB_177,MediumRisk
C-123242 PartyA_15 PartyB_274,MediumRisk
C-120193 PartyA_69 PartyB_84,MediumRisk
C-119150 PartyA_187 PartyB_127,MediumRisk
C-107276 PartyA_156 PartyB_160,LowRisk
C-111155 PartyA_182 PartyB_36,HighRisk
C-123790 PartyA_78 PartyB_234,MediumRisk
C-111476 PartyA_105 PartyB_251,HighRisk
C-117102 PartyA_121 PartyB_85,MediumRisk
C-110148 PartyA_25 PartyB_84,HighRisk
C-119826 PartyA_95 PartyB_112,MediumRisk
C-112759 PartyA_46 PartyB_127,HighRisk
C-109723 PartyA_80 PartyB_118,MediumRisk
C-113496 PartyA_42 PartyB_154,MediumRisk
C-118340 PartyA_129 PartyB_31,MediumRisk
C-112717 PartyA_83 PartyB_216,HighRisk
C-109613 PartyA_80 PartyB_58,MediumRisk
C-107463 PartyA_170 PartyB_169,HighRisk
C-112339 PartyA_290 PartyB_89,MediumRisk
C-104422 PartyA_61 PartyB_123,MediumRisk
C-121391 PartyA_84 PartyB_119,MediumRisk
C-102679 PartyA_77 PartyB_2,HighRisk
C-118490 PartyA_163 PartyB_190,HighRisk
C-121050 PartyA_107 PartyB_186,MediumRisk
C-120588 PartyA_55 PartyB_192,MediumRisk
C-112514 PartyA_272 PartyB_162,MediumRisk
C-112364 PartyA_70 PartyB_212,HighRisk
C-123122 PartyA_163 PartyB_72,MediumRisk
C-101521 PartyA_6 PartyB_52,HighRisk
C-115977 PartyA_175 PartyB_54,HighRisk
C-112293 PartyA_26 PartyB_161,HighRisk
C-105030 PartyA_61 PartyB_33,MediumRisk
C-105011 PartyA_34 PartyB_55,HighRisk
C-121888 PartyA_166 PartyB_16,HighRisk
C-113904 PartyA_36 PartyB_275,HighRisk
C-103591 PartyA_130 PartyB_182,MediumRisk
C-121335 PartyA_166 PartyB_29,MediumRisk
C-103905 PartyA_164 PartyB_241,MediumRisk
C-102446 PartyA_1 PartyB_72,MediumRisk
C-107720 PartyA_13 PartyB_83,MediumRisk
C-119957 PartyA_144 PartyB_198,HighRisk
C-117410 PartyA_76 PartyB_97,MediumRisk
C-114023 PartyA_203 PartyB_201,HighRisk
C-117811 PartyA_10 PartyB_22,HighRisk
C-115331 PartyA_196 PartyB_197,HighRisk
C-109416 PartyA_99 PartyB_45,MediumRisk
C-107092 PartyA_112 PartyB_161,LowRisk
C-121021 PartyA_10 PartyB_24,HighRisk
C-102056 PartyA_176 PartyB_217,MediumRisk
C-124500 PartyA_51 PartyB_201,HighRisk
C-102304 PartyA_61 PartyB_181,HighRisk
C-119683 PartyA_164 PartyB_222,HighRisk
C-104553 PartyA_156 PartyB_110,MediumRisk
C-124192 PartyA_180 PartyB_80,HighRisk
C-113745 PartyA_58 PartyB_156,MediumRisk
C-110085 PartyA_146 PartyB_23,MediumRisk
C-108387 PartyA_53 PartyB_94,HighRisk
C-121349 PartyA_281 PartyB_94,MediumRisk
C-124285 PartyA_17 PartyB_168,MediumRisk
C-115145 PartyA_48 PartyB_82,HighRisk
C-105346 PartyA_229 PartyB_88,HighRisk
C-100641 PartyA_42 PartyB_201,MediumRisk
C-109091 PartyA_68 PartyB_56,MediumRisk
C-105361 PartyA_272 PartyB_72,MediumRisk
C-104427 PartyA_223 PartyB_274,HighRisk
C-118530 PartyA_155 PartyB_122,MediumRisk
C-101896 PartyA_35 PartyB_281,HighRisk
C-120298 PartyA_191 PartyB_146,MediumRisk
C-113670 PartyA_216 PartyB_61,HighRisk
C-104429 PartyA_239 PartyB_78,MediumRisk
C-115304 PartyA_237 PartyB_274,LowRisk
C-118806 PartyA_160 PartyB_213,MediumRisk
C-103774 PartyA_9 PartyB_241,MediumRisk
C-114097 PartyA_235 PartyB_58,HighRisk
C-111508 PartyA_79 PartyB_128,HighRisk
C-100216 PartyA_118 PartyB_127,HighRisk
C-124990 PartyA_294 PartyB_228,MediumRisk
C-105291 PartyA_16 PartyB_101,MediumRisk
C-104221 PartyA_266 PartyB_132,MediumRisk
C-123600 PartyA_118 PartyB_188,MediumRisk
C-110494 PartyA_101 PartyB_82,HighRisk
C-122339 PartyA_212 PartyB_254,HighRisk
C-101615 PartyA_195 PartyB_59,MediumRisk
C-115697 PartyA_151 PartyB_55,MediumRisk
C-116680 PartyA_145 PartyB_184,LowRisk
C-103973 PartyA_21 PartyB_262,LowRisk
C-105860 PartyA_160 PartyB_277,HighRisk
C-113209 PartyA_164 PartyB_298,MediumRisk
C-120436 PartyA_178 PartyB_223,MediumRisk
C-109790 PartyA_143 PartyB_89,HighRisk
C-123401 PartyA_19 PartyB_31,HighRisk
C-118985 PartyA_142 PartyB_201,MediumRisk
C-101803 PartyA_217 PartyB_187,MediumRisk
C-122533 PartyA_227 PartyB_291,MediumRisk
C-123701 PartyA_291 PartyB_155,HighRisk
C-118123 PartyA_36 PartyB_138,MediumRisk
C-101561 PartyA_280 PartyB_129,HighRisk
C-115389 PartyA_173 PartyB_248,MediumRisk
C-120851 PartyA_162 PartyB_167,LowRisk
C-111732 PartyA_184 PartyB_148,HighRisk
C-113738 PartyA_251 PartyB_87,MediumRisk
C-109924 PartyA_274 PartyB_89,MediumRisk
C-116055 PartyA_269 PartyB_126,MediumRisk
C-108135 PartyA_8 PartyB_149,MediumRisk
C-100772 PartyA_211 PartyB_42,MediumRisk
C-110289 PartyA_268 PartyB_27,MediumRisk
C-113219 PartyA_66 PartyB_252,HighRisk
C-115272 PartyA_100 PartyB_131,MediumRisk
C-103597 PartyA_74 PartyB_225,MediumRisk
C-100394 PartyA_259 PartyB_197,LowRisk
C-121622 PartyA_20 PartyB_275,MediumRisk
C-103427 PartyA_154 PartyB_263,HighRisk
C-123970 PartyA_254 PartyB_272,MediumRisk
C-104402 PartyA_118 PartyB_212,MediumRisk
C-104948 PartyA_175 PartyB_81,MediumRisk
C-105125 PartyA_76 PartyB_156,HighRisk
C-124414 PartyA_156 PartyB_188,MediumRisk
C-121539 PartyA_127 PartyB_232,MediumRisk
C-121220 PartyA_292 PartyB_228,MediumRisk
C-118252 PartyA_280 PartyB_10,MediumRisk
C-122423 PartyA_129 PartyB_156,MediumRisk
C-113766 PartyA_298 PartyB_30,MediumRisk
C-105717 PartyA_5 PartyB_297,MediumRisk
C-102029 PartyA_284 PartyB_83,HighRisk
C-119864 PartyA_184 PartyB_268,HighRisk
C-124799 PartyA_215 PartyB_48,LowRisk
C-102057 PartyA_65 PartyB_60,HighRisk
C-115862 PartyA_145 PartyB_54,HighRisk
C-115510 PartyA_131 PartyB_230,MediumRisk
C-124487 PartyA_198 PartyB_126,MediumRisk
C-103994 PartyA_177 PartyB_174,HighRisk
C-107562 PartyA_192 PartyB_222,MediumRisk
C-124418 PartyA_83 PartyB_296,MediumRisk
C-116950 PartyA_3 PartyB_233,MediumRisk
C-124631 PartyA_28 PartyB_127,MediumRisk
C-122418 PartyA_279 PartyB_160,MediumRisk
C-119622 PartyA_244 PartyB_185,MediumRisk
C-100494 PartyA_95 PartyB_10,MediumRisk
C-116793 PartyA_156 PartyB_194,MediumRisk
C-102816 PartyA_160 PartyB_58,MediumRisk
C-108938 PartyA_288 PartyB_195,MediumRisk
C-121696 PartyA_136 PartyB_66,MediumRisk
C-118124 PartyA_43 PartyB_13,MediumRisk
C-116833 PartyA_79 PartyB_84,HighRisk
C-104098 PartyA_140 PartyB_282,HighRisk
C-124363 PartyA_275 PartyB_12,MediumRisk
C-107501 PartyA_194 PartyB_193,HighRisk
C-114810 PartyA_35 PartyB_170,HighRisk
C-109646 PartyA_142 PartyB_160,MediumRisk
C-114628 PartyA_279 PartyB_217,MediumRisk
C-124668 PartyA_212 PartyB_178,MediumRisk
C-118374 PartyA_171 PartyB_202,MediumRisk
C-102288 PartyA_126 PartyB_28,MediumRisk
C-119347 PartyA_271 PartyB_195,MediumRisk
C-101408 PartyA_231 PartyB_184,MediumRisk
C-119083 PartyA_204 PartyB_7,MediumRisk
C-115912 PartyA_249 PartyB_218,MediumRisk
C-111217 PartyA_26 PartyB_60,MediumRisk
C-108153 PartyA_281 PartyB_183,MediumRisk
C-116201 PartyA_76 PartyB_258,HighRisk
C-108204 PartyA_254 PartyB_190,HighRisk
C-115066 PartyA_194 PartyB_2,HighRisk
C-120055 PartyA_162 PartyB_295,HighRisk
C-115967 PartyA_128 PartyB_1,MediumRisk
C-122840 PartyA_180 PartyB_211,LowRisk
C-120053 PartyA_76 PartyB_2,HighRisk
C-103678 PartyA_237 PartyB_45,HighRisk
C-105681 PartyA_178 PartyB_2,MediumRisk
C-116496 PartyA_88 PartyB_60,MediumRisk
C-107962 PartyA_62 PartyB_281,HighRisk
C-110653 PartyA_242 PartyB_142,HighRisk
C-115291 PartyA_209 PartyB_185,LowRisk
C-107854 PartyA_259 PartyB_37,HighRisk
C-116416 PartyA_122 PartyB_160,MediumRisk
C-101399 PartyA_45 PartyB_39,HighRisk
C-108212 PartyA_117 PartyB_167,HighRisk
C-115527 PartyA_180 PartyB_7,LowRisk
C-124563 PartyA_191 PartyB_20,HighRisk
C-100506 PartyA_49 PartyB_20,HighRisk
C-119134 PartyA_47 PartyB_126,HighRisk
C-114165 PartyA_167 PartyB_202,MediumRisk
C-113996 PartyA_113 PartyB_114,MediumRisk
C-119178 PartyA_249 PartyB_209,MediumRisk
C-110043 PartyA_183 PartyB_125,HighRisk
C-124591 PartyA_43 PartyB_176,HighRisk
C-108108 PartyA_214 PartyB_272,HighRisk
C-102473 PartyA_3 PartyB_89,HighRisk
C-106349 PartyA_70 PartyB_21,LowRisk
C-104592 PartyA_205 PartyB_269,MediumRisk
C-112648 PartyA_109 PartyB_300,MediumRisk
C-101922 PartyA_294 PartyB_171,MediumRisk
C-124832 PartyA_104 PartyB_18,HighRisk
C-111081 PartyA_20 PartyB_161,MediumRisk
C-110049 PartyA_258 PartyB_29,MediumRisk
C-109666 PartyA_86 PartyB_292,LowRisk
C-107161 PartyA_75 PartyB_34,MediumRisk
C-110534 PartyA_132 PartyB_276,HighRisk
C-124279 PartyA_96 PartyB_56,MediumRisk
C-124099 PartyA_112 PartyB_282,MediumRisk
C-107897 PartyA_285 PartyB_29,MediumRisk
C-113578 PartyA_290 PartyB_146,MediumRisk
C-106260 PartyA_38 PartyB_11,MediumRisk
C-108142 PartyA_122 PartyB_208,LowRisk
C-104589 PartyA_138 PartyB_128,MediumRisk
C-113332 PartyA_38 PartyB_121,MediumRisk
C-114825 PartyA_76 PartyB_157,MediumRisk
C-106196 PartyA_194 PartyB_282,MediumRisk
C-113953 PartyA_186 PartyB_28,MediumRisk
C-108966 PartyA_165 PartyB_262,MediumRisk
C-119381 PartyA_24 PartyB_186,LowRisk
C-112437 PartyA_35 PartyB_116,LowRisk
C-104130 PartyA_51 PartyB_126,MediumRisk
C-115625 PartyA_298 PartyB_131,MediumRisk
C-120246 PartyA_163 PartyB_55,MediumRisk
C-111412 PartyA_79 PartyB_68,MediumRisk
C-101217 PartyA_155 PartyB_223,HighRisk
C-106827 PartyA_216 PartyB_130,HighRisk
C-100961 PartyA_95 PartyB_91,MediumRisk
C-121681 PartyA_165 PartyB_60,MediumRisk
C-109232 PartyA_231 PartyB_227,MediumRisk
C-102391 PartyA_62 PartyB_26,MediumRisk
C-100279 PartyA_290 PartyB_249,HighRisk
C-101954 PartyA_231 PartyB_281,MediumRisk
C-106321 PartyA_132 PartyB_292,MediumRisk
C-106055 PartyA_254 PartyB_58,HighRisk
C-111218 PartyA_68 PartyB_87,HighRisk
C-101740 PartyA_207 PartyB_54,MediumRisk
C-124265 PartyA_284 PartyB_299,HighRisk
C-106596 PartyA_51 PartyB_232,MediumRisk
C-108649 PartyA_263 PartyB_126,HighRisk
C-112022 PartyA_74 PartyB_115,MediumRisk
C-105962 PartyA_236 PartyB_16,HighRisk
C-123556 PartyA_120 PartyB_147,HighRisk
C-123891 PartyA_271 PartyB_134,MediumRisk
C-101345 PartyA_207 PartyB_294,MediumRisk
C-100063 PartyA_175 PartyB_144,MediumRisk
C-117261 PartyA_97 PartyB_54,MediumRisk
C-122036 PartyA_215 PartyB_202,HighRisk
C-113741 PartyA_125 PartyB_202,HighRisk
C-103029 PartyA_86 PartyB_247,HighRisk
C-112056 PartyA_224 PartyB_90,HighRisk
C-110402 PartyA_55 PartyB_2,MediumRisk
C-122941 PartyA_4 PartyB_91,MediumRisk
C-103192 PartyA_194 PartyB_107,MediumRisk
C-114521 PartyA_165 PartyB_276,MediumRisk
C-120441 PartyA_127 PartyB_253,MediumRisk
C-101454 PartyA_175 PartyB_277,HighRisk
C-116037 PartyA_28 PartyB_198,MediumRisk
C-109492 PartyA_67 PartyB_124,MediumRisk
C-111643 PartyA_132 PartyB_188,MediumRisk
C-102598 PartyA_5 PartyB_227,MediumRisk
C-119747 PartyA_123 PartyB_280,MediumRisk
C-108824 PartyA_80 PartyB_291,MediumRisk
C-101817 PartyA_44 PartyB_231,MediumRisk
C-117426 PartyA_104 PartyB_174,HighRisk
C-112354 PartyA_300 PartyB_253,HighRisk
C-108253 PartyA_286 PartyB_297,MediumRisk
C-119207 PartyA_163 PartyB_129,MediumRisk
C-108097 PartyA_103 PartyB_152,MediumRisk
C-103098 PartyA_150 PartyB_133,LowRisk
C-117437 PartyA_281 PartyB_244,MediumRisk
C-103446 PartyA_252 PartyB_23,LowRisk
C-121170 PartyA_55 PartyB_268,MediumRisk
C-109584 PartyA_123 PartyB_141,MediumRisk
C-119382 PartyA_94 PartyB_48,MediumRisk
C-106822 PartyA_281 PartyB_19,HighRisk
C-100633 PartyA_47 PartyB_9,MediumRisk
C-112585 PartyA_274 PartyB_279,MediumRisk
C-110115 PartyA_166 PartyB_129,MediumRisk
C-106961 PartyA_235 PartyB_113,HighRisk
C-120557 PartyA_214 PartyB_123,MediumRisk
C-113499 PartyA_79 PartyB_28,MediumRisk
C-107080 PartyA_92 PartyB_298,MediumRisk
C-103132 PartyA_135 PartyB_221,MediumRisk
C-116751 PartyA_154 PartyB_26,MediumRisk
C-102940 PartyA_164 PartyB_109,MediumRisk
C-123546 PartyA_174 PartyB_8,MediumRisk
C-112282 PartyA_110 PartyB_241,MediumRisk
C-101032 PartyA_140 PartyB_164,MediumRisk
C-111339 PartyA_70 PartyB_265,MediumRisk
C-102423 PartyA_251 PartyB_4,MediumRisk
C-112689 PartyA_197 PartyB_55,MediumRisk
C-106804 PartyA_186 PartyB_258,HighRisk
C-124969 PartyA_70 PartyB_294,HighRisk
C-113690 PartyA_219 PartyB_247,LowRisk
C-120424 PartyA_139 PartyB_47,HighRisk
C-122629 PartyA_258 PartyB_43,MediumRisk
C-112430 PartyA_94 PartyB_96,LowRisk
C-123539 PartyA_168 PartyB_144,MediumRisk
C-100679 PartyA_54 PartyB_203,MediumRisk
C-122578 PartyA_163 PartyB_166,MediumRisk
C-104169 PartyA_205 PartyB_29,LowRisk
C-119619 PartyA_86 PartyB_253,MediumRisk
C-108599 PartyA_149 PartyB_121,HighRisk
C-120745 PartyA_138 PartyB_119,MediumRisk
C-114096 PartyA_158 PartyB_168,LowRisk
C-123137 PartyA_235 PartyB_228,LowRisk
C-104122 PartyA_225 PartyB_257,MediumRisk
C-109815 PartyA_71 PartyB_70,MediumRisk
C-109787 PartyA_233 PartyB_214,MediumRisk
C-113710 PartyA_243 PartyB_82,LowRisk
C-109745 PartyA_185 PartyB_112,HighRisk
C-108140 PartyA_208 PartyB_288,LowRisk
C-100170 PartyA_63 PartyB_103,HighRisk
C-102882 PartyA_198 PartyB_287,MediumRisk
C-103205 PartyA_235 PartyB_171,LowRisk
C-114239 PartyA_251 PartyB_113,HighRisk
C-124964 PartyA_150 PartyB_200,LowRisk
C-115281 PartyA_294 PartyB_265,MediumRisk
C-121098 PartyA_56 PartyB_267,MediumRisk
C-101033 PartyA_86 PartyB_18,MediumRisk
C-116738 PartyA_182 PartyB_289,MediumRisk
C-121339 PartyA_86 PartyB_122,MediumRisk
C-101385 PartyA_50 PartyB_34,MediumRisk
C-101295 PartyA_242 PartyB_9,MediumRisk
C-108875 PartyA_26 PartyB_47,MediumRisk
C-112362 PartyA_289 PartyB_67,HighRisk
C-121702 PartyA_204 PartyB_19,MediumRisk
C-124599 PartyA_26 PartyB_164,MediumRisk
C-120199 PartyA_9 PartyB_156,HighRisk
C-118627 PartyA_36 PartyB_217,MediumRisk
C-123863 PartyA_6 PartyB_204,MediumRisk
C-117346 PartyA_293 PartyB_137,MediumRisk
C-107360 PartyA_225 PartyB_178,MediumRisk
C-108871 PartyA_77 PartyB_281,HighRisk
C-116046 PartyA_32 PartyB_202,MediumRisk
C-101497 PartyA_236 PartyB_85,HighRisk
C-118238 PartyA_298 PartyB_40,MediumRisk
C-108992 PartyA_170 PartyB_45,HighRisk
C-100747 PartyA_76 PartyB_243,MediumRisk
C-121069 PartyA_288 PartyB_150,MediumRisk
C-105981 PartyA_107 PartyB_74,MediumRisk
C-115001 PartyA_117 PartyB_100,MediumRisk
C-124278 PartyA_257 PartyB_150,MediumRisk
C-102206 PartyA_265 PartyB_268,MediumRisk
C-103056 PartyA_238 PartyB_229,HighRisk
C-120603 PartyA_6 PartyB_208,HighRisk
C-107379 PartyA_234 PartyB_21,HighRisk
C-100590 PartyA_78 PartyB_229,HighRisk
C-116614 PartyA_209 PartyB_214,MediumRisk
C-107508 PartyA_56 PartyB_271,MediumRisk
C-114152 PartyA_102 PartyB_234,MediumRisk
C-120235 PartyA_189 PartyB_158,HighRisk
C-101491 PartyA_219 PartyB_251,MediumRisk
C-106569 PartyA_209 PartyB_131,HighRisk
C-111356 PartyA_278 PartyB_223,MediumRisk
C-114780 PartyA_32 PartyB_269,MediumRisk
C-116147 PartyA_294 PartyB_28,LowRisk
C-117286 PartyA_94 PartyB_77,MediumRisk
C-117612 PartyA_154 PartyB_128,MediumRisk
C-107089 PartyA_126 PartyB_68,HighRisk
C-105265 PartyA_90 PartyB_144,MediumRisk
C-117747 PartyA_281 PartyB_241,HighRisk
C-109154 PartyA_12 PartyB_190,MediumRisk
C-103136 PartyA_223 PartyB_94,MediumRisk
C-109262 PartyA_267 PartyB_65,MediumRisk
C-108722 PartyA_164 PartyB_218,MediumRisk
C-113138 PartyA_6 PartyB_5,LowRisk
C-109301 PartyA_251 PartyB_226,MediumRisk
C-111638 PartyA_51 PartyB_112,HighRisk
C-111478 PartyA_67 PartyB_105,HighRisk
C-107556 PartyA_70 PartyB_179,MediumRisk
C-117026 PartyA_130 PartyB_59,MediumRisk
C-108379 PartyA_53 PartyB_57,HighRisk
C-103325 PartyA_96 PartyB_66,MediumRisk
C-105803 PartyA_250 PartyB_252,MediumRisk
C-122409 PartyA_242 PartyB_300,MediumRisk
C-118480 PartyA_146 PartyB_254,MediumRisk
C-115330 PartyA_271 PartyB_111,MediumRisk
C-104316 PartyA_29 PartyB_60,MediumRisk
C-104674 PartyA_231 PartyB_145,HighRisk
C-117922 PartyA_68 PartyB_118,MediumRisk
C-108968 PartyA_228 PartyB_222,MediumRisk
C-109982 PartyA_234 PartyB_212,HighRisk
C-117382 PartyA_78 PartyB_145,MediumRisk
C-104682 PartyA_86 PartyB_105,HighRisk
C-124955 PartyA_124 PartyB_151,MediumRisk
C-103360 PartyA_100 PartyB_235,HighRisk
C-117564 PartyA_238 PartyB_101,MediumRisk
C-117126 PartyA_30 PartyB_140,MediumRisk
C-107202 PartyA_79 PartyB_24,LowRisk
C-104764 PartyA_239 PartyB_180,MediumRisk
C-121122 PartyA_151 PartyB_88,MediumRisk
C-122601 PartyA_33 PartyB_284,MediumRisk
C-111517 PartyA_198 PartyB_50,MediumRisk
C-124789 PartyA_28 PartyB_251,MediumRisk
C-114426 PartyA_161 PartyB_288,HighRisk
C-115578 PartyA_224 PartyB_268,MediumRisk
C-100824 PartyA_34 PartyB_61,MediumRisk
C-124711 PartyA_218 PartyB_174,MediumRisk
C-118429 PartyA_26 PartyB_210,HighRisk
C-113037 PartyA_219 PartyB_190,MediumRisk
C-101612 PartyA_217 PartyB_280,MediumRisk
C-122123 PartyA_52 PartyB_187,MediumRisk
C-119160 PartyA_23 PartyB_95,HighRisk
C-117756 PartyA_81 PartyB_186,LowRisk
C-111622 PartyA_265 PartyB_137,MediumRisk
C-119855 PartyA_39 PartyB_118,MediumRisk
C-101451 PartyA_191 PartyB_283,HighRisk
C-104876 PartyA_298 PartyB_151,HighRisk
C-101513 PartyA_148 PartyB_236,LowRisk
C-102675 PartyA_258 PartyB_205,MediumRisk
C-112398 PartyA_43 PartyB_189,HighRisk
C-109717 PartyA_1 PartyB_208,MediumRisk
C-106608 PartyA_116 PartyB_95,MediumRisk
C-105089 PartyA_243 PartyB_167,HighRisk
C-116024 PartyA_29 PartyB_60,MediumRisk
C-123781 PartyA_126 PartyB_77,MediumRisk
C-108713 PartyA_8 PartyB_207,LowRisk
C-116398 PartyA_221 PartyB_7,MediumRisk
C-102256 PartyA_224 PartyB_67,MediumRisk
C-101744 PartyA_5 PartyB_296,HighRisk
C-120471 PartyA_124 PartyB_65,HighRisk
C-104862 PartyA_132 PartyB_253,HighRisk
C-120178 PartyA_63 PartyB_69,HighRisk
C-100811 PartyA_151 PartyB_196,LowRisk
C-100868 PartyA_65 PartyB_47,HighRisk
C-124480 PartyA_191 PartyB_235,HighRisk
C-118891 PartyA_80 PartyB_72,MediumRisk
C-109734 PartyA_163 PartyB_64,MediumRisk
C-122035 PartyA_205 PartyB_54,MediumRisk
C-122459 PartyA_24 PartyB_241,HighRisk
C-103280 PartyA_53 PartyB_183,HighRisk
C-122592 PartyA_14 PartyB_173,LowRisk
C-119080 PartyA_160 PartyB_38,HighRisk
C-108785 PartyA_17 PartyB_130,MediumRisk
C-107140 PartyA_52 PartyB_11,HighRisk
C-108596 PartyA_54 PartyB_167,HighRisk
C-116938 PartyA_122 PartyB_80,MediumRisk
C-124195 PartyA_36 PartyB_263,MediumRisk
C-112528 PartyA_113 PartyB_251,HighRisk
C-103504 PartyA_2 PartyB_92,HighRisk
C-103524 PartyA_69 PartyB_102,MediumRisk
C-112025 PartyA_228 PartyB_13,HighRisk
C-109210 PartyA_78 PartyB_179,MediumRisk
C-116760 PartyA_263 PartyB_59,MediumRisk
C-105420 PartyA_222 PartyB_102,MediumRisk
C-106724 PartyA_125 PartyB_271,HighRisk
C-124831 PartyA_247 PartyB_7,MediumRisk
C-105079 PartyA_62 PartyB_172,MediumRisk
C-124068 PartyA_210 PartyB_232,MediumRisk
C-102558 PartyA_74 PartyB_133,HighRisk
C-123899 PartyA_227 PartyB_15,MediumRisk
C-110036 PartyA_62 PartyB_229,LowRisk
C-112321 PartyA_171 PartyB_44,MediumRisk
C-115073 PartyA_67 PartyB_219,HighRisk
C-113078 PartyA_201 PartyB_209,MediumRisk
C-124370 PartyA_81 PartyB_11,MediumRisk
C-117156 PartyA_14 PartyB_277,MediumRisk
C-115827 PartyA_251 PartyB_167,MediumRisk
C-113155 PartyA_66 PartyB_39,MediumRisk
C-108520 PartyA_22 PartyB_273,MediumRisk
C-116460 PartyA_108 PartyB_104,MediumRisk
C-113150 PartyA_32 PartyB_218,MediumRisk
C-107319 PartyA_119 PartyB_199,MediumRisk
C-120883 PartyA_37 PartyB_92,MediumRisk
C-105294 PartyA_39 PartyB_273,MediumRisk
C-104473 PartyA_160 PartyB_3,LowRisk
C-111564 PartyA_183 PartyB_292,MediumRisk
C-114927 PartyA_28 PartyB_2,MediumRisk
C-115626 PartyA_150 PartyB_58,HighRisk
C-121211 PartyA_141 PartyB_222,HighRisk
C-112125 PartyA_208 PartyB_212,MediumRisk
C-119995 PartyA_32 PartyB_242,LowRisk
C-109935 PartyA_120 PartyB_5,HighRisk
C-123367 PartyA_78 PartyB_116,MediumRisk
C-114651 PartyA_182 PartyB_2,HighRisk
C-102016 PartyA_100 PartyB_105,MediumRisk
C-111709 PartyA_219 PartyB_233,MediumRisk
C-116564 PartyA_154 PartyB_190,MediumRisk
C-123168 PartyA_94 PartyB_226,HighRisk
C-103605 PartyA_100 PartyB_129,MediumRisk
C-114362 PartyA_125 PartyB_256,MediumRisk
C-116757 PartyA_238 PartyB_267,MediumRisk
C-109452 PartyA_133 PartyB_70,MediumRisk
C-104604 PartyA_140 PartyB_46,MediumRisk
C-111588 PartyA_92 PartyB_69,MediumRisk
C-106147 PartyA_103 PartyB_142,MediumRisk
C-115852 PartyA_28 PartyB_148,MediumRisk
C-120930 PartyA_79 PartyB_128,LowRisk
C-121582 PartyA_212 PartyB_294,HighRisk
C-121419 PartyA_23 PartyB_40,MediumRisk
C-100131 PartyA_125 PartyB_224,MediumRisk
C-124867 PartyA_106 PartyB_39,HighRisk
C-104643 PartyA_290 PartyB_272,HighRisk
C-121755 PartyA_128 PartyB_263,LowRisk
C-100497 PartyA_17 PartyB_293,LowRisk
C-111806 PartyA_53 PartyB_272,HighRisk
C-110528 PartyA_216 PartyB_189,MediumRisk
C-120902 PartyA_267 PartyB_288,HighRisk
C-104826 PartyA_85 PartyB_250,MediumRisk
C-114218 PartyA_181 PartyB_28,MediumRisk
C-106174 PartyA_225 PartyB_262,MediumRisk
C-118970 PartyA_79 PartyB_245,HighRisk
C-111323 PartyA_72 PartyB_43,MediumRisk
C-119061 PartyA_8 PartyB_110,HighRisk
C-116741 PartyA_148 PartyB_293,MediumRisk
C-122437 PartyA_247 PartyB_293,HighRisk
C-120858 PartyA_167 PartyB_45,MediumRisk
C-117714 PartyA_163 PartyB_182,MediumRisk
C-124229 PartyA_157 PartyB_24,MediumRisk
C-109395 PartyA_172 PartyB_198,MediumRisk
C-118372 PartyA_36 PartyB_230,MediumRisk
C-106324 PartyA_191 PartyB_52,MediumRisk
C-110393 PartyA_146 PartyB_75,MediumRisk
C-109771 PartyA_270 PartyB_238,MediumRisk
C-110252 PartyA_59 PartyB_158,HighRisk
C-110621 PartyA_204 PartyB_14,MediumRisk
C-116080 PartyA_59 PartyB_110,MediumRisk
C-120698 PartyA_263 PartyB_81,HighRisk
C-120814 PartyA_131 PartyB_18,HighRisk
C-124022 PartyA_150 PartyB_23,MediumRisk
C-113764 PartyA_257 PartyB_144,MediumRisk
C-107173 PartyA_119 PartyB_152,LowRisk
C-124943 PartyA_16 PartyB_271,MediumRisk
C-122311 PartyA_200 PartyB_189,LowRisk
C-112543 PartyA_279 PartyB_32,MediumRisk
C-116792 PartyA_113 PartyB_232,MediumRisk
C-107541 PartyA_207 PartyB_34,HighRisk
C-100763 PartyA_6 PartyB_265,HighRisk
C-113566 PartyA_237 PartyB_60,MediumRisk
C-105924 PartyA_281 PartyB_55,HighRisk
C-115025 PartyA_42 PartyB_200,MediumRisk
C-122413 PartyA_246 PartyB_121,MediumRisk
C-105066 PartyA_17 PartyB_152,HighRisk
C-106840 PartyA_130 PartyB_212,MediumRisk
C-107594 PartyA_286 PartyB_58,MediumRisk
C-121297 PartyA_266 PartyB_210,HighRisk
C-102769 PartyA_142 PartyB_85,MediumRisk
C-124161 PartyA_124 PartyB_289,HighRisk
C-101953 PartyA_169 PartyB_220,MediumRisk
C-117609 PartyA_150 PartyB_36,HighRisk
C-111247 PartyA_227 PartyB_159,MediumRisk
C-121631 PartyA_96 PartyB_91,MediumRisk
C-120064 PartyA_97 PartyB_86,MediumRisk
C-112804 PartyA_267 PartyB_283,MediumRisk
C-108507 PartyA_27 PartyB_8,MediumRisk
C-122288 PartyA_278 PartyB_153,MediumRisk
C-104120 PartyA_295 PartyB_149,HighRisk
C-118097 PartyA_108 PartyB_54,MediumRisk
C-119532 PartyA_101 PartyB_278,HighRisk
C-109759 PartyA_150 PartyB_251,MediumRisk
C-109086 PartyA_56 PartyB_145,HighRisk
C-111575 PartyA_109 PartyB_276,MediumRisk
C-124896 PartyA_44 PartyB_279,MediumRisk
C-104908 PartyA_107 PartyB_113,MediumRisk
C-109573 PartyA_42 PartyB_65,HighRisk
C-100605 PartyA_245 PartyB_224,HighRisk
C-100015 PartyA_160 PartyB_205,HighRisk
C-116763 PartyA_149 PartyB_61,MediumRisk
C-106412 PartyA_238 PartyB_10,MediumRisk
C-123702 PartyA_50 PartyB_185,LowRisk
C-109756 PartyA_103 PartyB_196,MediumRisk
C-105766 PartyA_204 PartyB_35,HighRisk
C-103049 PartyA_149 PartyB_170,MediumRisk
C-107728 PartyA_218 PartyB_291,MediumRisk
C-103952 PartyA_51 PartyB_210,MediumRisk
C-100309 PartyA_62 PartyB_275,MediumRisk
C-109675 PartyA_9 PartyB_293,MediumRisk
C-109445 PartyA_171 PartyB_23,MediumRisk
C-124179 PartyA_84 PartyB_174,MediumRisk
C-117686 PartyA_271 PartyB_168,MediumRisk
C-101149 PartyA_52 PartyB_267,MediumRisk
C-119726 PartyA_135 PartyB_134,MediumRisk
C-102517 PartyA_72 PartyB_118,HighRisk
C-116321 PartyA_172 PartyB_168,MediumRisk
C-118903 PartyA_257 PartyB_100,MediumRisk
C-118134 PartyA_283 PartyB_6,HighRisk
C-102128 PartyA_94 PartyB_216,HighRisk
C-100702 PartyA_217 PartyB_19,MediumRisk
C-116563 PartyA_273 PartyB_264,MediumRisk
C-104866 PartyA_162 PartyB_266,MediumRisk
C-103674 PartyA_237 PartyB_27,HighRisk
C-103842 PartyA_288 PartyB_135,MediumRisk
C-114694 PartyA_176 PartyB_81,MediumRisk
C-120727 PartyA_175 PartyB_6,MediumRisk
C-101111 PartyA_228 PartyB_155,HighRisk
C-116254 PartyA_23 PartyB_294,MediumRisk
C-121895 PartyA_159 PartyB_121,MediumRisk
C-115121 PartyA_298 PartyB_75,LowRisk
C-114445 PartyA_229 PartyB_114,MediumRisk
C-100637 PartyA_188 PartyB_90,HighRisk
C-108440 PartyA_234 PartyB_231,MediumRisk
C-102406 PartyA_171 PartyB_267,HighRisk
C-112245 PartyA_164 PartyB_3,MediumRisk
C-112160 PartyA_141 PartyB_177,LowRisk
C-106746 PartyA_99 PartyB_158,HighRisk
C-108888 PartyA_199 PartyB_172,LowRisk
C-109814 PartyA_27 PartyB_235,MediumRisk
C-114754 PartyA_89 PartyB_88,MediumRisk
C-117221 PartyA_225 PartyB_171,MediumRisk
C-109981 PartyA_294 PartyB_282,HighRisk
C-102228 PartyA_89 PartyB_4,HighRisk
C-112968 PartyA_43 PartyB_100,MediumRisk
C-116989 PartyA_81 PartyB_141,HighRisk
C-115713 PartyA_264 PartyB_212,MediumRisk
C-105612 PartyA_157 PartyB_151,HighRisk
C-122661 PartyA_218 PartyB_184,HighRisk
C-105455 PartyA_168 PartyB_66,HighRisk
C-107879 PartyA_282 PartyB_297,MediumRisk
C-107686 PartyA_127 PartyB_101,MediumRisk
C-100070 PartyA_130 PartyB_245,MediumRisk
C-111225 PartyA_270 PartyB_274,MediumRisk
C-107878 PartyA_103 PartyB_20,MediumRisk
C-105768 PartyA_209 PartyB_127,HighRisk
C-101178 PartyA_163 PartyB_214,MediumRisk
C-118111 PartyA_3 PartyB_53,MediumRisk
C-117745 PartyA_164 PartyB_254,MediumRisk
C-122233 PartyA_247 PartyB_181,MediumRisk
C-110083 PartyA_121 PartyB_39,MediumRisk
C-122345 PartyA_275 PartyB_187,HighRisk
C-102010 PartyA_163 PartyB_213,HighRisk
C-116128 PartyA_211 PartyB_24,MediumRisk
C-119380 PartyA_231 PartyB_212,LowRisk
C-111306 PartyA_213 PartyB_241,LowRisk
C-118204 PartyA_184 PartyB_211,MediumRisk
C-110190 PartyA_135 PartyB_27,MediumRisk
C-124732 PartyA_127 PartyB_122,MediumRisk
C-101902 PartyA_53 PartyB_125,HighRisk
C-110281 PartyA_100 PartyB_207,HighRisk
C-123569 PartyA_271 PartyB_234,HighRisk
C-124355 PartyA_97 PartyB_167,MediumRisk
C-103759 PartyA_246 PartyB_292,MediumRisk
C-115113 PartyA_7 PartyB_142,MediumRisk
C-106047 PartyA_144 PartyB_255,HighRisk
C-124945 PartyA_249 PartyB_111,HighRisk
C-102957 PartyA_198 PartyB_125,LowRisk
C-121942 PartyA_44 PartyB_18,MediumRisk
C-117471 PartyA_123 PartyB_44,MediumRisk
C-114668 PartyA_152 PartyB_243,LowRisk
C-113118 PartyA_182 PartyB_79,MediumRisk
C-119802 PartyA_48 PartyB_220,MediumRisk
C-106907 PartyA_194 PartyB_19,MediumRisk
C-109751 PartyA_45 PartyB_33,MediumRisk
C-116613 PartyA_197 PartyB_166,LowRisk
C-120024 PartyA_27 PartyB_292,HighRisk
C-113770 PartyA_199 PartyB_160,MediumRisk
C-107078 PartyA_210 PartyB_75,MediumRisk
C-109114 PartyA_101 PartyB_156,HighRisk
C-100944 PartyA_114 PartyB_173,HighRisk
C-111015 PartyA_82 PartyB_76,MediumRisk
C-120978 PartyA_171 PartyB_222,MediumRisk
C-113040 PartyA_30 PartyB_77,MediumRisk
C-108890 PartyA_289 PartyB_200,MediumRisk
C-111195 PartyA_72 PartyB_6,HighRisk
C-122560 PartyA_175 PartyB_292,HighRisk
C-121643 PartyA_224 PartyB_158,LowRisk
C-113630 PartyA_13 PartyB_191,MediumRisk
C-122276 PartyA_285 PartyB_219,MediumRisk
C-122027 PartyA_294 PartyB_242,HighRisk
C-111520 PartyA_216 PartyB_152,MediumRisk
C-111830 PartyA_173 PartyB_72,HighRisk
C-108062 PartyA_260 PartyB_248,HighRisk
C-117481 PartyA_109 PartyB_230,MediumRisk
C-117962 PartyA_261 PartyB_199,MediumRisk
C-109674 PartyA_137 PartyB_120,LowRisk
C-108559 PartyA_64 PartyB_29,MediumRisk
C-120613 PartyA_139 PartyB_78,HighRisk
C-118455 PartyA_62 PartyB_153,MediumRisk
C-109396 PartyA_79 PartyB_273,HighRisk
C-114108 PartyA_90 PartyB_188,HighRisk
C-101152 PartyA_135 PartyB_195,MediumRisk
C-113972 PartyA_111 PartyB_53,MediumRisk
C-110927 PartyA_100 PartyB_67,MediumRisk
C-104313 PartyA_61 PartyB_280,LowRisk
C-106274 PartyA_185 PartyB_189,HighRisk
C-122982 PartyA_64 PartyB_7,MediumRisk
C-109352 PartyA_145 PartyB_191,MediumRisk
C-119313 PartyA_197 PartyB_33,MediumRisk
C-123667 PartyA_178 PartyB_157,MediumRisk
C-110204 PartyA_190 PartyB_276,MediumRisk
C-110807 PartyA_251 PartyB_110,MediumRisk
C-106787 PartyA_253 PartyB_55,MediumRisk
C-102474 PartyA_127 PartyB_224,MediumRisk
C-106765 PartyA_256 PartyB_292,HighRisk
C-102945 PartyA_65 PartyB_128,MediumRisk
C-109285 PartyA_42 PartyB_222,HighRisk
C-103188 PartyA_112 PartyB_281,MediumRisk
C-117277 PartyA_119 PartyB_181,MediumRisk
C-124589 PartyA_241 PartyB_57,MediumRisk
C-123358 PartyA_151 PartyB_237,HighRisk
C-122446 PartyA_293 PartyB_285,HighRisk
C-100184 PartyA_206 PartyB_27,MediumRisk
C-112747 PartyA_158 PartyB_293,HighRisk
C-110074 PartyA_131 PartyB_9,MediumRisk
C-118054 PartyA_289 PartyB_33,MediumRisk
C-115362 PartyA_263 PartyB_73,MediumRisk
C-113431 PartyA_105 PartyB_107,HighRisk
C-113943 PartyA_207 PartyB_233,MediumRisk
C-117315 PartyA_78 PartyB_161,LowRisk
C-116742 PartyA_265 PartyB_36,HighRisk
C-124237 PartyA_112 PartyB_279,MediumRisk
C-104210 PartyA_239 PartyB_5,MediumRisk
C-121115 PartyA_34 PartyB_92,MediumRisk
C-119736 PartyA_145 PartyB_252,MediumRisk
C-108784 PartyA_73 PartyB_8,MediumRisk
C-123947 PartyA_163 PartyB_120,MediumRisk
C-116975 PartyA_79 PartyB_155,MediumRisk
C-106018 PartyA_105 PartyB_272,HighRisk
C-113712 PartyA_290 PartyB_54,MediumRisk
C-101028 PartyA_266 PartyB_263,MediumRisk
C-116372 PartyA_212 PartyB_132,LowRisk
C-108463 PartyA_68 PartyB_188,MediumRisk
C-103925 PartyA_3 PartyB_157,MediumRisk
C-111354 PartyA_197 PartyB_190,HighRisk
C-105777 PartyA_261 PartyB_211,MediumRisk
C-114078 PartyA_248 PartyB_187,MediumRisk
C-108730 PartyA_265 PartyB_266,LowRisk
C-105562 PartyA_135 PartyB_239,MediumRisk
C-118335 PartyA_7 PartyB_293,LowRisk
C-101360 PartyA_261 PartyB_190,HighRisk
C-105950 PartyA_290 PartyB_111,HighRisk
C-109143 PartyA_164 PartyB_47,MediumRisk
C-123153 PartyA_65 PartyB_52,HighRisk
C-104905 PartyA_255 PartyB_221,MediumRisk
C-106656 PartyA_4 PartyB_62,HighRisk
C-102341 PartyA_187 PartyB_143,MediumRisk
C-121449 PartyA_243 PartyB_34,HighRisk
C-120989 PartyA_194 PartyB_273,HighRisk
C-113954 PartyA_63 PartyB_40,MediumRisk
C-110502 PartyA_147 PartyB_224,MediumRisk
C-100528 PartyA_16 PartyB_164,HighRisk
C-120737 PartyA_260 PartyB_213,MediumRisk
C-102369 PartyA_129 PartyB_1,MediumRisk
C-111647 PartyA_202 PartyB_126,MediumRisk
C-108287 PartyA_62 PartyB_115,HighRisk
C-119648 PartyA_110 PartyB_143,HighRisk
C-102631 PartyA_203 PartyB_180,LowRisk
C-115460 PartyA_130 PartyB_208,MediumRisk
C-108340 PartyA_247 PartyB_161,MediumRisk
C-114687 PartyA_143 PartyB_281,MediumRisk
C-123538 PartyA_226 PartyB_155,MediumRisk
C-114128 PartyA_33 PartyB_177,HighRisk
C-113724 PartyA_74 PartyB_98,HighRisk
C-100303 PartyA_101 PartyB_280,MediumRisk
C-104162 PartyA_63 PartyB_47,MediumRisk
C-117052 PartyA_70 PartyB_178,HighRisk
C-100325 PartyA_52 PartyB_173,MediumRisk
C-104536 PartyA_214 PartyB_247,MediumRisk
C-104597 PartyA_28 PartyB_213,MediumRisk
C-114117 PartyA_242 PartyB_80,MediumRisk
C-101487 PartyA_98 PartyB_186,HighRisk
C-113400 PartyA_229 PartyB_224,MediumRisk
C-100465 PartyA_244 PartyB_50,LowRisk
C-114689 PartyA_180 PartyB_97,MediumRisk
C-109389 PartyA_211 PartyB_233,MediumRisk
C-123210 PartyA_169 PartyB_107,HighRisk
C-104209 PartyA_126 PartyB_251,MediumRisk
C-114815 PartyA_23 PartyB_212,HighRisk
C-107422 PartyA_165 PartyB_210,LowRisk
C-105123 PartyA_88 PartyB_157,MediumRisk
C-122726 PartyA_130 PartyB_288,MediumRisk
C-123131 PartyA_209 PartyB_233,MediumRisk
C-113069 PartyA_45 PartyB_85,MediumRisk
C-115656 PartyA_286 PartyB_98,LowRisk
C-114533 PartyA_26 PartyB_96,MediumRisk
C-100356 PartyA_262 PartyB_192,HighRisk
C-110723 PartyA_85 PartyB_121,MediumRisk
C-121457 PartyA_136 PartyB_75,HighRisk
C-114420 PartyA_57 PartyB_180,HighRisk
C-112465 PartyA_173 PartyB_285,MediumRisk
C-112195 PartyA_137 PartyB_157,MediumRisk
C-116505 PartyA_130 PartyB_82,MediumRisk
C-102320 PartyA_127 PartyB_158,MediumRisk
C-115130 PartyA_160 PartyB_241,MediumRisk
C-102019 PartyA_153 PartyB_5,HighRisk
C-113984 PartyA_291 PartyB_242,HighRisk
C-113217 PartyA_104 PartyB_178,LowRisk
C-100567 PartyA_48 PartyB_240,HighRisk
C-124796 PartyA_115 PartyB_154,MediumRisk
C-103510 PartyA_112 PartyB_101,HighRisk
C-123074 PartyA_123 PartyB_273,MediumRisk
C-104486 PartyA_208 PartyB_9,MediumRisk
C-101945 PartyA_73 PartyB_83,MediumRisk
C-124271 PartyA_106 PartyB_77,HighRisk
C-123135 PartyA_145 PartyB_211,MediumRisk
C-107487 PartyA_247 PartyB_262,MediumRisk
C-115684 PartyA_225 PartyB_40,MediumRisk
C-121009 PartyA_1 PartyB_37,MediumRisk
C-105807 PartyA_278 PartyB_256,MediumRisk
C-102570 PartyA_267 PartyB_150,MediumRisk
C-108914 PartyA_55 PartyB_238,HighRisk
C-113177 PartyA_139 PartyB_86,MediumRisk
C-121928 PartyA_124 PartyB_170,HighRisk
C-124261 PartyA_48 PartyB_252,MediumRisk
C-106263 PartyA_167 PartyB_260,MediumRisk
C-123211 PartyA_143 PartyB_60,HighRisk
C-102306 PartyA_146 PartyB_300,HighRisk
C-111278 PartyA_38 PartyB_222,MediumRisk
C-123145 PartyA_158 PartyB_227,LowRisk
C-113412 PartyA_121 PartyB_34,MediumRisk
C-121979 PartyA_67 PartyB_46,MediumRisk
C-122156 PartyA_127 PartyB_284,MediumRisk
C-111802 PartyA_3 PartyB_178,MediumRisk
C-107762 PartyA_153 PartyB_287,HighRisk
C-103283 PartyA_96 PartyB_91,MediumRisk
C-119006 PartyA_93 PartyB_116,HighRisk
C-101138 PartyA_206 PartyB_286,HighRisk
C-114809 PartyA_108 PartyB_272,MediumRisk
C-106574 PartyA_44 PartyB_298,MediumRisk
C-122274 PartyA_6 PartyB_11,MediumRisk
C-108302 PartyA_95 PartyB_244,HighRisk
C-118065 PartyA_55 PartyB_82,HighRisk
C-107803 PartyA_93 PartyB_269,HighRisk
C-112007 PartyA_266 PartyB_202,MediumRisk
C-107514 PartyA_212 PartyB_7,MediumRisk
C-107956 PartyA_266 PartyB_123,MediumRisk
C-114732 PartyA_207 PartyB_169,MediumRisk
C-114475 PartyA_273 PartyB_11,HighRisk
C-100158 PartyA_94 PartyB_70,MediumRisk
C-110644 PartyA_122 PartyB_143,MediumRisk
C-121533 PartyA_150 PartyB_201,MediumRisk
C-113655 PartyA_21 PartyB_200,MediumRisk
C-124433 PartyA_298 PartyB_183,MediumRisk
C-102060 PartyA_224 PartyB_168,HighRisk
C-100881 PartyA_221 PartyB_88,HighRisk
C-111499 PartyA_261 PartyB_94,MediumRisk
C-121450 PartyA_59 PartyB_53,MediumRisk
C-118536 PartyA_282 PartyB_171,HighRisk
C-104959 PartyA_272 PartyB_231,LowRisk
C-107050 PartyA_1 PartyB_29,MediumRisk
C-104883 PartyA_101 PartyB_96,MediumRisk
C-124228 PartyA_271 PartyB_49,MediumRisk
C-113059 PartyA_72 PartyB_207,HighRisk
C-106762 PartyA_172 PartyB_1,MediumRisk
C-106615 PartyA_67 PartyB_276,MediumRisk
C-115217 PartyA_149 PartyB_191,MediumRisk
C-104802 PartyA_299 PartyB_178,HighRisk
C-121952 PartyA_104 PartyB_252,MediumRisk
C-117233 PartyA_101 PartyB_220,MediumRisk
C-106299 PartyA_116 PartyB_273,HighRisk
C-104179 PartyA_286 PartyB_294,MediumRisk
C-117782 PartyA_155 PartyB_169,MediumRisk
C-106505 PartyA_184 PartyB_237,MediumRisk
C-108600 PartyA_121 PartyB_269,HighRisk
C-115558 PartyA_279 PartyB_275,LowRisk
C-123731 PartyA_143 PartyB_16,HighRisk
C-111519 PartyA_153 PartyB_261,HighRisk
C-107749 PartyA_90 PartyB_264,HighRisk
C-102058 PartyA_95 PartyB_93,HighRisk
C-120279 PartyA_290 PartyB_214,LowRisk
C-118166 PartyA_268 PartyB_52,MediumRisk
C-108850 PartyA_21 PartyB_231,MediumRisk
C-120800 PartyA_149 PartyB_76,MediumRisk
C-107075 PartyA_103 PartyB_8,MediumRisk
C-121891 PartyA_172 PartyB_249,MediumRisk
C-123675 PartyA_38 PartyB_230,MediumRisk
C-108736 PartyA_130 PartyB_289,MediumRisk
C-106339 PartyA_240 PartyB_154,MediumRisk
C-119516 PartyA_50 PartyB_156,MediumRisk
C-105821 PartyA_279 PartyB_33,MediumRisk
C-108619 PartyA_12 PartyB_129,MediumRisk
C-104716 PartyA_270 PartyB_247,MediumRisk
C-102215 PartyA_16 PartyB_93,HighRisk
C-106994 PartyA_69 PartyB_148,HighRisk
C-111237 PartyA_171 PartyB_71,HighRisk
C-109839 PartyA_276 PartyB_155,HighRisk
C-101482 PartyA_34 PartyB_288,MediumRisk
C-110527 PartyA_113 PartyB_157,MediumRisk
C-118873 PartyA_3 PartyB_251,MediumRisk
C-111135 PartyA_111 PartyB_246,MediumRisk
C-116439 PartyA_253 PartyB_231,MediumRisk
C-106632 PartyA_32 PartyB_64,HighRisk
C-112324 PartyA_187 PartyB_25,MediumRisk
C-105444 PartyA_283 PartyB_151,MediumRisk
C-119646 PartyA_215 PartyB_220,HighRisk
C-115773 PartyA_223 PartyB_253,LowRisk
C-119728 PartyA_167 PartyB_219,MediumRisk
C-116889 PartyA_175 PartyB_77,MediumRisk
C-108561 PartyA_151 PartyB_214,MediumRisk
C-119510 PartyA_231 PartyB_197,MediumRisk
C-102548 PartyA_117 PartyB_1,HighRisk
C-111632 PartyA_6 PartyB_225,MediumRisk
C-100642 PartyA_105 PartyB_267,HighRisk
C-119665 PartyA_43 PartyB_78,MediumRisk
C-115097 PartyA_207 PartyB_10,MediumRisk
C-103469 PartyA_127 PartyB_38,HighRisk
C-111043 PartyA_55 PartyB_13,MediumRisk
C-112825 PartyA_167 PartyB_78,HighRisk
C-100142 PartyA_159 PartyB_287,MediumRisk
C-102398 PartyA_33 PartyB_232,MediumRisk
C-104064 PartyA_147 PartyB_180,MediumRisk
C-104781 PartyA_199 PartyB_213,HighRisk
C-101858 PartyA_45 PartyB_259,MediumRisk
C-116511 PartyA_258 PartyB_278,MediumRisk
C-106579 PartyA_179 PartyB_195,MediumRisk
C-103723 PartyA_224 PartyB_240,LowRisk
C-116273 PartyA_70 PartyB_114,MediumRisk
C-101400 PartyA_170 PartyB_55,MediumRisk
C-103355 PartyA_49 PartyB_39,MediumRisk
C-100521 PartyA_198 PartyB_119,MediumRisk
C-107859 PartyA_262 PartyB_187,MediumRisk
C-104030 PartyA_105 PartyB_208,LowRisk
C-121805 PartyA_145 PartyB_13,MediumRisk
C-124274 PartyA_17 PartyB_21,HighRisk
C-115139 PartyA_152 PartyB_52,MediumRisk
C-122645 PartyA_259 PartyB_45,MediumRisk
C-118832 PartyA_193 PartyB_53,HighRisk
C-114789 PartyA_220 PartyB_108,MediumRisk
C-109249 PartyA_119 PartyB_4,LowRisk
C-123706 PartyA_164 PartyB_231,MediumRisk
C-112513 PartyA_284 PartyB_81,MediumRisk
C-116694 PartyA_36 PartyB_43,MediumRisk
C-121704 PartyA_1 PartyB_13,MediumRisk
C-100872 PartyA_195 PartyB_238,MediumRisk
C-109630 PartyA_210 PartyB_41,HighRisk
C-120256 PartyA_294 PartyB_145,MediumRisk
C-106658 PartyA_246 PartyB_21,HighRisk
C-121442 PartyA_268 PartyB_269,MediumRisk
C-106028 PartyA_191 PartyB_250,MediumRisk
C-104231 PartyA_278 PartyB_117,MediumRisk
C-117690 PartyA_154 PartyB_66,MediumRisk
C-100306 PartyA_298 PartyB_49,MediumRisk
C-113099 PartyA_16 PartyB_166,HighRisk
C-121773 PartyA_294 PartyB_134,HighRisk
C-121316 PartyA_254 PartyB_136,MediumRisk
C-120518 PartyA_71 PartyB_158,MediumRisk
C-102276 PartyA_109 PartyB_12,LowRisk
C-112628 PartyA_138 PartyB_285,HighRisk
C-121466 PartyA_156 PartyB_298,MediumRisk
C-105181 PartyA_75 PartyB_89,HighRisk
C-115148 PartyA_153 PartyB_254,HighRisk
C-117089 PartyA_32 PartyB_142,HighRisk
C-101924 PartyA_233 PartyB_142,MediumRisk
C-113274 PartyA_271 PartyB_16,MediumRisk
C-122971 PartyA_278 PartyB_131,HighRisk
C-113214 PartyA_25 PartyB_266,MediumRisk
C-122522 PartyA_191 PartyB_134,HighRisk
C-106208 PartyA_203 PartyB_241,LowRisk
C-109543 PartyA_267 PartyB_154,MediumRisk
C-111370 PartyA_246 PartyB_109,MediumRisk
C-118104 PartyA_269 PartyB_275,MediumRisk
C-105161 PartyA_1 PartyB_237,MediumRisk
C-113298 PartyA_149 PartyB_4,MediumRisk
C-109058 PartyA_283 PartyB_159,MediumRisk
C-105819 PartyA_133 PartyB_274,HighRisk
C-123144 PartyA_105 PartyB_102,HighRisk
C-114088 PartyA_13 PartyB_234,LowRisk
C-104301 PartyA_77 PartyB_184,MediumRisk
C-115074 PartyA_148 PartyB_287,HighRisk
C-117541 PartyA_40 PartyB_146,MediumRisk
C-110641 PartyA_300 PartyB_54,MediumRisk
C-109377 PartyA_222 PartyB_233,MediumRisk
C-105936 PartyA_114 PartyB_173,MediumRisk
C-113888 PartyA_67 PartyB_298,HighRisk
C-100260 PartyA_125 PartyB_265,MediumRisk
C-118488 PartyA_198 PartyB_41,MediumRisk
C-116266 PartyA_143 PartyB_17,LowRisk
C-118956 PartyA_296 PartyB_71,MediumRisk
C-112806 PartyA_146 PartyB_60,HighRisk
C-121268 PartyA_97 PartyB_39,MediumRisk
C-101091 PartyA_300 PartyB_207,MediumRisk
C-114575 PartyA_140 PartyB_283,MediumRisk
C-106931 PartyA_234 PartyB_254,LowRisk
C-104649 PartyA_136 PartyB_9,MediumRisk
C-117846 PartyA_67 PartyB_126,HighRisk
C-120569 PartyA_255 PartyB_77,MediumRisk
C-115224 PartyA_283 PartyB_208,MediumRisk
C-107142 PartyA_69 PartyB_38,HighRisk
C-109025 PartyA_65 PartyB_11,HighRisk
C-108961 PartyA_200 PartyB_87,MediumRisk
C-116635 PartyA_17 PartyB_156,MediumRisk
C-109444 PartyA_132 PartyB_98,MediumRisk
C-118598 PartyA_256 PartyB_79,MediumRisk
C-116214 PartyA_268 PartyB_247,HighRisk
C-114718 PartyA_136 PartyB_149,MediumRisk
C-120516 PartyA_275 PartyB_101,MediumRisk
C-109090 PartyA_282 PartyB_27,MediumRisk
C-100532 PartyA_105 PartyB_34,HighRisk
C-102417 PartyA_216 PartyB_255,MediumRisk
C-104041 PartyA_181 PartyB_212,MediumRisk
C-104676 PartyA_167 PartyB_285,MediumRisk
C-102921 PartyA_155 PartyB_57,LowRisk
C-118684 PartyA_170 PartyB_5,LowRisk
C-102249 PartyA_229 PartyB_89,MediumRisk
C-105479 PartyA_215 PartyB_235,MediumRisk
C-116065 PartyA_102 PartyB_216,MediumRisk
C-114751 PartyA_36 PartyB_155,LowRisk
C-112756 PartyA_176 PartyB_132,MediumRisk
C-123414 PartyA_281 PartyB_64,HighRisk
C-109457 PartyA_120 PartyB_168,MediumRisk
C-101718 PartyA_31 PartyB_194,MediumRisk
C-105273 PartyA_262 PartyB_191,MediumRisk
C-114102 PartyA_18 PartyB_82,HighRisk
C-102459 PartyA_27 PartyB_271,HighRisk
C-106793 PartyA_296 PartyB_232,HighRisk
C-110547 PartyA_218 PartyB_6,HighRisk
C-108621 PartyA_213 PartyB_175,HighRisk
C-111158 PartyA_93 PartyB_2,MediumRisk
C-121154 PartyA_26 PartyB_56,HighRisk
C-114314 PartyA_258 PartyB_225,LowRisk
C-113402 PartyA_242 PartyB_39,MediumRisk
C-122429 PartyA_81 PartyB_98,HighRisk
C-116206 PartyA_70 PartyB_299,HighRisk
C-100759 PartyA_150 PartyB_227,HighRisk
C-120146 PartyA_145 PartyB_107,HighRisk
C-116222 PartyA_143 PartyB_124,MediumRisk
C-103338 PartyA_108 PartyB_110,LowRisk
C-115597 PartyA_74 PartyB_160,MediumRisk
C-111200 PartyA_22 PartyB_273,MediumRisk
C-122664 PartyA_15 PartyB_47,MediumRisk
C-106060 PartyA_137 PartyB_201,HighRisk
C-111942 PartyA_207 PartyB_74,HighRisk
C-117425 PartyA_96 PartyB_7,MediumRisk
C-106621 PartyA_217 PartyB_50,HighRisk
C-119261 PartyA_106 PartyB_87,MediumRisk
C-121244 PartyA_102 PartyB_161,MediumRisk
C-107470 PartyA_26 PartyB_223,MediumRisk
C-103691 PartyA_46 PartyB_5,HighRisk
C-105767 PartyA_160 PartyB_37,HighRisk
C-104395 PartyA_3 PartyB_180,HighRisk
C-106205 PartyA_6 PartyB_59,MediumRisk
C-102903 PartyA_279 PartyB_204,HighRisk
C-101839 PartyA_268 PartyB_8,HighRisk
C-112186 PartyA_196 PartyB_27,HighRisk
C-113656 PartyA_36 PartyB_297,MediumRisk
C-122463 PartyA_62 PartyB_238,HighRisk
C-119720 PartyA_107 PartyB_40,MediumRisk
C-116337 PartyA_70 PartyB_267,MediumRisk
C-106758 PartyA_30 PartyB_42,MediumRisk
C-103339 PartyA_225 PartyB_8,MediumRisk
C-105212 PartyA_43 PartyB_79,MediumRisk
C-113661 PartyA_18 PartyB_28,MediumRisk
C-100620 PartyA_186 PartyB_277,MediumRisk
C-101656 PartyA_235 PartyB_214,MediumRisk
C-102628 PartyA_245 PartyB_246,MediumRisk
C-120965 PartyA_224 PartyB_15,HighRisk
C-122099 PartyA_283 PartyB_52,MediumRisk
C-116658 PartyA_247 PartyB_99,HighRisk
C-110903 PartyA_128 PartyB_180,MediumRisk
C-101999 PartyA_202 PartyB_274,MediumRisk
C-113182 PartyA_205 PartyB_55,MediumRisk
C-119871 PartyA_121 PartyB_145,HighRisk
C-103881 PartyA_106 PartyB_277,HighRisk
C-116908 PartyA_97 PartyB_4,MediumRisk
C-104215 PartyA_281 PartyB_12,MediumRisk
C-118687 PartyA_197 PartyB_145,MediumRisk
C-120006 PartyA_210 PartyB_175,MediumRisk
C-111514 PartyA_75 PartyB_214,MediumRisk
C-107224 PartyA_230 PartyB_285,HighRisk
C-101723 PartyA_33 PartyB_235,HighRisk
C-105747 PartyA_114 PartyB_130,LowRisk
C-106104 PartyA_187 PartyB_280,LowRisk
C-122277 PartyA_298 PartyB_170,MediumRisk
C-108814 PartyA_32 PartyB_90,HighRisk
C-102407 PartyA_289 PartyB_226,MediumRisk
C-112507 PartyA_259 PartyB_104,HighRisk
C-103465 PartyA_76 PartyB_50,MediumRisk
C-113369 PartyA_219 PartyB_240,HighRisk
C-110897 PartyA_278 PartyB_110,MediumRisk
C-110363 PartyA_154 PartyB_62,HighRisk
C-124666 PartyA_15 PartyB_186,MediumRisk
C-121826 PartyA_295 PartyB_213,HighRisk
C-117158 PartyA_108 PartyB_135,MediumRisk
C-122885 PartyA_131 PartyB_46,MediumRisk
C-100443 PartyA_130 PartyB_158,MediumRisk
C-113725 PartyA_255 PartyB_170,HighRisk
C-116942 PartyA_20 PartyB_14,MediumRisk
C-100972 PartyA_164 PartyB_76,HighRisk
C-100376 PartyA_46 PartyB_57,MediumRisk
C-111652 PartyA_292 PartyB_191,MediumRisk
C-116917 PartyA_173 PartyB_69,LowRisk
C-100825 PartyA_126 PartyB_24,MediumRisk
C-100704 PartyA_72 PartyB_121,MediumRisk
C-115243 PartyA_64 PartyB_258,MediumRisk
C-119935 PartyA_192 PartyB_142,MediumRisk
C-112204 PartyA_124 PartyB_221,MediumRisk
C-102655 PartyA_42 PartyB_133,MediumRisk
C-109592 PartyA_173 PartyB_45,MediumRisk
C-118228 PartyA_244 PartyB_86,MediumRisk
C-118105 PartyA_92 PartyB_252,MediumRisk
C-113927 PartyA_203 PartyB_115,LowRisk
C-110529 PartyA_184 PartyB_276,MediumRisk
C-122430 PartyA_87 PartyB_211,MediumRisk
C-103442 PartyA_128 PartyB_167,MediumRisk
C-115393 PartyA_121 PartyB_161,MediumRisk
C-106820 PartyA_73 PartyB_144,MediumRisk
C-115533 PartyA_161 PartyB_286,MediumRisk
C-122354 PartyA_94 PartyB_197,MediumRisk
C-123910 PartyA_89 PartyB_84,MediumRisk
C-102337 PartyA_22 PartyB_61,HighRisk
C-108638 PartyA_43 PartyB_59,HighRisk
C-104872 PartyA_190 PartyB_283,HighRisk
C-103066 PartyA_267 PartyB_249,HighRisk
C-107982 PartyA_78 PartyB_185,HighRisk
C-121104 PartyA_208 PartyB_35,HighRisk
C-118893 PartyA_51 PartyB_29,HighRisk
C-103909 PartyA_131 PartyB_234,MediumRisk
C-118236 PartyA_145 PartyB_276,MediumRisk
C-102639 PartyA_48 PartyB_142,MediumRisk
C-117060 PartyA_58 PartyB_87,MediumRisk
C-100703 PartyA_249 PartyB_11,HighRisk
C-105172 PartyA_117 PartyB_60,HighRisk
C-101934 PartyA_248 PartyB_92,HighRisk
C-116979 PartyA_300 PartyB_284,MediumRisk
C-104694 PartyA_286 PartyB_12,MediumRisk
C-115860 PartyA_211 PartyB_13,MediumRisk
C-105526 PartyA_40 PartyB_69,MediumRisk
C-116270 PartyA_144 PartyB_133,MediumRisk
C-108031 PartyA_126 PartyB_123,MediumRisk
C-102804 PartyA_126 PartyB_287,HighRisk
C-108272 PartyA_141 PartyB_5,MediumRisk
C-117363 PartyA_288 PartyB_145,MediumRisk
C-115873 PartyA_179 PartyB_66,MediumRisk
C-108653 PartyA_285 PartyB_256,MediumRisk
C-104661 PartyA_267 PartyB_50,MediumRisk
C-108945 PartyA_174 PartyB_292,MediumRisk
C-111114 PartyA_107 PartyB_266,MediumRisk
C-103766 PartyA_85 PartyB_286,MediumRisk
C-119246 PartyA_150 PartyB_64,MediumRisk
C-119548 PartyA_67 PartyB_79,MediumRisk
C-116203 PartyA_33 PartyB_150,LowRisk
C-104129 PartyA_254 PartyB_283,MediumRisk
C-101049 PartyA_271 PartyB_264,HighRisk
C-108667 PartyA_115 PartyB_83,MediumRisk
C-116287 PartyA_242 PartyB_296,MediumRisk
C-114322 PartyA_69 PartyB_280,MediumRisk
C-124270 PartyA_57 PartyB_233,MediumRisk
C-100171 PartyA_45 PartyB_34,HighRisk
C-100789 PartyA_59 PartyB_138,MediumRisk
C-117706 PartyA_284 PartyB_128,HighRisk
C-116150 PartyA_193 PartyB_93,LowRisk
C-110048 PartyA_206 PartyB_84,HighRisk
C-104617 PartyA_230 PartyB_51,HighRisk
C-114393 PartyA_277 PartyB_179,HighRisk
C-100908 PartyA_43 PartyB_63,MediumRisk
C-116146 PartyA_295 PartyB_100,MediumRisk
C-124148 PartyA_148 PartyB_266,MediumRisk
C-102293 PartyA_77 PartyB_271,LowRisk
C-112690 PartyA_259 PartyB_112,MediumRisk
C-110033 PartyA_182 PartyB_234,MediumRisk
C-107273 PartyA_1 PartyB_300,MediumRisk
C-105651 PartyA_230 PartyB_228,MediumRisk
C-122572 PartyA_200 PartyB_131,HighRisk
C-100757 PartyA_286 PartyB_137,MediumRisk
C-119126 PartyA_208 PartyB_117,HighRisk
C-104121 PartyA_207 PartyB_210,HighRisk
C-120275 PartyA_133 PartyB_45,MediumRisk
C-109393 PartyA_161 PartyB_229,MediumRisk
C-108303 PartyA_175 PartyB_71,MediumRisk
C-122759 PartyA_191 PartyB_249,HighRisk
C-107229 PartyA_43 PartyB_239,MediumRisk
C-101701 PartyA_100 PartyB_157,MediumRisk
C-105879 PartyA_197 PartyB_271,MediumRisk
C-123840 PartyA_178 PartyB_283,MediumRisk
C-100056 PartyA_127 PartyB_103,MediumRisk
C-116108 PartyA_180 PartyB_172,HighRisk
C-100978 PartyA_125 PartyB_108,MediumRisk
C-117220 PartyA_34 PartyB_198,MediumRisk
C-119099 PartyA_72 PartyB_109,HighRisk
C-101499 PartyA_12 PartyB_278,MediumRisk
C-107730 PartyA_156 PartyB_43,MediumRisk
C-107570 PartyA_57 PartyB_261,MediumRisk
C-106194 PartyA_77 PartyB_78,HighRisk
C-120401 PartyA_202 PartyB_149,LowRisk
C-111746 PartyA_58 PartyB_142,MediumRisk
C-108301 PartyA_268 PartyB_111,HighRisk
C-115062 PartyA_129 PartyB_155,HighRisk
C-104960 PartyA_17 PartyB_180,MediumRisk
C-121828 PartyA_72 PartyB_259,MediumRisk
C-124243 PartyA_237 PartyB_128,MediumRisk
C-112269 PartyA_89 PartyB_92,MediumRisk
C-104364 PartyA_273 PartyB_207,MediumRisk
C-122744 PartyA_34 PartyB_172,MediumRisk
C-111858 PartyA_252 PartyB_243,MediumRisk
C-113291 PartyA_55 PartyB_214,MediumRisk
C-115528 PartyA_209 PartyB_155,HighRisk
C-114371 PartyA_92 PartyB_131,MediumRisk
C-115712 PartyA_252 PartyB_8,HighRisk
C-118707 PartyA_109 PartyB_270,MediumRisk
C-111578 PartyA_215 PartyB_120,MediumRisk
C-107699 PartyA_72 PartyB_220,LowRisk
C-120505 PartyA_196 PartyB_141,MediumRisk
C-114353 PartyA_93 PartyB_136,MediumRisk
C-106639 PartyA_66 PartyB_36,LowRisk
C-116332 PartyA_255 PartyB_156,MediumRisk
C-117465 PartyA_77 PartyB_108,HighRisk
C-118355 PartyA_121 PartyB_140,HighRisk
C-102416 PartyA_278 PartyB_230,LowRisk
C-124664 PartyA_113 PartyB_131,MediumRisk
C-101614 PartyA_51 PartyB_225,MediumRisk
C-119298 PartyA_274 PartyB_198,LowRisk
C-109273 PartyA_48 PartyB_117,HighRisk
C-108976 PartyA_251 PartyB_186,MediumRisk
C-122685 PartyA_11 PartyB_248,HighRisk
C-113213 PartyA_29 PartyB_97,HighRisk
C-122957 PartyA_75 PartyB_286,HighRisk
C-102366 PartyA_290 PartyB_208,HighRisk
C-120850 PartyA_40 PartyB_259,MediumRisk
C-109347 PartyA_33 PartyB_255,MediumRisk
C-119650 PartyA_156 PartyB_116,MediumRisk
C-104786 PartyA_96 PartyB_163,MediumRisk
C-103996 PartyA_10 PartyB_69,MediumRisk
C-107074 PartyA_200 PartyB_177,MediumRisk
C-118854 PartyA_213 PartyB_92,LowRisk
C-107540 PartyA_222 PartyB_149,MediumRisk
C-103679 PartyA_201 PartyB_167,MediumRisk
C-124816 PartyA_13 PartyB_179,MediumRisk
C-120272 PartyA_114 PartyB_246,MediumRisk
C-115782 PartyA_248 PartyB_25,MediumRisk
C-121247 PartyA_202 PartyB_19,MediumRisk
C-118561 PartyA_70 PartyB_97,HighRisk
C-117351 PartyA_77 PartyB_32,HighRisk
C-120157 PartyA_122 PartyB_11,HighRisk
C-119666 PartyA_155 PartyB_135,HighRisk
C-122342 PartyA_211 PartyB_17,MediumRisk
C-119324 PartyA_103 PartyB_19,MediumRisk
C-108408 PartyA_289 PartyB_38,MediumRisk
C-121574 PartyA_230 PartyB_93,MediumRisk
C-104970 PartyA_60 PartyB_40,MediumRisk
C-121880 PartyA_220 PartyB_106,MediumRisk
C-105531 PartyA_282 PartyB_124,MediumRisk
C-117673 PartyA_32 PartyB_155,HighRisk
C-114761 PartyA_22 PartyB_82,HighRisk
C-106101 PartyA_28 PartyB_118,MediumRisk
C-106395 PartyA_37 PartyB_215,HighRisk
C-124216 PartyA_6 PartyB_69,MediumRisk
C-105608 PartyA_185 PartyB_80,MediumRisk
C-111552 PartyA_297 PartyB_102,HighRisk
C-113314 PartyA_92 PartyB_138,MediumRisk
C-108093 PartyA_66 PartyB_86,HighRisk
C-121379 PartyA_240 PartyB_146,HighRisk
C-104878 PartyA_258 PartyB_246,HighRisk
C-103804 PartyA_83 PartyB_192,MediumRisk
C-108771 PartyA_137 PartyB_110,LowRisk
C-124505 PartyA_1 PartyB_174,MediumRisk
C-106486 PartyA_4 PartyB_68,MediumRisk
C-115858 PartyA_271 PartyB_223,HighRisk
C-117720 PartyA_107 PartyB_218,MediumRisk
C-107663 PartyA_122 PartyB_140,MediumRisk
C-124458 PartyA_258 PartyB_178,LowRisk
C-112795 PartyA_6 PartyB_45,MediumRisk
C-118712 PartyA_74 PartyB_226,MediumRisk
C-110489 PartyA_109 PartyB_97,MediumRisk
C-117746 PartyA_265 PartyB_293,MediumRisk
C-114876 PartyA_249 PartyB_53,MediumRisk
C-107546 PartyA_297 PartyB_162,HighRisk
C-115813 PartyA_3 PartyB_279,MediumRisk
C-107694 PartyA_296 PartyB_13,LowRisk
C-108955 PartyA_33 PartyB_87,HighRisk
C-114440 PartyA_161 PartyB_2,HighRisk
C-116934 PartyA_129 PartyB_123,MediumRisk
C-124171 PartyA_135 PartyB_41,MediumRisk
C-108836 PartyA_67 PartyB_210,MediumRisk
C-116771 PartyA_1 PartyB_57,MediumRisk
C-118261 PartyA_212 PartyB_257,LowRisk
C-118000 PartyA_39 PartyB_135,MediumRisk
C-115756 PartyA_277 PartyB_243,MediumRisk
C-118907 PartyA_43 PartyB_259,MediumRisk
C-102340 PartyA_82 PartyB_76,MediumRisk
C-109381 PartyA_2 PartyB_220,LowRisk
C-102913 PartyA_150 PartyB_278,MediumRisk
C-122691 PartyA_15 PartyB_6,MediumRisk
C-124771 PartyA_169 PartyB_73,LowRisk
C-107004 PartyA_178 PartyB_251,MediumRisk
C-120105 PartyA_246 PartyB_241,MediumRisk
C-117803 PartyA_75 PartyB_240,HighRisk
C-106227 PartyA_21 PartyB_155,HighRisk
C-111788 PartyA_66 PartyB_144,LowRisk
C-110590 PartyA_296 PartyB_84,MediumRisk
C-120741 PartyA_180 PartyB_212,HighRisk
C-109394 PartyA_292 PartyB_213,MediumRisk
C-119039 PartyA_145 PartyB_243,LowRisk
C-107207 PartyA_220 PartyB_176,MediumRisk
C-113715 PartyA_210 PartyB_249,LowRisk
C-113588 PartyA_218 PartyB_20,HighRisk
C-102477 PartyA_214 PartyB_214,MediumRisk
C-108674 PartyA_92 PartyB_256,MediumRisk
C-114611 PartyA_91 PartyB_67,MediumRisk
C-118704 PartyA_98 PartyB_35,MediumRisk
C-121496 PartyA_248 PartyB_212,HighRisk
C-104558 PartyA_31 PartyB_173,MediumRisk
C-117735 PartyA_223 PartyB_76,HighRisk
C-107904 PartyA_6 PartyB_199,MediumRisk
C-121096 PartyA_116 PartyB_54,MediumRisk
C-124994 PartyA_137 PartyB_89,LowRisk
C-122018 PartyA_242 PartyB_1,HighRisk
C-114147 PartyA_98 PartyB_82,LowRisk
C-113676 PartyA_69 PartyB_138,HighRisk
C-107039 PartyA_145 PartyB_133,MediumRisk
C-115242 PartyA_100 PartyB_135,MediumRisk
C-106021 PartyA_190 PartyB_51,HighRisk
C-111489 PartyA_206 PartyB_95,HighRisk
C-101126 PartyA_262 PartyB_40,MediumRisk
C-103939 PartyA_61 PartyB_86,HighRisk
C-107308 PartyA_30 PartyB_170,MediumRisk
C-124514 PartyA_129 PartyB_65,MediumRisk
C-106634 PartyA_265 PartyB_43,MediumRisk
C-121311 PartyA_235 PartyB_47,MediumRisk
C-115392 PartyA_109 PartyB_25,MediumRisk
C-119114 PartyA_293 PartyB_291,HighRisk
C-122377 PartyA_227 PartyB_157,HighRisk
C-101669 PartyA_83 PartyB_290,MediumRisk
C-117379 PartyA_80 PartyB_108,MediumRisk
C-121428 PartyA_24 PartyB_197,MediumRisk
C-108176 PartyA_286 PartyB_249,MediumRisk
C-100938 PartyA_282 PartyB_254,MediumRisk
C-122617 PartyA_33 PartyB_14,MediumRisk
C-124423 PartyA_205 PartyB_181,MediumRisk
C-117164 PartyA_4 PartyB_227,MediumRisk
C-103898 PartyA_47 PartyB_222,MediumRisk
C-113768 PartyA_102 PartyB_6,MediumRisk
C-106744 PartyA_152 PartyB_277,HighRisk
C-107919 PartyA_5 PartyB_85,HighRisk
C-112922 PartyA_83 PartyB_247,HighRisk
C-120839 PartyA_232 PartyB_284,MediumRisk
C-106156 PartyA_209 PartyB_283,MediumRisk
C-103312 PartyA_203 PartyB_190,MediumRisk
C-100479 PartyA_41 PartyB_217,MediumRisk
C-101596 PartyA_112 PartyB_190,HighRisk
C-119454 PartyA_222 PartyB_37,MediumRisk
C-113842 PartyA_33 PartyB_52,MediumRisk
C-124269 PartyA_114 PartyB_259,MediumRisk
C-113885 PartyA_49 PartyB_132,HighRisk
C-122892 PartyA_208 PartyB_248,MediumRisk
C-110679 PartyA_112 PartyB_250,MediumRisk
C-110038 PartyA_294 PartyB_288,LowRisk
C-115075 PartyA_7 PartyB_261,HighRisk
C-108473 PartyA_286 PartyB_259,MediumRisk
C-113638 PartyA_4 PartyB_248,HighRisk
C-110379 PartyA_203 PartyB_142,HighRisk
C-108839 PartyA_250 PartyB_21,MediumRisk
C-118894 PartyA_35 PartyB_94,MediumRisk
C-111805 PartyA_140 PartyB_187,MediumRisk
C-118411 PartyA_265 PartyB_242,HighRisk
C-113222 PartyA_88 PartyB_248,HighRisk
C-121600 PartyA_113 PartyB_84,HighRisk
C-105715 PartyA_67 PartyB_119,MediumRisk
C-101786 PartyA_273 PartyB_257,MediumRisk
C-111901 PartyA_121 PartyB_11,HighRisk
C-114311 PartyA_114 PartyB_139,HighRisk
C-124724 PartyA_24 PartyB_190,MediumRisk
C-107478 PartyA_240 PartyB_145,HighRisk
C-118953 PartyA_180 PartyB_210,MediumRisk
C-105718 PartyA_48 PartyB_256,MediumRisk
C-115108 PartyA_17 PartyB_258,MediumRisk
C-109415 PartyA_29 PartyB_267,MediumRisk
C-108040 PartyA_55 PartyB_133,MediumRisk
C-122469 PartyA_259 PartyB_106,MediumRisk
C-100883 PartyA_56 PartyB_86,MediumRisk
C-100543 PartyA_286 PartyB_107,MediumRisk
C-115595 PartyA_203 PartyB_39,MediumRisk
C-108798 PartyA_157 PartyB_108,MediumRisk
C-123580 PartyA_248 PartyB_50,HighRisk
C-121873 PartyA_242 PartyB_36,MediumRisk
C-111741 PartyA_27 PartyB_206,MediumRisk
C-116054 PartyA_122 PartyB_234,HighRisk
C-115091 PartyA_216 PartyB_13,MediumRisk
C-104919 PartyA_126 PartyB_55,MediumRisk
C-115980 PartyA_55 PartyB_268,MediumRisk
C-123741 PartyA_50 PartyB_209,HighRisk
C-123446 PartyA_136 PartyB_180,MediumRisk
C-122538 PartyA_113 PartyB_76,MediumRisk
C-120656 PartyA_251 PartyB_207,HighRisk
C-123905 PartyA_208 PartyB_206,MediumRisk
C-101977 PartyA_190 PartyB_173,MediumRisk
C-110795 PartyA_167 PartyB_17,HighRisk
C-122362 PartyA_171 PartyB_240,MediumRisk
C-110336 PartyA_96 PartyB_112,MediumRisk
C-104457 PartyA_254 PartyB_55,MediumRisk
C-124656 PartyA_23 PartyB_70,MediumRisk
C-102160 PartyA_105 PartyB_159,MediumRisk
C-112621 PartyA_84 PartyB_17,MediumRisk
C-107820 PartyA_34 PartyB_58,MediumRisk
C-100990 PartyA_258 PartyB_77,LowRisk
C-119533 PartyA_178 PartyB_143,MediumRisk
C-124401 PartyA_266 PartyB_291,MediumRisk
C-124065 PartyA_122 PartyB_54,MediumRisk
C-105434 PartyA_49 PartyB_277,MediumRisk
C-122444 PartyA_20 PartyB_155,MediumRisk
C-122085 PartyA_224 PartyB_182,LowRisk
C-111513 PartyA_180 PartyB_210,MediumRisk
C-122424 PartyA_66 PartyB_111,MediumRisk
C-116111 PartyA_213 PartyB_296,MediumRisk
C-121459 PartyA_3 PartyB_129,MediumRisk
C-111596 PartyA_91 PartyB_250,MediumRisk
C-100510 PartyA_269 PartyB_22,MediumRisk
C-110129 PartyA_85 PartyB_204,MediumRisk
C-118327 PartyA_248 PartyB_284,MediumRisk
C-108348 PartyA_62 PartyB_4,HighRisk
C-114624 PartyA_61 PartyB_68,MediumRisk
C-109243 PartyA_207 PartyB_111,HighRisk
C-108194 PartyA_115 PartyB_226,MediumRisk
C-100839 PartyA_12 PartyB_291,HighRisk
C-119789 PartyA_213 PartyB_67,MediumRisk
C-121506 PartyA_25 PartyB_262,MediumRisk
C-103957 PartyA_216 PartyB_140,LowRisk
C-104839 PartyA_31 PartyB_113,MediumRisk
C-104889 PartyA_18 PartyB_60,LowRisk
C-121530 PartyA_199 PartyB_41,MediumRisk
C-100762 PartyA_71 PartyB_220,HighRisk
C-116735 PartyA_68 PartyB_218,MediumRisk
C-120404 PartyA_285 PartyB_291,MediumRisk
C-104840 PartyA_242 PartyB_144,MediumRisk
C-118857 PartyA_143 PartyB_104,MediumRisk
C-112956 PartyA_54 PartyB_201,MediumRisk
C-107076 PartyA_152 PartyB_200,MediumRisk
C-101142 PartyA_164 PartyB_92,MediumRisk
C-111655 PartyA_184 PartyB_30,LowRisk
C-106189 PartyA_298 PartyB_257,MediumRisk
C-112203 PartyA_218 PartyB_225,MediumRisk
C-115604 PartyA_214 PartyB_77,MediumRisk
C-111920 PartyA_148 PartyB_274,MediumRisk
C-114729 PartyA_247 PartyB_88,MediumRisk
C-124051 PartyA_4 PartyB_77,MediumRisk
C-105461 PartyA_220 PartyB_117,LowRisk
C-118973 PartyA_230 PartyB_196,MediumRisk
C-105156 PartyA_219 PartyB_253,HighRisk
C-101801 PartyA_70 PartyB_153,MediumRisk
C-104756 PartyA_173 PartyB_15,HighRisk
C-111295 PartyA_109 PartyB_279,MediumRisk
C-114081 PartyA_80 PartyB_59,MediumRisk
C-123353 PartyA_1 PartyB_10,MediumRisk
C-124823 PartyA_291 PartyB_291,MediumRisk
C-100530 PartyA_41 PartyB_245,MediumRisk
C-120355 PartyA_28 PartyB_33,HighRisk
C-114584 PartyA_231 PartyB_120,MediumRisk
C-109827 PartyA_280 PartyB_79,MediumRisk
C-101919 PartyA_289 PartyB_138,MediumRisk
C-110945 PartyA_106 PartyB_162,HighRisk
C-112824 PartyA_124 PartyB_224,MediumRisk
C-100124 PartyA_167 PartyB_291,MediumRisk
C-118405 PartyA_97 PartyB_63,HighRisk
C-122558 PartyA_127 PartyB_282,MediumRisk
C-124536 PartyA_253 PartyB_58,MediumRisk
C-110032 PartyA_257 PartyB_232,MediumRisk
C-116233 PartyA_128 PartyB_31,HighRisk
C-101949 PartyA_162 PartyB_118,MediumRisk
C-123800 PartyA_14 PartyB_212,HighRisk
C-117700 PartyA_116 PartyB_103,MediumRisk
C-116700 PartyA_92 PartyB_82,MediumRisk
C-122079 PartyA_105 PartyB_122,MediumRisk
C-111366 PartyA_148 PartyB_293,HighRisk
C-110604 PartyA_79 PartyB_280,LowRisk
C-122986 PartyA_255 PartyB_155,MediumRisk
C-111429 PartyA_45 PartyB_248,MediumRisk
C-112314 PartyA_288 PartyB_263,MediumRisk
C-113220 PartyA_195 PartyB_104,MediumRisk
C-110571 PartyA_48 PartyB_282,MediumRisk
C-113614 PartyA_162 PartyB_133,MediumRisk
C-118168 PartyA_238 PartyB_199,LowRisk
C-124644 PartyA_43 PartyB_148,MediumRisk
C-122910 PartyA_148 PartyB_219,MediumRisk
C-106341 PartyA_274 PartyB_251,MediumRisk
C-111068 PartyA_80 PartyB_237,HighRisk
C-124432 PartyA_34 PartyB_92,MediumRisk
C-100847 PartyA_153 PartyB_201,LowRisk
C-119496 PartyA_220 PartyB_92,MediumRisk
C-119415 PartyA_39 PartyB_52,HighRisk
C-107894 PartyA_55 PartyB_157,MediumRisk
C-115915 PartyA_204 PartyB_103,HighRisk
C-101903 PartyA_209 PartyB_130,LowRisk
C-117414 PartyA_99 PartyB_110,MediumRisk
C-117842 PartyA_136 PartyB_90,MediumRisk
C-106679 PartyA_1 PartyB_154,HighRisk
C-115212 PartyA_230 PartyB_72,MediumRisk
C-104335 PartyA_6 PartyB_8,MediumRisk
C-101183 PartyA_243 PartyB_108,HighRisk
C-112294 PartyA_193 PartyB_112,LowRisk
C-111118 PartyA_118 PartyB_105,LowRisk
C-103060 PartyA_55 PartyB_97,MediumRisk
C-103859 PartyA_54 PartyB_108,MediumRisk
C-122660 PartyA_248 PartyB_11,LowRisk
C-114176 PartyA_192 PartyB_35,MediumRisk
C-100288 PartyA_266 PartyB_261,HighRisk
C-109293 PartyA_2 PartyB_140,MediumRisk
C-109805 PartyA_150 PartyB_125,MediumRisk
C-100582 PartyA_182 PartyB_116,HighRisk
C-104687 PartyA_234 PartyB_77,MediumRisk
C-103270 PartyA_298 PartyB_64,MediumRisk
C-114517 PartyA_12 PartyB_89,MediumRisk
C-114845 PartyA_267 PartyB_221,HighRisk
C-107035 PartyA_141 PartyB_41,MediumRisk
C-113887 PartyA_264 PartyB_71,MediumRisk
C-103879 PartyA_259 PartyB_108,HighRisk
C-114701 PartyA_298 PartyB_47,MediumRisk
C-102180 PartyA_268 PartyB_2,LowRisk
C-124950 PartyA_146 PartyB_75,HighRisk
C-116145 PartyA_272 PartyB_70,HighRisk
C-110327 PartyA_156 PartyB_137,HighRisk
C-107623 PartyA_248 PartyB_256,HighRisk
C-114834 PartyA_154 PartyB_242,LowRisk
C-110613 PartyA_21 PartyB_108,MediumRisk
C-117135 PartyA_244 PartyB_110,MediumRisk
C-117383 PartyA_294 PartyB_108,MediumRisk
C-117149 PartyA_95 PartyB_104,HighRisk
C-116961 PartyA_198 PartyB_173,MediumRisk
C-114812 PartyA_283 PartyB_202,HighRisk
C-110155 PartyA_274 PartyB_286,MediumRisk
C-115342 PartyA_119 PartyB_293,HighRisk
C-119287 PartyA_140 PartyB_259,MediumRisk
C-106201 PartyA_11 PartyB_187,MediumRisk
C-117907 PartyA_171 PartyB_23,MediumRisk
C-103281 PartyA_108 PartyB_170,MediumRisk
C-111886 PartyA_266 PartyB_110,HighRisk
C-107635 PartyA_222 PartyB_97,MediumRisk
C-116686 PartyA_246 PartyB_286,MediumRisk
C-117476 PartyA_188 PartyB_118,MediumRisk
C-117871 PartyA_281 PartyB_289,LowRisk
C-120450 PartyA_231 PartyB_279,HighRisk
C-112511 PartyA_239 PartyB_70,MediumRisk
C-120317 PartyA_208 PartyB_7,MediumRisk
C-107013 PartyA_187 PartyB_128,MediumRisk
C-110399 PartyA_205 PartyB_55,MediumRisk
C-120699 PartyA_69 PartyB_175,MediumRisk
C-112548 PartyA_11 PartyB_174,HighRisk
C-100185 PartyA_282 PartyB_144,MediumRisk
C-109055 PartyA_93 PartyB_104,MediumRisk
C-115446 PartyA_286 PartyB_44,MediumRisk
C-123048 PartyA_185 PartyB_5,HighRisk
C-104062 PartyA_42 PartyB_281,MediumRisk
C-118269 PartyA_207 PartyB_238,MediumRisk
C-110857 PartyA_106 PartyB_125,HighRisk
C-119316 PartyA_123 PartyB_276,MediumRisk
C-122357 PartyA_153 PartyB_26,MediumRisk
C-101415 PartyA_7 PartyB_158,MediumRisk
C-123806 PartyA_115 PartyB_255,HighRisk
C-113430 PartyA_214 PartyB_241,HighRisk
C-114402 PartyA_173 PartyB_105,HighRisk
C-119311 PartyA_57 PartyB_6,LowRisk
C-124081 PartyA_148 PartyB_95,HighRisk
C-118294 PartyA_229 PartyB_147,MediumRisk
C-113816 PartyA_220 PartyB_237,MediumRisk
C-106413 PartyA_80 PartyB_138,HighRisk
C-104327 PartyA_66 PartyB_102,MediumRisk
C-108776 PartyA_241 PartyB_225,MediumRisk
C-118754 PartyA_286 PartyB_11,MediumRisk
C-109049 PartyA_260 PartyB_199,MediumRisk
C-102868 PartyA_206 PartyB_132,MediumRisk
C-107670 PartyA_286 PartyB_202,LowRisk
C-123226 PartyA_177 PartyB_138,LowRisk
C-114564 PartyA_270 PartyB_92,MediumRisk
C-109786 PartyA_47 PartyB_103,MediumRisk
C-106630 PartyA_87 PartyB_154,HighRisk
C-107380 PartyA_43 PartyB_105,MediumRisk
C-115678 PartyA_283 PartyB_297,MediumRisk
C-115409 PartyA_72 PartyB_294,MediumRisk
C-102952 PartyA_122 PartyB_162,MediumRisk
C-122216 PartyA_5 PartyB_282,HighRisk
C-112876 PartyA_75 PartyB_153,HighRisk
C-112964 PartyA_217 PartyB_222,MediumRisk
C-123292 PartyA_11 PartyB_91,MediumRisk
C-106805 PartyA_214 PartyB_152,HighRisk
C-109113 PartyA_135 PartyB_95,MediumRisk
C-119902 PartyA_129 PartyB_29,MediumRisk
C-112635 PartyA_56 PartyB_219,HighRisk
C-102205 PartyA_65 PartyB_112,MediumRisk
C-121375 PartyA_61 PartyB_214,MediumRisk
C-117213 PartyA_300 PartyB_84,MediumRisk
C-112846 PartyA_121 PartyB_96,MediumRisk
C-124710 PartyA_187 PartyB_51,MediumRisk
C-116229 PartyA_216 PartyB_193,HighRisk
C-102456 PartyA_194 PartyB_43,LowRisk
C-108823 PartyA_283 PartyB_280,HighRisk
C-116247 PartyA_8 PartyB_233,HighRisk
C-112762 PartyA_192 PartyB_249,MediumRisk
C-110523 PartyA_284 PartyB_286,MediumRisk
C-106096 PartyA_232 PartyB_21,HighRisk
C-123384 PartyA_280 PartyB_181,MediumRisk
C-122371 PartyA_89 PartyB_200,MediumRisk
C-120777 PartyA_252 PartyB_275,HighRisk
C-111090 PartyA_201 PartyB_263,MediumRisk
C-121489 PartyA_115 PartyB_73,MediumRisk
C-114817 PartyA_98 PartyB_180,MediumRisk
C-115584 PartyA_289 PartyB_179,MediumRisk
C-107475 PartyA_137 PartyB_122,MediumRisk
C-102552 PartyA_14 PartyB_295,HighRisk
C-106975 PartyA_39 PartyB_134,MediumRisk
C-108651 PartyA_120 PartyB_113,HighRisk
C-117036 PartyA_150 PartyB_60,MediumRisk
C-101665 PartyA_143 PartyB_42,LowRisk
C-119472 PartyA_108 PartyB_265,MediumRisk
C-103837 PartyA_257 PartyB_233,MediumRisk
C-122313 PartyA_241 PartyB_169,HighRisk
C-102582 PartyA_268 PartyB_53,HighRisk
C-100802 PartyA_290 PartyB_290,HighRisk
C-109179 PartyA_207 PartyB_288,HighRisk
C-114957 PartyA_260 PartyB_124,HighRisk
C-108916 PartyA_278 PartyB_249,LowRisk
C-119108 PartyA_43 PartyB_51,MediumRisk
C-117537 PartyA_211 PartyB_290,MediumRisk
C-110282 PartyA_15 PartyB_296,MediumRisk
C-122655 PartyA_48 PartyB_202,MediumRisk
C-107963 PartyA_88 PartyB_71,MediumRisk
C-112877 PartyA_153 PartyB_179,MediumRisk
C-117500 PartyA_58 PartyB_10,MediumRisk
C-122152 PartyA_220 PartyB_61,MediumRisk
C-114925 PartyA_287 PartyB_129,MediumRisk
C-101811 PartyA_70 PartyB_210,MediumRisk
C-123257 PartyA_178 PartyB_148,MediumRisk
C-103527 PartyA_146 PartyB_237,HighRisk
C-109983 PartyA_255 PartyB_169,MediumRisk
C-115289 PartyA_239 PartyB_219,MediumRisk
C-104295 PartyA_53 PartyB_272,MediumRisk
C-100602 PartyA_103 PartyB_202,MediumRisk
C-112300 PartyA_141 PartyB_209,HighRisk
C-115673 PartyA_47 PartyB_44,MediumRisk
C-121653 PartyA_233 PartyB_293,MediumRisk
C-117572 PartyA_66 PartyB_134,MediumRisk
C-119213 PartyA_160 PartyB_106,HighRisk
C-105040 PartyA_113 PartyB_35,HighRisk
C-110360 PartyA_1 PartyB_90,MediumRisk
C-119876 PartyA_131 PartyB_86,HighRisk
C-103275 PartyA_282 PartyB_30,MediumRisk
C-110525 PartyA_172 PartyB_127,HighRisk
C-101760 PartyA_94 PartyB_179,LowRisk
C-123739 PartyA_256 PartyB_217,MediumRisk
C-121649 PartyA_21 PartyB_189,MediumRisk
C-111137 PartyA_87 PartyB_49,HighRisk
C-115133 PartyA_13 PartyB_207,MediumRisk
C-117003 PartyA_203 PartyB_83,MediumRisk
C-103928 PartyA_284 PartyB_35,MediumRisk
C-120439 PartyA_258 PartyB_87,MediumRisk
C-124199 PartyA_155 PartyB_279,MediumRisk
C-120904 PartyA_197 PartyB_150,HighRisk
C-100043 PartyA_48 PartyB_121,MediumRisk
C-113432 PartyA_20 PartyB_137,LowRisk
C-104969 PartyA_208 PartyB_164,MediumRisk
C-124519 PartyA_136 PartyB_88,MediumRisk
C-119284 PartyA_163 PartyB_297,MediumRisk
C-118250 PartyA_130 PartyB_132,HighRisk
C-123214 PartyA_60 PartyB_137,HighRisk
C-120952 PartyA_74 PartyB_94,MediumRisk
C-115395 PartyA_212 PartyB_213,HighRisk
C-124881 PartyA_259 PartyB_222,MediumRisk
C-120811 PartyA_187 PartyB_89,MediumRisk
C-100874 PartyA_203 PartyB_192,MediumRisk
C-106877 PartyA_285 PartyB_231,HighRisk
C-121226 PartyA_70 PartyB_3,MediumRisk
C-108895 PartyA_276 PartyB_73,LowRisk
C-101626 PartyA_110 PartyB_54,MediumRisk
C-124461 PartyA_110 PartyB_31,MediumRisk
C-119060 PartyA_33 PartyB_115,HighRisk
C-120050 PartyA_25 PartyB_74,MediumRisk
C-117816 PartyA_39 PartyB_101,MediumRisk
C-102280 PartyA_166 PartyB_12,MediumRisk
C-109563 PartyA_293 PartyB_40,LowRisk
C-115513 PartyA_157 PartyB_203,MediumRisk
C-116628 PartyA_27 PartyB_62,MediumRisk
C-100979 PartyA_191 PartyB_28,MediumRisk
C-120077 PartyA_76 PartyB_250,HighRisk
C-103819 PartyA_291 PartyB_231,LowRisk
C-124374 PartyA_189 PartyB_100,HighRisk
C-111842 PartyA_137 PartyB_116,MediumRisk
C-121486 PartyA_287 PartyB_270,MediumRisk
C-105193 PartyA_75 PartyB_229,MediumRisk
C-101179 PartyA_276 PartyB_235,MediumRisk
C-101018 PartyA_124 PartyB_285,MediumRisk
C-102955 PartyA_23 PartyB_41,MediumRisk
C-115819 PartyA_75 PartyB_34,HighRisk
C-123521 PartyA_203 PartyB_47,MediumRisk
C-118543 PartyA_190 PartyB_106,MediumRisk
C-124123 PartyA_249 PartyB_210,HighRisk
C-102400 PartyA_16 PartyB_143,HighRisk
C-106945 PartyA_38 PartyB_300,HighRisk
C-104646 PartyA_121 PartyB_180,MediumRisk
C-100100 PartyA_297 PartyB_187,MediumRisk
C-119564 PartyA_246 PartyB_64,HighRisk
C-120115 PartyA_94 PartyB_111,MediumRisk
C-118713 PartyA_35 PartyB_114,MediumRisk
C-120946 PartyA_296 PartyB_43,MediumRisk
C-124021 PartyA_90 PartyB_207,LowRisk
C-105425 PartyA_114 PartyB_178,HighRisk
C-100949 PartyA_22 PartyB_98,LowRisk
C-124762 PartyA_147 PartyB_155,HighRisk
C-120048 PartyA_200 PartyB_57,MediumRisk
C-111183 PartyA_53 PartyB_282,MediumRisk
C-119537 PartyA_177 PartyB_156,MediumRisk
C-105674 PartyA_291 PartyB_280,MediumRisk
C-114425 PartyA_147 PartyB_154,LowRisk
C-115839 PartyA_53 PartyB_237,MediumRisk
C-110259 PartyA_92 PartyB_169,HighRisk
C-113215 PartyA_21 PartyB_96,MediumRisk
C-105604 PartyA_227 PartyB_164,MediumRisk
C-120415 PartyA_26 PartyB_275,LowRisk
C-111419 PartyA_111 PartyB_215,MediumRisk
C-112239 PartyA_225 PartyB_299,MediumRisk
C-123687 PartyA_173 PartyB_297,HighRisk
C-119926 PartyA_258 PartyB_180,MediumRisk
C-100321 PartyA_122 PartyB_163,HighRisk
C-101334 PartyA_113 PartyB_126,HighRisk
C-120888 PartyA_68 PartyB_25,MediumRisk
C-108217 PartyA_193 PartyB_62,HighRisk
C-101563 PartyA_222 PartyB_54,MediumRisk
C-113132 PartyA_72 PartyB_16,MediumRisk
C-120729 PartyA_5 PartyB_35,HighRisk
C-122969 PartyA_141 PartyB_127,MediumRisk
C-112822 PartyA_290 PartyB_242,HighRisk
C-107254 PartyA_32 PartyB_127,MediumRisk
C-115803 PartyA_184 PartyB_130,HighRisk
C-116469 PartyA_126 PartyB_26,MediumRisk
C-116437 PartyA_18 PartyB_16,MediumRisk
C-104359 PartyA_300 PartyB_223,MediumRisk
C-119750 PartyA_60 PartyB_237,MediumRisk
C-121922 PartyA_298 PartyB_88,MediumRisk
C-100948 PartyA_271 PartyB_191,MediumRisk
C-116253 PartyA_180 PartyB_188,LowRisk
C-102322 PartyA_180 PartyB_32,MediumRisk
C-111730 PartyA_100 PartyB_116,MediumRisk
C-122921 PartyA_10 PartyB_217,MediumRisk
C-119899 PartyA_180 PartyB_89,MediumRisk
C-105228 PartyA_264 PartyB_108,HighRisk
C-116231 PartyA_172 PartyB_149,MediumRisk
C-113759 PartyA_107 PartyB_282,LowRisk
C-117867 PartyA_122 PartyB_55,HighRisk
C-122000 PartyA_276 PartyB_70,LowRisk
C-110099 PartyA_270 PartyB_61,MediumRisk
C-111711 PartyA_73 PartyB_256,MediumRisk
C-104227 PartyA_174 PartyB_12,MediumRisk
C-116305 PartyA_155 PartyB_41,MediumRisk
C-124611 PartyA_35 PartyB_141,MediumRisk
C-111883 PartyA_160 PartyB_230,HighRisk
C-115993 PartyA_120 PartyB_201,MediumRisk
C-117354 PartyA_253 PartyB_183,MediumRisk
C-114465 PartyA_238 PartyB_81,MediumRisk
C-118875 PartyA_45 PartyB_36,MediumRisk
C-112939 PartyA_66 PartyB_225,MediumRisk
C-106393 PartyA_56 PartyB_241,MediumRisk
C-110811 PartyA_170 PartyB_38,HighRisk
C-105120 PartyA_101 PartyB_97,MediumRisk
C-120461 PartyA_276 PartyB_64,MediumRisk
C-110031 PartyA_61 PartyB_82,LowRisk
C-100292 PartyA_275 PartyB_276,MediumRisk
C-105239 PartyA_171 PartyB_13,HighRisk
C-108289 PartyA_145 PartyB_254,HighRisk
C-109656 PartyA_148 PartyB_296,MediumRisk
C-102504 PartyA_249 PartyB_39,HighRisk
C-122308 PartyA_111 PartyB_199,MediumRisk
C-110371 PartyA_168 PartyB_71,MediumRisk
C-111364 PartyA_66 PartyB_48,MediumRisk
C-107391 PartyA_13 PartyB_232,HighRisk
C-108954 PartyA_288 PartyB_192,MediumRisk
C-108281 PartyA_210 PartyB_235,LowRisk
C-100110 PartyA_65 PartyB_290,HighRisk
C-122470 PartyA_88 PartyB_158,HighRisk
C-113346 PartyA_66 PartyB_259,HighRisk
C-114278 PartyA_280 PartyB_127,MediumRisk
C-110946 PartyA_134 PartyB_230,HighRisk
C-116310 PartyA_291 PartyB_40,MediumRisk
C-113664 PartyA_232 PartyB_73,MediumRisk
C-117391 PartyA_212 PartyB_37,MediumRisk
C-104077 PartyA_162 PartyB_103,MediumRisk
C-105356 PartyA_117 PartyB_97,MediumRisk
C-116387 PartyA_272 PartyB_7,MediumRisk
C-110917 PartyA_289 PartyB_277,MediumRisk
C-106560 PartyA_115 PartyB_156,MediumRisk
C-121151 PartyA_125 PartyB_128,HighRisk
C-103349 PartyA_43 PartyB_211,MediumRisk
C-112521 PartyA_142 PartyB_214,HighRisk
C-119833 PartyA_215 PartyB_295,MediumRisk
C-108437 PartyA_110 PartyB_45,MediumRisk
C-105063 PartyA_51 PartyB_192,MediumRisk
C-110470 PartyA_52 PartyB_253,HighRisk
C-117525 PartyA_46 PartyB_100,HighRisk
C-113989 PartyA_109 PartyB_35,MediumRisk
C-115267 PartyA_29 PartyB_110,MediumRisk
C-100095 PartyA_119 PartyB_237,HighRisk
C-115746 PartyA_45 PartyB_285,HighRisk
C-124512 PartyA_73 PartyB_36,MediumRisk
C-102611 PartyA_256 PartyB_66,HighRisk
C-110098 PartyA_97 PartyB_274,MediumRisk
C-111010 PartyA_37 PartyB_150,MediumRisk
C-108411 PartyA_183 PartyB_226,MediumRisk
C-104155 PartyA_226 PartyB_228,MediumRisk
C-122752 PartyA_248 PartyB_237,MediumRisk
C-107420 PartyA_266 PartyB_57,MediumRisk
C-120316 PartyA_247 PartyB_169,HighRisk
C-110925 PartyA_291 PartyB_136,HighRisk
C-112558 PartyA_16 PartyB_128,MediumRisk
C-115175 PartyA_134 PartyB_159,MediumRisk
C-106170 PartyA_197 PartyB_45,HighRisk
C-110649 PartyA_36 PartyB_219,MediumRisk
C-118041 PartyA_18 PartyB_63,HighRisk
C-105703 PartyA_242 PartyB_159,MediumRisk
C-112749 PartyA_175 PartyB_24,MediumRisk
C-120847 PartyA_65 PartyB_228,MediumRisk
C-119142 PartyA_157 PartyB_122,MediumRisk
C-106457 PartyA_238 PartyB_284,HighRisk
C-124314 PartyA_8 PartyB_119,HighRisk
C-123773 PartyA_275 PartyB_115,MediumRisk
C-116702 PartyA_237 PartyB_35,MediumRisk
C-106742 PartyA_253 PartyB_56,HighRisk
C-124483 PartyA_80 PartyB_286,HighRisk
C-116492 PartyA_34 PartyB_148,MediumRisk
C-108851 PartyA_161 PartyB_291,MediumRisk
C-117834 PartyA_1 PartyB_196,MediumRisk
C-104791 PartyA_95 PartyB_265,HighRisk
C-104200 PartyA_139 PartyB_279,MediumRisk
C-122675 PartyA_61 PartyB_4,HighRisk
C-122468 PartyA_279 PartyB_216,HighRisk
C-108085 PartyA_295 PartyB_43,HighRisk
C-100319 PartyA_144 PartyB_30,MediumRisk
C-109432 PartyA_267 PartyB_8,MediumRisk
C-116036 PartyA_144 PartyB_165,LowRisk
C-110567 PartyA_272 PartyB_123,HighRisk
C-120082 PartyA_290 PartyB_214,MediumRisk
C-117152 PartyA_14 PartyB_60,MediumRisk
C-105913 PartyA_288 PartyB_267,LowRisk
C-105614 PartyA_300 PartyB_194,MediumRisk
C-113505 PartyA_127 PartyB_183,MediumRisk
C-107232 PartyA_179 PartyB_74,HighRisk
C-105493 PartyA_133 PartyB_168,HighRisk
C-109408 PartyA_35 PartyB_126,HighRisk
C-123455 PartyA_30 PartyB_160,MediumRisk
C-100330 PartyA_225 PartyB_215,MediumRisk
C-109978 PartyA_242 PartyB_80,MediumRisk
C-109004 PartyA_73 PartyB_169,HighRisk
C-110170 PartyA_20 PartyB_123,LowRisk
C-103116 PartyA_138 PartyB_236,HighRisk
C-119638 PartyA_147 PartyB_213,MediumRisk
C-103331 PartyA_132 PartyB_135,MediumRisk
C-100613 PartyA_33 PartyB_55,HighRisk
C-124806 PartyA_34 PartyB_209,MediumRisk
C-107579 PartyA_14 PartyB_225,HighRisk
C-100722 PartyA_217 PartyB_132,MediumRisk
C-114795 PartyA_101 PartyB_212,HighRisk
C-105806 PartyA_106 PartyB_54,LowRisk
C-106158 PartyA_194 PartyB_82,HighRisk
C-115301 PartyA_288 PartyB_78,HighRisk
C-119950 PartyA_95 PartyB_241,MediumRisk
C-111041 PartyA_229 PartyB_195,HighRisk
C-108598 PartyA_255 PartyB_52,MediumRisk
C-124324 PartyA_239 PartyB_62,MediumRisk
C-110302 PartyA_150 PartyB_102,MediumRisk
C-114406 PartyA_149 PartyB_198,MediumRisk
C-115196 PartyA_273 PartyB_52,HighRisk
C-116711 PartyA_297 PartyB_280,HighRisk
C-124212 PartyA_97 PartyB_72,HighRisk
C-107496 PartyA_60 PartyB_289,HighRisk
C-116599 PartyA_160 PartyB_27,HighRisk
C-117051 PartyA_283 PartyB_124,MediumRisk
C-102259 PartyA_154 PartyB_71,MediumRisk
C-103464 PartyA_2 PartyB_296,MediumRisk
C-117792 PartyA_180 PartyB_82,HighRisk
C-112113 PartyA_184 PartyB_113,MediumRisk
C-106900 PartyA_141 PartyB_277,MediumRisk
C-111562 PartyA_88 PartyB_67,MediumRisk
C-109925 PartyA_79 PartyB_81,MediumRisk
C-112529 PartyA_1 PartyB_156,MediumRisk
C-107874 PartyA_111 PartyB_132,MediumRisk
C-106125 PartyA_158 PartyB_25,MediumRisk
C-116596 PartyA_73 PartyB_91,MediumRisk
C-101278 PartyA_212 PartyB_78,MediumRisk
C-124125 PartyA_294 PartyB_277,HighRisk
C-118911 PartyA_107 PartyB_26,HighRisk
C-114167 PartyA_242 PartyB_183,MediumRisk
C-115431 PartyA_114 PartyB_121,HighRisk
C-117444 PartyA_123 PartyB_81,HighRisk
C-110216 PartyA_83 PartyB_246,HighRisk
C-111210 PartyA_239 PartyB_123,MediumRisk
C-110884 PartyA_6 PartyB_87,HighRisk
C-106057 PartyA_34 PartyB_26,HighRisk
C-119689 PartyA_147 PartyB_282,MediumRisk
C-120622 PartyA_171 PartyB_227,HighRisk
C-117762 PartyA_175 PartyB_45,LowRisk
C-107018 PartyA_120 PartyB_176,MediumRisk
C-112083 PartyA_177 PartyB_289,MediumRisk
C-105688 PartyA_128 PartyB_89,HighRisk
C-124624 PartyA_166 PartyB_227,LowRisk
C-110184 PartyA_124 PartyB_191,MediumRisk
C-113889 PartyA_108 PartyB_163,MediumRisk
C-100051 PartyA_153 PartyB_200,MediumRisk
C-108500 PartyA_42 PartyB_180,MediumRisk
C-110856 PartyA_195 PartyB_292,HighRisk
C-100092 PartyA_148 PartyB_117,HighRisk
C-108218 PartyA_24 PartyB_94,MediumRisk
C-109923 PartyA_1 PartyB_56,MediumRisk
C-120361 PartyA_191 PartyB_201,HighRisk
C-104329 PartyA_3 PartyB_13,LowRisk
C-113366 PartyA_124 PartyB_47,MediumRisk
C-121680 PartyA_291 PartyB_225,HighRisk
C-123794 PartyA_54 PartyB_65,HighRisk
C-110537 PartyA_244 PartyB_54,MediumRisk
C-111277 PartyA_289 PartyB_283,HighRisk
C-110510 PartyA_45 PartyB_170,HighRisk
C-107444 PartyA_80 PartyB_286,MediumRisk
C-118140 PartyA_116 PartyB_23,MediumRisk
C-118136 PartyA_78 PartyB_133,HighRisk
C-108554 PartyA_208 PartyB_184,HighRisk
C-119851 PartyA_206 PartyB_267,HighRisk
C-114275 PartyA_52 PartyB_173,MediumRisk
C-118219 PartyA_92 PartyB_23,HighRisk
C-119070 PartyA_176 PartyB_123,HighRisk
C-105340 PartyA_205 PartyB_113,HighRisk
C-111659 PartyA_124 PartyB_292,MediumRisk
C-114891 PartyA_297 PartyB_191,MediumRisk
C-116982 PartyA_171 PartyB_90,MediumRisk
C-107822 PartyA_255 PartyB_153,MediumRisk
C-115931 PartyA_238 PartyB_3,HighRisk
C-109167 PartyA_57 PartyB_50,MediumRisk
C-107971 PartyA_272 PartyB_247,MediumRisk
C-111270 PartyA_198 PartyB_135,MediumRisk
C-110986 PartyA_251 PartyB_257,MediumRisk
C-103869 PartyA_29 PartyB_175,LowRisk
C-114020 PartyA_28 PartyB_51,MediumRisk
C-114375 PartyA_276 PartyB_190,HighRisk
C-119391 PartyA_183 PartyB_157,MediumRisk
C-121634 PartyA_114 PartyB_152,HighRisk
C-114560 PartyA_170 PartyB_121,MediumRisk
C-102593 PartyA_105 PartyB_81,MediumRisk
C-121909 PartyA_248 PartyB_113,MediumRisk
C-109780 PartyA_260 PartyB_297,MediumRisk
C-121715 PartyA_21 PartyB_205,MediumRisk
C-113617 PartyA_280 PartyB_126,HighRisk
C-114557 PartyA_191 PartyB_38,HighRisk
C-104526 PartyA_67 PartyB_145,MediumRisk
C-122686 PartyA_223 PartyB_144,MediumRisk
C-108484 PartyA_2 PartyB_60,MediumRisk
C-112712 PartyA_113 PartyB_158,LowRisk
C-124730 PartyA_258 PartyB_95,MediumRisk
C-111184 PartyA_291 PartyB_102,MediumRisk
C-106050 PartyA_136 PartyB_59,MediumRisk
C-108846 PartyA_132 PartyB_4,MediumRisk
C-108166 PartyA_204 PartyB_131,MediumRisk
C-113336 PartyA_45 PartyB_47,MediumRisk
C-109703 PartyA_229 PartyB_259,HighRisk
C-116586 PartyA_3 PartyB_108,HighRisk
C-106676 PartyA_73 PartyB_238,HighRisk
C-123949 PartyA_56 PartyB_147,MediumRisk
C-121823 PartyA_263 PartyB_93,MediumRisk
C-119479 PartyA_120 PartyB_189,MediumRisk
C-109705 PartyA_212 PartyB_297,MediumRisk
C-110265 PartyA_217 PartyB_216,MediumRisk
C-119224 PartyA_227 PartyB_290,MediumRisk
C-114001 PartyA_69 PartyB_192,MediumRisk
C-110788 PartyA_155 PartyB_99,HighRisk
C-107636 PartyA_207 PartyB_18,HighRisk
C-121227 PartyA_260 PartyB_199,MediumRisk
C-100573 PartyA_238 PartyB_167,MediumRisk
C-116849 PartyA_23 PartyB_152,HighRisk
C-119599 PartyA_15 PartyB_278,MediumRisk
C-110564 PartyA_23 PartyB_256,MediumRisk
C-113474 PartyA_103 PartyB_47,MediumRisk
C-113203 PartyA_287 PartyB_245,MediumRisk
C-106993 PartyA_43 PartyB_94,MediumRisk
C-105396 PartyA_140 PartyB_200,MediumRisk
C-121079 PartyA_97 PartyB_246,HighRisk
C-113559 PartyA_51 PartyB_91,MediumRisk
C-105679 PartyA_167 PartyB_206,MediumRisk
C-100068 PartyA_117 PartyB_185,MediumRisk
C-123860 PartyA_244 PartyB_156,MediumRisk
C-115509 PartyA_198 PartyB_259,MediumRisk
C-102999 PartyA_28 PartyB_234,MediumRisk
C-104746 PartyA_50 PartyB_98,MediumRisk
C-113940 PartyA_26 PartyB_216,MediumRisk
C-108532 PartyA_117 PartyB_191,MediumRisk
C-116528 PartyA_118 PartyB_98,MediumRisk
C-124596 PartyA_42 PartyB_76,MediumRisk
C-105691 PartyA_211 PartyB_162,MediumRisk
C-124872 PartyA_298 PartyB_177,MediumRisk
C-114169 PartyA_45 PartyB_59,HighRisk
C-115758 PartyA_262 PartyB_275,MediumRisk
C-122219 PartyA_200 PartyB_188,MediumRisk
C-115614 PartyA_23 PartyB_148,MediumRisk
C-117023 PartyA_182 PartyB_62,MediumRisk
C-124122 PartyA_78 PartyB_118,MediumRisk
C-104341 PartyA_94 PartyB_52,MediumRisk
C-103017 PartyA_193 PartyB_294,MediumRisk
C-118266 PartyA_65 PartyB_240,HighRisk
C-123395 PartyA_206 PartyB_165,MediumRisk
C-108014 PartyA_42 PartyB_120,MediumRisk
C-118802 PartyA_234 PartyB_271,HighRisk
C-104075 PartyA_256 PartyB_62,MediumRisk
C-122022 PartyA_187 PartyB_93,MediumRisk
C-109664 PartyA_70 PartyB_275,MediumRisk
C-112960 PartyA_146 PartyB_76,MediumRisk
C-111540 PartyA_218 PartyB_157,HighRisk
C-118974 PartyA_244 PartyB_151,MediumRisk
C-110307 PartyA_77 PartyB_153,HighRisk
C-112961 PartyA_162 PartyB_149,MediumRisk
C-123843 PartyA_152 PartyB_248,MediumRisk
C-124517 PartyA_6 PartyB_268,LowRisk
C-112442 PartyA_299 PartyB_204,HighRisk
C-124633 PartyA_153 PartyB_165,MediumRisk
C-114381 PartyA_119 PartyB_267,HighRisk
C-103495 PartyA_36 PartyB_170,MediumRisk
C-107143 PartyA_16 PartyB_242,MediumRisk
C-107740 PartyA_216 PartyB_52,MediumRisk
C-123005 PartyA_18 PartyB_257,MediumRisk
C-111427 PartyA_192 PartyB_109,MediumRisk
C-118941 PartyA_44 PartyB_175,HighRisk
C-101485 PartyA_148 PartyB_263,MediumRisk
C-121188 PartyA_133 PartyB_49,MediumRisk
C-107652 PartyA_184 PartyB_114,HighRisk
C-122995 PartyA_278 PartyB_132,HighRisk
C-117744 PartyA_141 PartyB_260,MediumRisk
C-117017 PartyA_40 PartyB_41,HighRisk
C-104267 PartyA_43 PartyB_27,MediumRisk
C-110586 PartyA_185 PartyB_20,LowRisk
C-118757 PartyA_40 PartyB_25,MediumRisk
C-100675 PartyA_226 PartyB_55,HighRisk
C-105134 PartyA_106 PartyB_45,LowRisk
C-100023 PartyA_98 PartyB_152,HighRisk
C-123558 PartyA_31 PartyB_162,MediumRisk
C-117282 PartyA_282 PartyB_124,LowRisk
C-111052 PartyA_110 PartyB_240,HighRisk
C-100540 PartyA_75 PartyB_92,HighRisk
C-116784 PartyA_70 PartyB_81,HighRisk
C-103046 PartyA_287 PartyB_16,HighRisk
C-102036 PartyA_276 PartyB_268,HighRisk
C-103065 PartyA_296 PartyB_65,HighRisk
C-115000 PartyA_187 PartyB_209,MediumRisk
C-115608 PartyA_73 PartyB_74,MediumRisk
C-106109 PartyA_117 PartyB_168,MediumRisk
C-120413 PartyA_267 PartyB_42,HighRisk
C-107098 PartyA_257 PartyB_274,MediumRisk
C-106375 PartyA_68 PartyB_6,MediumRisk
C-107871 PartyA_13 PartyB_186,MediumRisk
C-107980 PartyA_66 PartyB_285,MediumRisk
C-114185 PartyA_8 PartyB_36,MediumRisk
C-106927 PartyA_86 PartyB_30,MediumRisk
C-101041 PartyA_205 PartyB_41,MediumRisk
C-120564 PartyA_292 PartyB_2,HighRisk
C-123870 PartyA_88 PartyB_120,HighRisk
C-122597 PartyA_172 PartyB_207,MediumRisk
C-109605 PartyA_126 PartyB_53,MediumRisk
C-100114 PartyA_235 PartyB_16,HighRisk
C-106991 PartyA_33 PartyB_117,MediumRisk
C-109390 PartyA_189 PartyB_109,LowRisk
C-104250 PartyA_53 PartyB_222,LowRisk
C-107550 PartyA_162 PartyB_55,HighRisk
C-108422 PartyA_45 PartyB_179,HighRisk
C-112596 PartyA_235 PartyB_49,MediumRisk
C-114766 PartyA_204 PartyB_36,MediumRisk
C-120893 PartyA_179 PartyB_260,HighRisk
C-120034 PartyA_113 PartyB_197,HighRisk
C-103853 PartyA_124 PartyB_26,MediumRisk
C-114418 PartyA_20 PartyB_277,MediumRisk
C-105813 PartyA_166 PartyB_172,HighRisk
C-119780 PartyA_190 PartyB_151,LowRisk
C-123596 PartyA_290 PartyB_35,MediumRisk
C-101758 PartyA_127 PartyB_28,MediumRisk
C-121406 PartyA_209 PartyB_249,MediumRisk
C-104310 PartyA_290 PartyB_126,MediumRisk
C-107644 PartyA_170 PartyB_208,MediumRisk
C-110895 PartyA_103 PartyB_67,MediumRisk
C-103680 PartyA_111 PartyB_201,MediumRisk
C-115494 PartyA_104 PartyB_61,MediumRisk
C-112706 PartyA_79 PartyB_271,HighRisk
C-122484 PartyA_163 PartyB_230,HighRisk
C-103598 PartyA_107 PartyB_202,HighRisk
C-118698 PartyA_72 PartyB_16,HighRisk
C-101480 PartyA_99 PartyB_192,MediumRisk
C-107410 PartyA_81 PartyB_198,MediumRisk
C-120512 PartyA_24 PartyB_88,MediumRisk
C-123666 PartyA_74 PartyB_215,HighRisk
C-106278 PartyA_238 PartyB_234,MediumRisk
C-114190 PartyA_229 PartyB_225,HighRisk
C-114497 PartyA_249 PartyB_68,MediumRisk
C-120543 PartyA_127 PartyB_50,HighRisk
C-109869 PartyA_154 PartyB_264,MediumRisk
C-106319 PartyA_141 PartyB_88,HighRisk
C-111911 PartyA_138 PartyB_196,HighRisk
C-113453 PartyA_36 PartyB_276,MediumRisk
C-119236 PartyA_149 PartyB_4,MediumRisk
C-115182 PartyA_186 PartyB_29,MediumRisk
C-113293 PartyA_156 PartyB_221,MediumRisk
C-119215 PartyA_112 PartyB_197,MediumRisk
C-120470 PartyA_104 PartyB_172,MediumRisk
C-113080 PartyA_8 PartyB_218,MediumRisk
C-121013 PartyA_13 PartyB_187,HighRisk
C-110796 PartyA_262 PartyB_179,HighRisk
C-101780 PartyA_182 PartyB_118,MediumRisk
C-120016 PartyA_33 PartyB_70,HighRisk
C-123076 PartyA_267 PartyB_58,MediumRisk
C-112494 PartyA_260 PartyB_195,HighRisk
C-103822 PartyA_93 PartyB_178,HighRisk
C-118498 PartyA_117 PartyB_240,HighRisk
C-119376 PartyA_9 PartyB_127,LowRisk
C-123742 PartyA_140 PartyB_21,MediumRisk
C-109443 PartyA_199 PartyB_86,MediumRisk
C-115938 PartyA_188 PartyB_13,MediumRisk
C-111244 PartyA_152 PartyB_85,MediumRisk
C-105837 PartyA_53 PartyB_195,HighRisk
C-117643 PartyA_121 PartyB_61,MediumRisk
C-122445 PartyA_136 PartyB_56,MediumRisk
C-117566 PartyA_177 PartyB_160,MediumRisk
C-120606 PartyA_92 PartyB_92,LowRisk
C-110247 PartyA_186 PartyB_206,HighRisk
C-105044 PartyA_81 PartyB_119,MediumRisk
C-114528 PartyA_14 PartyB_61,MediumRisk
C-103838 PartyA_150 PartyB_278,MediumRisk
C-123514 PartyA_140 PartyB_26,MediumRisk
C-123436 PartyA_187 PartyB_175,MediumRisk
C-106351 PartyA_3 PartyB_206,HighRisk
C-117077 PartyA_5 PartyB_176,HighRisk
C-100588 PartyA_294 PartyB_27,HighRisk
C-120909 PartyA_196 PartyB_268,MediumRisk
C-115296 PartyA_56 PartyB_118,MediumRisk
C-113735 PartyA_25 PartyB_212,MediumRisk
C-123240 PartyA_102 PartyB_254,MediumRisk
C-113497 PartyA_37 PartyB_161,MediumRisk
C-113982 PartyA_284 PartyB_23,HighRisk
C-119461 PartyA_153 PartyB_87,MediumRisk
C-107790 PartyA_270 PartyB_171,MediumRisk
C-106169 PartyA_180 PartyB_223,MediumRisk
C-100607 PartyA_42 PartyB_236,MediumRisk
C-118022 PartyA_100 PartyB_43,MediumRisk
C-114477 PartyA_215 PartyB_289,MediumRisk
C-121568 PartyA_107 PartyB_287,LowRisk
C-115837 PartyA_43 PartyB_160,MediumRisk
C-102984 PartyA_294 PartyB_210,HighRisk
C-103279 PartyA_136 PartyB_114,HighRisk
C-109066 PartyA_166 PartyB_119,HighRisk
C-102815 PartyA_218 PartyB_132,MediumRisk
C-123497 PartyA_222 PartyB_87,HighRisk
C-102649 PartyA_124 PartyB_288,MediumRisk
C-104923 PartyA_289 PartyB_239,LowRisk
C-113018 PartyA_252 PartyB_147,MediumRisk
C-117681 PartyA_192 PartyB_273,HighRisk
C-113102 PartyA_176 PartyB_276,HighRisk
C-102347 PartyA_220 PartyB_137,MediumRisk
C-100754 PartyA_67 PartyB_89,MediumRisk
C-117930 PartyA_40 PartyB_163,HighRisk
C-111648 PartyA_199 PartyB_259,HighRisk
C-116068 PartyA_122 PartyB_112,MediumRisk
C-106635 PartyA_101 PartyB_102,HighRisk
C-108721 PartyA_172 PartyB_241,MediumRisk
C-106708 PartyA_245 PartyB_18,MediumRisk
C-101414 PartyA_35 PartyB_166,MediumRisk
C-118954 PartyA_297 PartyB_282,MediumRisk
C-124323 PartyA_160 PartyB_229,HighRisk
C-108860 PartyA_29 PartyB_220,MediumRisk
C-106157 PartyA_242 PartyB_97,LowRisk
C-103033 PartyA_297 PartyB_162,HighRisk
C-122659 PartyA_275 PartyB_133,MediumRisk
C-103628 PartyA_255 PartyB_61,LowRisk
C-115420 PartyA_72 PartyB_16,HighRisk
C-105289 PartyA_179 PartyB_93,HighRisk
C-105556 PartyA_213 PartyB_158,LowRisk
C-101348 PartyA_11 PartyB_32,MediumRisk
C-111966 PartyA_212 PartyB_164,MediumRisk
C-108495 PartyA_117 PartyB_168,MediumRisk
C-107063 PartyA_96 PartyB_99,MediumRisk
C-110460 PartyA_86 PartyB_213,MediumRisk
C-109895 PartyA_124 PartyB_234,HighRisk
C-122679 PartyA_55 PartyB_241,MediumRisk
C-112026 PartyA_25 PartyB_134,MediumRisk
C-121997 PartyA_257 PartyB_256,MediumRisk
C-105896 PartyA_134 PartyB_211,MediumRisk
C-108562 PartyA_132 PartyB_95,HighRisk
C-114230 PartyA_215 PartyB_113,MediumRisk
C-101618 PartyA_177 PartyB_175,LowRisk
C-119654 PartyA_173 PartyB_221,LowRisk
C-108471 PartyA_182 PartyB_207,HighRisk
C-107045 PartyA_293 PartyB_51,MediumRisk
C-102924 PartyA_157 PartyB_102,HighRisk
C-103206 PartyA_263 PartyB_155,MediumRisk
C-122034 PartyA_240 PartyB_196,HighRisk
C-104274 PartyA_256 PartyB_120,MediumRisk
C-101387 PartyA_149 PartyB_156,HighRisk
C-113388 PartyA_295 PartyB_240,HighRisk
C-124979 PartyA_204 PartyB_51,MediumRisk
C-110411 PartyA_82 PartyB_16,MediumRisk
C-123199 PartyA_132 PartyB_38,LowRisk
C-115877 PartyA_176 PartyB_137,MediumRisk
C-101950 PartyA_113 PartyB_198,MediumRisk
C-104829 PartyA_216 PartyB_185,MediumRisk
C-110928 PartyA_117 PartyB_13,MediumRisk
C-119024 PartyA_122 PartyB_77,HighRisk
C-115040 PartyA_86 PartyB_179,LowRisk
C-101068 PartyA_233 PartyB_291,HighRisk
C-103660 PartyA_98 PartyB_223,MediumRisk
C-102577 PartyA_215 PartyB_144,MediumRisk
C-114197 PartyA_277 PartyB_113,MediumRisk
C-102470 PartyA_132 PartyB_274,HighRisk
C-102274 PartyA_11 PartyB_149,MediumRisk
C-111159 PartyA_219 PartyB_77,HighRisk
C-112938 PartyA_158 PartyB_84,HighRisk
C-112841 PartyA_291 PartyB_174,MediumRisk
C-112445 PartyA_167 PartyB_118,MediumRisk
C-101265 PartyA_1 PartyB_129,MediumRisk
C-112386 PartyA_162 PartyB_166,HighRisk
C-114198 PartyA_146 PartyB_202,MediumRisk
C-110958 PartyA_280 PartyB_98,HighRisk
C-107864 PartyA_35 PartyB_112,HighRisk
C-102845 PartyA_10 PartyB_40,MediumRisk
C-103038 PartyA_21 PartyB_242,MediumRisk
C-122894 PartyA_14 PartyB_15,MediumRisk
C-121884 PartyA_117 PartyB_224,HighRisk
C-111698 PartyA_177 PartyB_19,MediumRisk
C-123561 PartyA_146 PartyB_197,HighRisk
C-108774 PartyA_250 PartyB_68,HighRisk
C-124858 PartyA_286 PartyB_267,MediumRisk
C-119699 PartyA_5 PartyB_189,MediumRisk
C-122627 PartyA_219 PartyB_178,MediumRisk
C-105032 PartyA_156 PartyB_226,MediumRisk
C-123128 PartyA_43 PartyB_35,MediumRisk
C-100347 PartyA_191 PartyB_11,MediumRisk
C-116466 PartyA_284 PartyB_214,LowRisk
C-102260 PartyA_238 PartyB_241,HighRisk
C-112708 PartyA_22 PartyB_247,MediumRisk
C-106277 PartyA_114 PartyB_131,LowRisk
C-114679 PartyA_171 PartyB_19,MediumRisk
C-107091 PartyA_186 PartyB_222,MediumRisk
C-120031 PartyA_253 PartyB_18,MediumRisk
C-117169 PartyA_185 PartyB_292,HighRisk
C-109919 PartyA_139 PartyB_190,HighRisk
C-105880 PartyA_271 PartyB_202,MediumRisk
C-104952 PartyA_298 PartyB_136,MediumRisk
C-108762 PartyA_276 PartyB_272,HighRisk
C-101477 PartyA_110 PartyB_97,MediumRisk
C-118722 PartyA_214 PartyB_51,HighRisk
C-108372 PartyA_203 PartyB_174,MediumRisk
C-115405 PartyA_41 PartyB_141,MediumRisk
C-124335 PartyA_254 PartyB_268,MediumRisk
C-119059 PartyA_294 PartyB_43,LowRisk
C-109029 PartyA_298 PartyB_40,MediumRisk
C-111019 PartyA_226 PartyB_204,MediumRisk
C-107248 PartyA_112 PartyB_104,HighRisk
C-100255 PartyA_56 PartyB_128,MediumRisk
C-115530 PartyA_21 PartyB_269,MediumRisk
C-107283 PartyA_275 PartyB_279,HighRisk
C-112970 PartyA_295 PartyB_9,MediumRisk
C-114074 PartyA_296 PartyB_241,HighRisk
C-113108 PartyA_120 PartyB_155,MediumRisk
C-104513 PartyA_244 PartyB_112,HighRisk
C-115856 PartyA_207 PartyB_287,LowRisk
C-110823 PartyA_166 PartyB_67,HighRisk
C-100107 PartyA_51 PartyB_251,HighRisk
C-103717 PartyA_132 PartyB_112,MediumRisk
C-106702 PartyA_42 PartyB_283,MediumRisk
C-112655 PartyA_19 PartyB_81,MediumRisk
C-113342 PartyA_164 PartyB_14,MediumRisk
C-100416 PartyA_6 PartyB_284,MediumRisk
C-106516 PartyA_260 PartyB_61,MediumRisk
C-104825 PartyA_54 PartyB_271,HighRisk
C-118101 PartyA_238 PartyB_268,MediumRisk
C-116330 PartyA_226 PartyB_81,MediumRisk
C-115660 PartyA_92 PartyB_120,HighRisk
C-120558 PartyA_79 PartyB_285,MediumRisk
C-124221 PartyA_197 PartyB_143,MediumRisk
C-115402 PartyA_92 PartyB_281,MediumRisk
C-113271 PartyA_115 PartyB_225,MediumRisk
C-108775 PartyA_196 PartyB_35,HighRisk
C-121995 PartyA_64 PartyB_234,MediumRisk
C-104606 PartyA_179 PartyB_233,MediumRisk
C-120866 PartyA_95 PartyB_211,HighRisk
C-120276 PartyA_84 PartyB_89,MediumRisk
C-101900 PartyA_216 PartyB_185,MediumRisk
C-107565 PartyA_4 PartyB_149,MediumRisk
C-113253 PartyA_109 PartyB_32,HighRisk
C-123841 PartyA_239 PartyB_71,MediumRisk
C-118388 PartyA_212 PartyB_83,HighRisk
C-123342 PartyA_72 PartyB_213,LowRisk
C-109574 PartyA_213 PartyB_96,MediumRisk
C-100039 PartyA_1 PartyB_267,MediumRisk
C-118308 PartyA_274 PartyB_294,HighRisk
C-109707 PartyA_2 PartyB_163,LowRisk
C-122480 PartyA_179 PartyB_169,MediumRisk
C-109551 PartyA_123 PartyB_83,MediumRisk
C-123271 PartyA_85 PartyB_215,MediumRisk
C-114770 PartyA_167 PartyB_221,HighRisk
C-118898 PartyA_197 PartyB_100,LowRisk
C-109309 PartyA_278 PartyB_32,MediumRisk
C-102980 PartyA_100 PartyB_214,MediumRisk
C-111629 PartyA_294 PartyB_101,HighRisk
C-110760 PartyA_96 PartyB_296,MediumRisk
C-115394 PartyA_123 PartyB_116,HighRisk
C-120442 PartyA_135 PartyB_114,HighRisk
C-119437 PartyA_148 PartyB_115,HighRisk
C-103544 PartyA_83 PartyB_124,MediumRisk
C-102867 PartyA_53 PartyB_257,HighRisk
C-112634 PartyA_144 PartyB_145,HighRisk
C-118005 PartyA_171 PartyB_234,MediumRisk
C-118866 PartyA_176 PartyB_141,HighRisk
C-110809 PartyA_233 PartyB_248,MediumRisk
C-104570 PartyA_196 PartyB_108,MediumRisk
C-115487 PartyA_95 PartyB_202,LowRisk
C-106454 PartyA_210 PartyB_257,HighRisk
C-112162 PartyA_194 PartyB_32,MediumRisk
C-101878 PartyA_280 PartyB_184,HighRisk
C-113563 PartyA_196 PartyB_78,MediumRisk
C-121581 PartyA_188 PartyB_179,HighRisk
C-112610 PartyA_159 PartyB_250,HighRisk
C-124075 PartyA_232 PartyB_53,MediumRisk
C-103897 PartyA_121 PartyB_107,MediumRisk
C-122131 PartyA_34 PartyB_293,MediumRisk
C-111857 PartyA_160 PartyB_256,MediumRisk
C-111642 PartyA_208 PartyB_252,LowRisk
C-102729 PartyA_119 PartyB_157,MediumRisk
C-118285 PartyA_100 PartyB_9,MediumRisk
C-106850 PartyA_197 PartyB_168,HighRisk
C-100414 PartyA_149 PartyB_155,LowRisk
C-107887 PartyA_14 PartyB_59,MediumRisk
C-119197 PartyA_194 PartyB_260,MediumRisk
C-106386 PartyA_288 PartyB_99,MediumRisk
C-117507 PartyA_136 PartyB_182,LowRisk
C-122649 PartyA_41 PartyB_190,MediumRisk
C-122647 PartyA_40 PartyB_250,MediumRisk
C-105067 PartyA_93 PartyB_172,HighRisk
C-119798 PartyA_7 PartyB_212,MediumRisk
C-106485 PartyA_21 PartyB_218,HighRisk
C-124731 PartyA_138 PartyB_88,HighRisk
C-106333 PartyA_51 PartyB_281,MediumRisk
C-120552 PartyA_254 PartyB_101,LowRisk
C-116744 PartyA_35 PartyB_177,MediumRisk
C-105932 PartyA_153 PartyB_74,LowRisk
C-123449 PartyA_116 PartyB_169,HighRisk
C-122049 PartyA_3 PartyB_161,MediumRisk
C-108065 PartyA_35 PartyB_107,HighRisk
C-110919 PartyA_46 PartyB_99,MediumRisk
C-117828 PartyA_4 PartyB_295,MediumRisk
C-123943 PartyA_256 PartyB_158,MediumRisk
C-101787 PartyA_295 PartyB_35,MediumRisk
C-112028 PartyA_240 PartyB_246,MediumRisk
C-100036 PartyA_13 PartyB_99,HighRisk
C-119676 PartyA_2 PartyB_209,MediumRisk
C-107767 PartyA_26 PartyB_276,MediumRisk
C-104187 PartyA_255 PartyB_254,HighRisk
C-108867 PartyA_74 PartyB_251,MediumRisk
C-111825 PartyA_7 PartyB_59,MediumRisk
C-101555 PartyA_27 PartyB_255,MediumRisk
C-111721 PartyA_215 PartyB_98,HighRisk
C-107252 PartyA_114 PartyB_296,MediumRisk
C-106398 PartyA_300 PartyB_204,MediumRisk
C-117292 PartyA_174 PartyB_82,MediumRisk
C-120126 PartyA_293 PartyB_160,MediumRisk
C-114326 PartyA_206 PartyB_190,HighRisk
C-120402 PartyA_148 PartyB_56,MediumRisk
C-103708 PartyA_166 PartyB_214,MediumRisk
C-112426 PartyA_181 PartyB_124,MediumRisk
C-124648 PartyA_9 PartyB_89,LowRisk
C-119013 PartyA_188 PartyB_78,MediumRisk
C-117693 PartyA_7 PartyB_83,MediumRisk
C-105775 PartyA_56 PartyB_164,MediumRisk
C-114488 PartyA_196 PartyB_198,MediumRisk
C-113576 PartyA_278 PartyB_241,MediumRisk
C-118511 PartyA_54 PartyB_230,HighRisk
C-122270 PartyA_154 PartyB_12,MediumRisk
C-107073 PartyA_281 PartyB_59,HighRisk
C-112012 PartyA_135 PartyB_91,MediumRisk
C-120002 PartyA_121 PartyB_82,MediumRisk
C-124592 PartyA_108 PartyB_200,MediumRisk
C-110334 PartyA_247 PartyB_64,HighRisk
C-121509 PartyA_78 PartyB_56,HighRisk
C-101746 PartyA_66 PartyB_299,MediumRisk
C-118349 PartyA_144 PartyB_83,HighRisk
C-108879 PartyA_16 PartyB_65,MediumRisk
C-118461 PartyA_198 PartyB_274,MediumRisk
C-111080 PartyA_167 PartyB_169,MediumRisk
C-107260 PartyA_126 PartyB_155,MediumRisk
C-115575 PartyA_251 PartyB_201,MediumRisk
C-117561 PartyA_125 PartyB_20,MediumRisk
C-104038 PartyA_112 PartyB_54,HighRisk
C-111597 PartyA_14 PartyB_239,LowRisk
C-103705 PartyA_214 PartyB_204,MediumRisk
C-122181 PartyA_161 PartyB_40,MediumRisk
C-103955 PartyA_250 PartyB_209,MediumRisk
C-124322 PartyA_154 PartyB_261,MediumRisk
C-113544 PartyA_67 PartyB_71,MediumRisk
C-111567 PartyA_52 PartyB_209,MediumRisk
C-103428 PartyA_143 PartyB_77,MediumRisk
C-119491 PartyA_87 PartyB_91,HighRisk
C-102507 PartyA_39 PartyB_122,LowRisk
C-117455 PartyA_163 PartyB_32,HighRisk
C-104681 PartyA_98 PartyB_6,MediumRisk
C-117838 PartyA_154 PartyB_41,HighRisk
C-108402 PartyA_126 PartyB_268,LowRisk
C-110859 PartyA_89 PartyB_240,MediumRisk
C-115258 PartyA_114 PartyB_265,MediumRisk
C-104747 PartyA_32 PartyB_251,LowRisk
C-116381 PartyA_7 PartyB_14,HighRisk
C-106711 PartyA_239 PartyB_110,HighRisk
C-105492 PartyA_184 PartyB_140,MediumRisk
C-121999 PartyA_236 PartyB_212,MediumRisk
C-112807 PartyA_212 PartyB_141,MediumRisk
C-109862 PartyA_283 PartyB_194,MediumRisk
C-110512 PartyA_68 PartyB_238,HighRisk
C-111687 PartyA_6 PartyB_296,HighRisk
C-111417 PartyA_44 PartyB_185,LowRisk
C-111199 PartyA_167 PartyB_221,MediumRisk
C-106048 PartyA_209 PartyB_77,MediumRisk
C-114829 PartyA_174 PartyB_295,MediumRisk
C-101809 PartyA_31 PartyB_4,HighRisk
C-121128 PartyA_58 PartyB_36,MediumRisk
C-107675 PartyA_77 PartyB_67,MediumRisk
C-115188 PartyA_199 PartyB_256,MediumRisk
C-110107 PartyA_247 PartyB_29,MediumRisk
C-124049 PartyA_82 PartyB_231,HighRisk
C-101715 PartyA_217 PartyB_230,HighRisk
C-108994 PartyA_32 PartyB_250,HighRisk
C-107614 PartyA_56 PartyB_156,HighRisk
C-108676 PartyA_232 PartyB_187,HighRisk
C-106436 PartyA_255 PartyB_145,HighRisk
C-116665 PartyA_271 PartyB_1,MediumRisk
C-118414 PartyA_274 PartyB_207,MediumRisk
C-105828 PartyA_44 PartyB_288,MediumRisk
C-110638 PartyA_72 PartyB_129,HighRisk
C-123075 PartyA_111 PartyB_98,MediumRisk
C-122948 PartyA_53 PartyB_172,HighRisk
C-115410 PartyA_60 PartyB_45,MediumRisk
C-119093 PartyA_106 PartyB_196,HighRisk
C-107351 PartyA_82 PartyB_87,MediumRisk
C-101649 PartyA_120 PartyB_192,HighRisk
C-122985 PartyA_165 PartyB_263,MediumRisk
C-122690 PartyA_18 PartyB_25,MediumRisk
C-101250 PartyA_174 PartyB_73,MediumRisk
C-106929 PartyA_214 PartyB_197,MediumRisk
C-101109 PartyA_65 PartyB_225,MediumRisk
C-106531 PartyA_273 PartyB_56,HighRisk
C-121858 PartyA_299 PartyB_82,HighRisk
C-107236 PartyA_89 PartyB_230,MediumRisk
C-113309 PartyA_247 PartyB_20,MediumRisk
C-118709 PartyA_32 PartyB_104,MediumRisk
C-118339 PartyA_144 PartyB_63,MediumRisk
C-108991 PartyA_189 PartyB_92,MediumRisk
C-118153 PartyA_49 PartyB_119,MediumRisk
C-104861 PartyA_246 PartyB_202,HighRisk
C-102303 PartyA_273 PartyB_226,MediumRisk
C-110844 PartyA_99 PartyB_82,HighRisk
C-106908 PartyA_178 PartyB_40,MediumRisk
C-117377 PartyA_219 PartyB_296,MediumRisk
C-112870 PartyA_188 PartyB_231,MediumRisk
C-112436 PartyA_125 PartyB_126,MediumRisk
C-114189 PartyA_147 PartyB_271,MediumRisk
C-108910 PartyA_175 PartyB_139,MediumRisk
C-117766 PartyA_300 PartyB_57,MediumRisk
C-108581 PartyA_202 PartyB_295,MediumRisk
C-124160 PartyA_83 PartyB_252,HighRisk
C-118321 PartyA_256 PartyB_46,MediumRisk
C-122909 PartyA_244 PartyB_271,MediumRisk
C-108250 PartyA_76 PartyB_111,HighRisk
C-101257 PartyA_90 PartyB_248,MediumRisk
C-106680 PartyA_240 PartyB_174,MediumRisk
C-108930 PartyA_131 PartyB_101,HighRisk
C-115347 PartyA_105 PartyB_40,HighRisk
C-100270 PartyA_282 PartyB_262,MediumRisk
C-118797 PartyA_274 PartyB_190,HighRisk
C-115821 PartyA_148 PartyB_293,MediumRisk
C-102822 PartyA_134 PartyB_140,MediumRisk
C-118562 PartyA_95 PartyB_121,MediumRisk
C-101973 PartyA_146 PartyB_116,MediumRisk
C-122732 PartyA_91 PartyB_146,HighRisk
C-124608 PartyA_134 PartyB_71,MediumRisk
C-113628 PartyA_187 PartyB_186,MediumRisk
C-100267 PartyA_148 PartyB_72,MediumRisk
C-116664 PartyA_139 PartyB_247,HighRisk
C-107545 PartyA_124 PartyB_290,MediumRisk
C-102770 PartyA_217 PartyB_147,MediumRisk
C-118336 PartyA_233 PartyB_63,MediumRisk
C-102329 PartyA_134 PartyB_139,MediumRisk
C-100723 PartyA_3 PartyB_130,MediumRisk
C-105935 PartyA_65 PartyB_160,MediumRisk
C-123473 PartyA_76 PartyB_102,HighRisk
C-111275 PartyA_208 PartyB_153,MediumRisk
C-109467 PartyA_94 PartyB_258,LowRisk
C-114403 PartyA_108 PartyB_131,HighRisk
C-107991 PartyA_264 PartyB_218,MediumRisk
C-111014 PartyA_133 PartyB_171,MediumRisk
C-113011 PartyA_293 PartyB_56,MediumRisk
C-116049 PartyA_187 PartyB_74,MediumRisk
C-101894 PartyA_109 PartyB_275,MediumRisk
C-116822 PartyA_112 PartyB_293,MediumRisk
C-110456 PartyA_141 PartyB_46,MediumRisk
C-100318 PartyA_177 PartyB_290,MediumRisk
C-101536 PartyA_48 PartyB_78,MediumRisk
C-101471 PartyA_221 PartyB_11,MediumRisk
C-117639 PartyA_106 PartyB_33,MediumRisk
C-115526 PartyA_79 PartyB_300,MediumRisk
C-101369 PartyA_35 PartyB_124,LowRisk
C-100740 PartyA_283 PartyB_40,MediumRisk
C-116997 PartyA_1 PartyB_212,MediumRisk
C-114530 PartyA_169 PartyB_102,LowRisk
C-101188 PartyA_92 PartyB_13,MediumRisk
C-110257 PartyA_232 PartyB_243,MediumRisk
C-121173 PartyA_97 PartyB_49,MediumRisk
C-113858 PartyA_221 PartyB_146,HighRisk
C-100890 PartyA_198 PartyB_151,MediumRisk
C-115780 PartyA_87 PartyB_112,MediumRisk
C-110719 PartyA_124 PartyB_273,HighRisk
C-122525 PartyA_257 PartyB_124,MediumRisk
C-107383 PartyA_137 PartyB_65,HighRisk
C-103487 PartyA_20 PartyB_109,HighRisk
C-106044 PartyA_135 PartyB_188,HighRisk
C-121524 PartyA_198 PartyB_183,LowRisk
C-110951 PartyA_140 PartyB_63,HighRisk
C-111125 PartyA_169 PartyB_20,MediumRisk
C-120919 PartyA_31 PartyB_70,MediumRisk
C-109945 PartyA_225 PartyB_293,HighRisk
C-101233 PartyA_169 PartyB_278,MediumRisk
C-115274 PartyA_66 PartyB_145,MediumRisk
C-121140 PartyA_192 PartyB_293,MediumRisk
C-115757 PartyA_145 PartyB_174,MediumRisk
C-123871 PartyA_187 PartyB_249,LowRisk
C-119368 PartyA_206 PartyB_280,MediumRisk
C-119249 PartyA_290 PartyB_162,MediumRisk
C-110172 PartyA_156 PartyB_127,LowRisk
C-118788 PartyA_105 PartyB_193,LowRisk
C-114669 PartyA_139 PartyB_269,HighRisk
C-116102 PartyA_115 PartyB_78,MediumRisk
C-121385 PartyA_164 PartyB_234,HighRisk
C-111680 PartyA_53 PartyB_220,MediumRisk
C-101291 PartyA_225 PartyB_205,MediumRisk
C-113111 PartyA_114 PartyB_220,MediumRisk
C-109609 PartyA_217 PartyB_130,LowRisk
C-117443 PartyA_294 PartyB_68,MediumRisk
C-109308 PartyA_14 PartyB_288,LowRisk
C-115816 PartyA_158 PartyB_40,MediumRisk
C-116164 PartyA_22 PartyB_188,MediumRisk
C-117243 PartyA_206 PartyB_275,HighRisk
C-111967 PartyA_127 PartyB_104,MediumRisk
C-107862 PartyA_291 PartyB_89,MediumRisk
C-118139 PartyA_177 PartyB_299,HighRisk
C-117307 PartyA_1 PartyB_73,MediumRisk
C-120239 PartyA_116 PartyB_100,HighRisk
C-100562 PartyA_147 PartyB_142,HighRisk
C-110208 PartyA_124 PartyB_246,LowRisk
C-101031 PartyA_53 PartyB_299,MediumRisk
C-112928 PartyA_259 PartyB_126,HighRisk
C-105765 PartyA_193 PartyB_226,MediumRisk
C-121954 PartyA_242 PartyB_239,HighRisk
C-117973 PartyA_233 PartyB_62,HighRisk
C-124471 PartyA_7 PartyB_6,HighRisk
C-123643 PartyA_98 PartyB_221,HighRisk
C-107058 PartyA_244 PartyB_188,MediumRisk
C-110599 PartyA_216 PartyB_278,MediumRisk
C-104377 PartyA_93 PartyB_146,HighRisk
C-114977 PartyA_203 PartyB_79,MediumRisk
C-120435 PartyA_88 PartyB_233,HighRisk
C-124036 PartyA_211 PartyB_282,MediumRisk
C-106976 PartyA_1 PartyB_105,MediumRisk
C-121595 PartyA_32 PartyB_156,HighRisk
C-115418 PartyA_91 PartyB_51,MediumRisk
C-113714 PartyA_221 PartyB_57,MediumRisk
C-111102 PartyA_298 PartyB_233,MediumRisk
C-123357 PartyA_47 PartyB_258,MediumRisk
C-117592 PartyA_75 PartyB_101,MediumRisk
C-115866 PartyA_61 PartyB_159,MediumRisk
C-105712 PartyA_199 PartyB_298,MediumRisk
C-111358 PartyA_34 PartyB_153,MediumRisk
C-107640 PartyA_77 PartyB_69,HighRisk
C-101249 PartyA_220 PartyB_64,MediumRisk
C-114050 PartyA_42 PartyB_75,MediumRisk
C-120970 PartyA_206 PartyB_125,MediumRisk
C-111322 PartyA_141 PartyB_116,HighRisk
C-114952 PartyA_176 PartyB_141,MediumRisk
C-123369 PartyA_186 PartyB_129,LowRisk
C-102218 PartyA_107 PartyB_95,HighRisk
C-116487 PartyA_108 PartyB_20,HighRisk
C-123817 PartyA_201 PartyB_82,MediumRisk
C-113345 PartyA_90 PartyB_276,MediumRisk
C-115909 PartyA_33 PartyB_20,MediumRisk
C-118879 PartyA_253 PartyB_173,MediumRisk
C-117599 PartyA_160 PartyB_216,HighRisk
C-112978 PartyA_131 PartyB_151,HighRisk
C-121597 PartyA_245 PartyB_74,HighRisk
C-122449 PartyA_227 PartyB_206,MediumRisk
C-120464 PartyA_299 PartyB_190,HighRisk
C-121074 PartyA_156 PartyB_164,MediumRisk
C-121007 PartyA_45 PartyB_96,MediumRisk
C-123844 PartyA_146 PartyB_199,HighRisk
C-106065 PartyA_115 PartyB_227,MediumRisk
C-111058 PartyA_191 PartyB_194,MediumRisk
C-120171 PartyA_262 PartyB_232,MediumRisk
C-116020 PartyA_239 PartyB_111,HighRisk
C-117865 PartyA_243 PartyB_95,MediumRisk
C-119594 PartyA_248 PartyB_280,MediumRisk
C-113498 PartyA_288 PartyB_32,MediumRisk
C-113751 PartyA_248 PartyB_152,MediumRisk
C-114856 PartyA_202 PartyB_206,HighRisk
C-106334 PartyA_266 PartyB_7,HighRisk
C-104549 PartyA_278 PartyB_290,MediumRisk
C-122428 PartyA_32 PartyB_75,MediumRisk
C-107044 PartyA_208 PartyB_69,MediumRisk
C-109328 PartyA_229 PartyB_5,LowRisk
C-116818 PartyA_173 PartyB_71,MediumRisk
C-112933 PartyA_69 PartyB_151,HighRisk
C-122147 PartyA_11 PartyB_219,HighRisk
C-102354 PartyA_64 PartyB_253,HighRisk
C-115633 PartyA_300 PartyB_72,HighRisk
C-112009 PartyA_59 PartyB_118,MediumRisk
C-122207 PartyA_76 PartyB_75,MediumRisk
C-120885 PartyA_281 PartyB_190,MediumRisk
C-105327 PartyA_237 PartyB_78,HighRisk
C-101434 PartyA_10 PartyB_262,MediumRisk
C-109877 PartyA_191 PartyB_73,HighRisk
C-120252 PartyA_17 PartyB_179,MediumRisk
C-100264 PartyA_59 PartyB_179,HighRisk
C-108324 PartyA_294 PartyB_203,MediumRisk
C-122656 PartyA_174 PartyB_57,MediumRisk
C-113311 PartyA_221 PartyB_29,MediumRisk
C-113491 PartyA_36 PartyB_9,HighRisk
C-119089 PartyA_37 PartyB_98,MediumRisk
C-104541 PartyA_198 PartyB_252,MediumRisk
C-122529 PartyA_154 PartyB_47,MediumRisk
C-122017 PartyA_86 PartyB_18,HighRisk
C-119649 PartyA_152 PartyB_192,MediumRisk
C-106347 PartyA_95 PartyB_217,MediumRisk
C-108584 PartyA_53 PartyB_213,MediumRisk
C-113665 PartyA_35 PartyB_286,MediumRisk
C-103378 PartyA_136 PartyB_58,MediumRisk
C-105731 PartyA_136 PartyB_188,MediumRisk
C-113372 PartyA_49 PartyB_272,MediumRisk
C-114797 PartyA_133 PartyB_158,HighRisk
C-110969 PartyA_80 PartyB_110,HighRisk
C-116875 PartyA_252 PartyB_290,MediumRisk
C-108620 PartyA_79 PartyB_172,LowRisk
C-101437 PartyA_262 PartyB_199,MediumRisk
C-111231 PartyA_62 PartyB_206,LowRisk
C-119844 PartyA_80 PartyB_161,LowRisk
C-107960 PartyA_129 PartyB_183,MediumRisk
C-104419 PartyA_120 PartyB_7,HighRisk
C-115141 PartyA_68 PartyB_88,MediumRisk
C-104692 PartyA_265 PartyB_155,MediumRisk
C-111636 PartyA_290 PartyB_100,MediumRisk
C-111670 PartyA_277 PartyB_227,MediumRisk
C-107441 PartyA_208 PartyB_37,MediumRisk
C-106255 PartyA_212 PartyB_171,MediumRisk
C-112696 PartyA_46 PartyB_247,HighRisk
C-124925 PartyA_266 PartyB_198,MediumRisk
C-124367 PartyA_200 PartyB_196,LowRisk
C-108594 PartyA_180 PartyB_35,MediumRisk
C-123397 PartyA_258 PartyB_127,HighRisk
C-115085 PartyA_190 PartyB_7,MediumRisk
C-100065 PartyA_208 PartyB_125,HighRisk
C-119785 PartyA_265 PartyB_195,LowRisk
C-119565 PartyA_299 PartyB_50,HighRisk
C-120287 PartyA_120 PartyB_13,MediumRisk
C-122474 PartyA_169 PartyB_239,MediumRisk
C-106185 PartyA_249 PartyB_162,MediumRisk
C-114832 PartyA_239 PartyB_148,MediumRisk
C-117283 PartyA_107 PartyB_219,HighRisk
C-119390 PartyA_117 PartyB_75,MediumRisk
C-120968 PartyA_27 PartyB_12,MediumRisk
C-102865 PartyA_239 PartyB_194,HighRisk
C-113556 PartyA_226 PartyB_56,HighRisk
C-120419 PartyA_3 PartyB_295,MediumRisk
C-118983 PartyA_279 PartyB_14,HighRisk
C-118275 PartyA_62 PartyB_251,HighRisk
C-105113 PartyA_36 PartyB_248,MediumRisk
C-104408 PartyA_245 PartyB_246,HighRisk
C-113426 PartyA_237 PartyB_228,HighRisk
C-106025 PartyA_254 PartyB_168,MediumRisk
C-120344 PartyA_253 PartyB_42,MediumRisk
C-109883 PartyA_216 PartyB_144,MediumRisk
C-115237 PartyA_58 PartyB_49,HighRisk
C-106890 PartyA_213 PartyB_50,MediumRisk
C-111847 PartyA_88 PartyB_165,MediumRisk
C-107512 PartyA_275 PartyB_300,HighRisk
C-101421 PartyA_99 PartyB_142,MediumRisk
C-124060 PartyA_239 PartyB_187,MediumRisk
C-114705 PartyA_45 PartyB_272,MediumRisk
C-124111 PartyA_117 PartyB_218,MediumRisk
C-122506 PartyA_215 PartyB_215,MediumRisk
C-108000 PartyA_16 PartyB_53,MediumRisk
C-107102 PartyA_225 PartyB_262,MediumRisk
C-104349 PartyA_59 PartyB_171,MediumRisk
C-101660 PartyA_111 PartyB_8,MediumRisk
C-100073 PartyA_42 PartyB_81,LowRisk
C-101843 PartyA_194 PartyB_12,MediumRisk
C-100770 PartyA_298 PartyB_290,HighRisk
C-111228 PartyA_55 PartyB_17,MediumRisk
C-121120 PartyA_10 PartyB_25,HighRisk
C-115564 PartyA_219 PartyB_244,LowRisk
C-101285 PartyA_295 PartyB_174,HighRisk
C-109436 PartyA_194 PartyB_79,MediumRisk
C-119775 PartyA_75 PartyB_208,HighRisk
C-112495 PartyA_216 PartyB_211,MediumRisk
C-114822 PartyA_210 PartyB_127,MediumRisk
C-101941 PartyA_283 PartyB_236,MediumRisk
C-123541 PartyA_154 PartyB_137,LowRisk
C-120738 PartyA_203 PartyB_250,MediumRisk
C-121877 PartyA_39 PartyB_193,HighRisk
C-108265 PartyA_197 PartyB_159,HighRisk
C-103397 PartyA_111 PartyB_48,LowRisk
C-113406 PartyA_130 PartyB_289,MediumRisk
C-124115 PartyA_73 PartyB_287,LowRisk
C-112384 PartyA_156 PartyB_208,HighRisk
C-116072 PartyA_102 PartyB_62,MediumRisk
C-111823 PartyA_4 PartyB_222,MediumRisk
C-117698 PartyA_250 PartyB_93,LowRisk
C-109679 PartyA_14 PartyB_98,MediumRisk
C-105064 PartyA_159 PartyB_85,HighRisk
C-112579 PartyA_271 PartyB_161,MediumRisk
C-124421 PartyA_158 PartyB_34,MediumRisk
C-114999 PartyA_254 PartyB_109,MediumRisk
C-104027 PartyA_199 PartyB_294,HighRisk
C-110768 PartyA_242 PartyB_51,MediumRisk
C-121890 PartyA_267 PartyB_60,HighRisk
C-121913 PartyA_173 PartyB_277,HighRisk
C-108974 PartyA_205 PartyB_106,MediumRisk
C-105897 PartyA_152 PartyB_44,MediumRisk
C-119424 PartyA_38 PartyB_194,MediumRisk
C-103963 PartyA_123 PartyB_266,MediumRisk
C-103937 PartyA_119 PartyB_211,HighRisk
C-115478 PartyA_2 PartyB_39,MediumRisk
C-118526 PartyA_6 PartyB_166,MediumRisk
C-116418 PartyA_167 PartyB_158,HighRisk
C-101110 PartyA_246 PartyB_63,MediumRisk
C-104414 PartyA_138 PartyB_61,MediumRisk
C-122108 PartyA_59 PartyB_207,MediumRisk
C-109793 PartyA_79 PartyB_186,MediumRisk
C-123816 PartyA_68 PartyB_131,LowRisk
C-115150 PartyA_203 PartyB_277,MediumRisk
C-110017 PartyA_161 PartyB_64,MediumRisk
C-103146 PartyA_88 PartyB_268,MediumRisk
C-101377 PartyA_275 PartyB_185,MediumRisk
C-118109 PartyA_36 PartyB_112,HighRisk
C-121551 PartyA_11 PartyB_32,MediumRisk
C-107507 PartyA_255 PartyB_270,MediumRisk
C-100144 PartyA_40 PartyB_152,HighRisk
C-110767 PartyA_155 PartyB_196,HighRisk
C-106192 PartyA_250 PartyB_56,MediumRisk
C-109990 PartyA_66 PartyB_107,MediumRisk
C-103514 PartyA_4 PartyB_44,MediumRisk
C-124149 PartyA_30 PartyB_52,MediumRisk
C-107272 PartyA_294 PartyB_281,MediumRisk
C-106071 PartyA_230 PartyB_134,MediumRisk
C-118232 PartyA_20 PartyB_240,HighRisk
C-119598 PartyA_161 PartyB_194,MediumRisk
C-119936 PartyA_44 PartyB_271,MediumRisk
C-112462 PartyA_59 PartyB_242,HighRisk
C-101203 PartyA_176 PartyB_258,HighRisk
C-117880 PartyA_104 PartyB_281,MediumRisk
C-101830 PartyA_23 PartyB_60,MediumRisk
C-109691 PartyA_284 PartyB_106,HighRisk
C-104181 PartyA_79 PartyB_200,MediumRisk
C-120345 PartyA_182 PartyB_115,HighRisk
C-109411 PartyA_110 PartyB_262,HighRisk
C-117971 PartyA_136 PartyB_50,HighRisk
C-105957 PartyA_33 PartyB_273,MediumRisk
C-122799 PartyA_74 PartyB_60,HighRisk
C-110240 PartyA_189 PartyB_99,MediumRisk
C-117372 PartyA_178 PartyB_202,HighRisk
C-116245 PartyA_212 PartyB_232,HighRisk
C-116951 PartyA_61 PartyB_58,MediumRisk
C-119082 PartyA_191 PartyB_250,MediumRisk
C-101055 PartyA_142 PartyB_272,HighRisk
C-120503 PartyA_300 PartyB_147,MediumRisk
C-114968 PartyA_185 PartyB_245,MediumRisk
C-100594 PartyA_272 PartyB_223,HighRisk
C-115677 PartyA_77 PartyB_230,HighRisk
C-101525 PartyA_22 PartyB_23,HighRisk
C-119410 PartyA_148 PartyB_174,HighRisk
C-114577 PartyA_262 PartyB_295,HighRisk
C-105824 PartyA_77 PartyB_83,HighRisk
C-105154 PartyA_105 PartyB_93,MediumRisk
C-112894 PartyA_227 PartyB_171,HighRisk
C-114126 PartyA_227 PartyB_288,MediumRisk
C-120357 PartyA_153 PartyB_197,MediumRisk
C-116888 PartyA_242 PartyB_106,MediumRisk
C-114958 PartyA_37 PartyB_140,MediumRisk
C-119696 PartyA_258 PartyB_108,MediumRisk
C-119993 PartyA_28 PartyB_47,HighRisk
C-121166 PartyA_183 PartyB_60,HighRisk
C-120716 PartyA_238 PartyB_259,MediumRisk
C-100761 PartyA_44 PartyB_137,HighRisk
C-112736 PartyA_287 PartyB_68,HighRisk
C-107824 PartyA_197 PartyB_275,LowRisk
C-113574 PartyA_210 PartyB_50,HighRisk
C-122802 PartyA_261 PartyB_22,MediumRisk
C-102970 PartyA_260 PartyB_19,MediumRisk
C-118079 PartyA_215 PartyB_100,MediumRisk
C-113166 PartyA_51 PartyB_243,MediumRisk
C-106999 PartyA_260 PartyB_262,MediumRisk
C-100081 PartyA_130 PartyB_166,MediumRisk
C-107042 PartyA_94 PartyB_97,HighRisk
C-122942 PartyA_203 PartyB_197,MediumRisk
C-108724 PartyA_101 PartyB_102,MediumRisk
C-100958 PartyA_167 PartyB_30,MediumRisk
C-108664 PartyA_128 PartyB_130,HighRisk
C-113801 PartyA_175 PartyB_205,HighRisk
C-110482 PartyA_122 PartyB_55,MediumRisk
C-106609 PartyA_217 PartyB_89,HighRisk
C-112139 PartyA_195 PartyB_178,MediumRisk
C-106026 PartyA_17 PartyB_69,LowRisk
C-115853 PartyA_102 PartyB_228,LowRisk
C-107238 PartyA_276 PartyB_32,MediumRisk
C-121192 PartyA_155 PartyB_22,HighRisk
C-116135 PartyA_79 PartyB_264,MediumRisk
C-111091 PartyA_33 PartyB_267,HighRisk
C-119907 PartyA_225 PartyB_243,MediumRisk
C-103954 PartyA_92 PartyB_235,MediumRisk
C-104403 PartyA_179 PartyB_46,HighRisk
C-119498 PartyA_289 PartyB_17,MediumRisk
C-122448 PartyA_159 PartyB_123,MediumRisk
C-113257 PartyA_269 PartyB_148,MediumRisk
C-110387 PartyA_203 PartyB_126,HighRisk
C-104511 PartyA_223 PartyB_242,MediumRisk
C-101666 PartyA_299 PartyB_227,HighRisk
C-121006 PartyA_289 PartyB_56,MediumRisk
C-106857 PartyA_70 PartyB_110,MediumRisk
C-105353 PartyA_35 PartyB_219,MediumRisk
C-124993 PartyA_272 PartyB_171,MediumRisk
C-104587 PartyA_73 PartyB_210,HighRisk
C-122341 PartyA_295 PartyB_198,MediumRisk
C-113813 PartyA_10 PartyB_154,MediumRisk
C-119837 PartyA_111 PartyB_259,MediumRisk
C-111141 PartyA_201 PartyB_285,MediumRisk
C-124743 PartyA_158 PartyB_58,MediumRisk
C-102550 PartyA_7 PartyB_61,MediumRisk
C-122547 PartyA_188 PartyB_156,HighRisk
C-113301 PartyA_31 PartyB_176,MediumRisk
C-121284 PartyA_230 PartyB_18,LowRisk
C-116978 PartyA_167 PartyB_101,MediumRisk
C-110979 PartyA_134 PartyB_196,MediumRisk
C-103724 PartyA_14 PartyB_52,MediumRisk
C-101264 PartyA_250 PartyB_154,HighRisk
C-104867 PartyA_1 PartyB_231,MediumRisk
C-112792 PartyA_269 PartyB_246,MediumRisk
C-112929 PartyA_106 PartyB_21,MediumRisk
C-117797 PartyA_106 PartyB_63,MediumRisk
C-107255 PartyA_287 PartyB_21,MediumRisk
C-113292 PartyA_47 PartyB_180,MediumRisk
C-112563 PartyA_129 PartyB_66,HighRisk
C-100815 PartyA_299 PartyB_278,HighRisk
C-118729 PartyA_48 PartyB_82,MediumRisk
C-107607 PartyA_113 PartyB_293,HighRisk
C-104374 PartyA_152 PartyB_53,HighRisk
C-109464 PartyA_162 PartyB_63,MediumRisk
C-104087 PartyA_14 PartyB_277,MediumRisk
C-115057 PartyA_6 PartyB_293,MediumRisk
C-108464 PartyA_287 PartyB_228,HighRisk
C-118055 PartyA_139 PartyB_78,HighRisk
C-113962 PartyA_240 PartyB_170,HighRisk
C-101897 PartyA_160 PartyB_28,MediumRisk
C-111729 PartyA_40 PartyB_7,MediumRisk
C-117668 PartyA_18 PartyB_1,MediumRisk
C-107416 PartyA_166 PartyB_221,MediumRisk
C-121931 PartyA_280 PartyB_183,MediumRisk
C-111459 PartyA_16 PartyB_235,HighRisk
C-123507 PartyA_134 PartyB_2,MediumRisk
C-117855 PartyA_264 PartyB_229,MediumRisk
C-120187 PartyA_25 PartyB_112,HighRisk
C-102529 PartyA_267 PartyB_279,HighRisk
C-121933 PartyA_156 PartyB_189,HighRisk
C-108104 PartyA_276 PartyB_81,MediumRisk
C-117203 PartyA_3 PartyB_256,MediumRisk
C-121685 PartyA_248 PartyB_28,HighRisk
C-106922 PartyA_98 PartyB_136,MediumRisk
C-108907 PartyA_273 PartyB_41,MediumRisk
C-100660 PartyA_15 PartyB_62,HighRisk
C-121443 PartyA_241 PartyB_109,HighRisk
C-108744 PartyA_42 PartyB_163,MediumRisk
C-101118 PartyA_294 PartyB_291,HighRisk
C-115209 PartyA_273 PartyB_88,MediumRisk
C-101287 PartyA_273 PartyB_235,MediumRisk
C-118332 PartyA_256 PartyB_76,MediumRisk
C-106204 PartyA_220 PartyB_198,MediumRisk
C-120327 PartyA_272 PartyB_217,MediumRisk
C-117554 PartyA_123 PartyB_49,HighRisk
C-107358 PartyA_35 PartyB_112,MediumRisk
C-102316 PartyA_152 PartyB_6,HighRisk
C-101417 PartyA_10 PartyB_229,MediumRisk
C-124932 PartyA_76 PartyB_38,HighRisk
C-123588 PartyA_153 PartyB_160,HighRisk
C-110783 PartyA_258 PartyB_240,MediumRisk
C-100007 PartyA_34 PartyB_109,LowRisk
C-116668 PartyA_115 PartyB_245,MediumRisk
C-100994 PartyA_49 PartyB_233,MediumRisk
C-116839 PartyA_269 PartyB_277,MediumRisk
C-104292 PartyA_211 PartyB_54,HighRisk
C-121571 PartyA_122 PartyB_188,MediumRisk
C-114338 PartyA_85 PartyB_97,MediumRisk
C-118245 PartyA_168 PartyB_173,MediumRisk
C-102409 PartyA_164 PartyB_267,HighRisk
C-100296 PartyA_138 PartyB_61,HighRisk
C-101864 PartyA_129 PartyB_154,HighRisk
C-101912 PartyA_67 PartyB_87,HighRisk
C-116188 PartyA_18 PartyB_109,MediumRisk
C-107548 PartyA_282 PartyB_269,MediumRisk
C-107942 PartyA_58 PartyB_135,HighRisk
C-116872 PartyA_27 PartyB_125,MediumRisk
C-101145 PartyA_15 PartyB_21,MediumRisk
C-117191 PartyA_206 PartyB_290,MediumRisk
C-105789 PartyA_42 PartyB_24,MediumRisk
C-118107 PartyA_150 PartyB_155,HighRisk
C-124875 PartyA_267 PartyB_74,MediumRisk
C-113021 PartyA_261 PartyB_99,MediumRisk
C-119365 PartyA_36 PartyB_85,MediumRisk
C-121294 PartyA_291 PartyB_181,MediumRisk
C-116479 PartyA_272 PartyB_295,MediumRisk
C-115769 PartyA_163 PartyB_266,MediumRisk
C-116248 PartyA_74 PartyB_38,MediumRisk
C-103612 PartyA_166 PartyB_292,HighRisk
C-119897 PartyA_271 PartyB_137,MediumRisk
C-123112 PartyA_199 PartyB_157,HighRisk
C-120972 PartyA_186 PartyB_283,HighRisk
C-115215 PartyA_119 PartyB_211,MediumRisk
C-112420 PartyA_75 PartyB_253,MediumRisk
C-110027 PartyA_56 PartyB_220,LowRisk
C-118033 PartyA_164 PartyB_299,LowRisk
C-109855 PartyA_275 PartyB_119,HighRisk
C-124767 PartyA_37 PartyB_215,MediumRisk
C-116794 PartyA_221 PartyB_87,LowRisk
C-122442 PartyA_86 PartyB_250,MediumRisk
C-113847 PartyA_23 PartyB_171,MediumRisk
C-114044 PartyA_265 PartyB_219,HighRisk
C-113795 PartyA_127 PartyB_52,LowRisk
C-120071 PartyA_260 PartyB_105,HighRisk
C-108381 PartyA_277 PartyB_155,MediumRisk
C-114653 PartyA_148 PartyB_2,MediumRisk
C-100477 PartyA_252 PartyB_245,MediumRisk
C-118531 PartyA_25 PartyB_244,MediumRisk
C-123617 PartyA_42 PartyB_156,MediumRisk
C-104190 PartyA_169 PartyB_291,MediumRisk
C-114734 PartyA_2 PartyB_82,MediumRisk
C-122875 PartyA_83 PartyB_229,MediumRisk
C-104350 PartyA_262 PartyB_163,MediumRisk
C-114396 PartyA_299 PartyB_232,MediumRisk
C-108834 PartyA_238 PartyB_32,MediumRisk
C-115720 PartyA_157 PartyB_155,MediumRisk
C-112654 PartyA_216 PartyB_222,HighRisk
C-107630 PartyA_275 PartyB_137,HighRisk
C-121502 PartyA_285 PartyB_254,HighRisk
C-100658 PartyA_22 PartyB_155,LowRisk
C-102723 PartyA_34 PartyB_173,MediumRisk
C-101793 PartyA_280 PartyB_278,MediumRisk
C-122771 PartyA_53 PartyB_83,HighRisk
C-123091 PartyA_112 PartyB_123,HighRisk
C-105430 PartyA_38 PartyB_96,HighRisk
C-117856 PartyA_32 PartyB_228,HighRisk
C-100493 PartyA_36 PartyB_272,HighRisk
C-112459 PartyA_267 PartyB_166,HighRisk
C-104253 PartyA_179 PartyB_219,LowRisk
C-119364 PartyA_87 PartyB_173,MediumRisk
C-114059 PartyA_15 PartyB_143,MediumRisk
C-101463 PartyA_252 PartyB_14,MediumRisk
C-119609 PartyA_45 PartyB_59,MediumRisk
C-120659 PartyA_184 PartyB_149,MediumRisk
C-115189 PartyA_104 PartyB_204,MediumRisk
C-104008 PartyA_124 PartyB_67,HighRisk
C-111368 PartyA_95 PartyB_257,MediumRisk
C-121245 PartyA_249 PartyB_147,HighRisk
C-102287 PartyA_33 PartyB_175,HighRisk
C-123637 PartyA_53 PartyB_147,MediumRisk
C-115350 PartyA_280 PartyB_76,MediumRisk
C-111982 PartyA_292 PartyB_234,MediumRisk
C-109157 PartyA_144 PartyB_50,HighRisk
C-100444 PartyA_83 PartyB_52,MediumRisk
C-110268 PartyA_233 PartyB_116,HighRisk
C-112414 PartyA_255 PartyB_53,HighRisk
C-108630 PartyA_1 PartyB_30,MediumRisk
C-100672 PartyA_180 PartyB_15,HighRisk
C-118986 PartyA_108 PartyB_226,MediumRisk
C-113902 PartyA_230 PartyB_219,HighRisk
C-116031 PartyA_213 PartyB_254,HighRisk
C-121236 PartyA_93 PartyB_120,HighRisk
C-105740 PartyA_165 PartyB_167,MediumRisk
C-101494 PartyA_119 PartyB_113,HighRisk
C-122723 PartyA_223 PartyB_280,HighRisk
C-105261 PartyA_155 PartyB_163,MediumRisk
C-123965 PartyA_215 PartyB_260,HighRisk
C-111744 PartyA_71 PartyB_210,MediumRisk
C-103751 PartyA_101 PartyB_131,MediumRisk
C-115609 PartyA_116 PartyB_211,MediumRisk
C-100756 PartyA_173 PartyB_221,MediumRisk
C-115634 PartyA_205 PartyB_95,HighRisk
C-110880 PartyA_265 PartyB_30,HighRisk
C-113378 PartyA_161 PartyB_262,HighRisk
C-102083 PartyA_137 PartyB_106,MediumRisk
C-118661 PartyA_293 PartyB_157,MediumRisk
C-123660 PartyA_30 PartyB_80,MediumRisk
C-123610 PartyA_168 PartyB_231,MediumRisk
C-117161 PartyA_154 PartyB_55,HighRisk
C-116827 PartyA_67 PartyB_51,LowRisk
C-112703 PartyA_142 PartyB_204,MediumRisk
C-101374 PartyA_74 PartyB_54,LowRisk
C-120264 PartyA_86 PartyB_87,MediumRisk
C-114150 PartyA_274 PartyB_172,HighRisk
C-109696 PartyA_19 PartyB_251,MediumRisk
C-114181 PartyA_151 PartyB_273,MediumRisk
C-114067 PartyA_259 PartyB_288,MediumRisk
C-116098 PartyA_35 PartyB_215,MediumRisk
C-121256 PartyA_52 PartyB_266,MediumRisk
C-106572 PartyA_277 PartyB_162,HighRisk
C-119399 PartyA_10 PartyB_31,MediumRisk
C-100537 PartyA_202 PartyB_212,HighRisk
C-112700 PartyA_241 PartyB_284,HighRisk
C-108904 PartyA_275 PartyB_112,MediumRisk
C-124509 PartyA_269 PartyB_276,MediumRisk
C-121712 PartyA_171 PartyB_80,MediumRisk
C-106144 PartyA_85 PartyB_45,HighRisk
C-100646 PartyA_83 PartyB_275,HighRisk
C-121795 PartyA_51 PartyB_104,HighRisk
C-117257 PartyA_203 PartyB_18,MediumRisk
C-112482 PartyA_200 PartyB_55,MediumRisk
C-102186 PartyA_133 PartyB_204,HighRisk
C-103109 PartyA_61 PartyB_242,MediumRisk
C-123829 PartyA_107 PartyB_254,MediumRisk
C-124347 PartyA_136 PartyB_172,HighRisk
C-123323 PartyA_151 PartyB_17,MediumRisk
C-106747 PartyA_183 PartyB_216,HighRisk
C-110742 PartyA_177 PartyB_217,MediumRisk
C-109624 PartyA_93 PartyB_78,HighRisk
C-121640 PartyA_174 PartyB_227,HighRisk
C-101884 PartyA_201 PartyB_95,HighRisk
C-100242 PartyA_222 PartyB_96,MediumRisk
C-120838 PartyA_245 PartyB_138,MediumRisk
C-118632 PartyA_92 PartyB_133,MediumRisk
C-108524 PartyA_260 PartyB_85,MediumRisk
C-103030 PartyA_200 PartyB_121,MediumRisk
C-102102 PartyA_233 PartyB_60,MediumRisk
C-122555 PartyA_21 PartyB_213,MediumRisk
C-117995 PartyA_81 PartyB_76,MediumRisk
C-107145 PartyA_291 PartyB_261,MediumRisk
C-103891 PartyA_229 PartyB_297,HighRisk
C-115314 PartyA_217 PartyB_186,HighRisk
C-106030 PartyA_38 PartyB_199,MediumRisk
C-101995 PartyA_47 PartyB_233,MediumRisk
C-111144 PartyA_19 PartyB_24,HighRisk
C-115213 PartyA_279 PartyB_4,MediumRisk
C-123406 PartyA_133 PartyB_114,LowRisk
C-105403 PartyA_97 PartyB_170,HighRisk
C-110786 PartyA_63 PartyB_80,MediumRisk
C-123695 PartyA_282 PartyB_20,LowRisk
C-105292 PartyA_238 PartyB_79,MediumRisk
C-108051 PartyA_198 PartyB_218,HighRisk
C-124667 PartyA_72 PartyB_40,HighRisk
C-120865 PartyA_96 PartyB_226,HighRisk
C-108090 PartyA_39 PartyB_40,MediumRisk
C-115239 PartyA_287 PartyB_277,HighRisk
C-108047 PartyA_54 PartyB_271,HighRisk
C-104925 PartyA_232 PartyB_86,MediumRisk
C-104975 PartyA_242 PartyB_262,HighRisk
C-119000 PartyA_74 PartyB_27,MediumRisk
C-124646 PartyA_37 PartyB_154,HighRisk
C-118319 PartyA_159 PartyB_148,MediumRisk
C-120455 PartyA_200 PartyB_109,HighRisk
C-109422 PartyA_221 PartyB_102,MediumRisk
C-110639 PartyA_113 PartyB_133,LowRisk
C-102978 PartyA_260 PartyB_7,HighRisk
C-103573 PartyA_148 PartyB_126,MediumRisk
C-115390 PartyA_246 PartyB_166,MediumRisk
C-123973 PartyA_219 PartyB_106,HighRisk
C-121941 PartyA_73 PartyB_206,HighRisk
C-101115 PartyA_254 PartyB_10,LowRisk
C-113015 PartyA_106 PartyB_86,MediumRisk
C-116107 PartyA_13 PartyB_278,MediumRisk
C-113785 PartyA_105 PartyB_256,MediumRisk
C-103466 PartyA_283 PartyB_115,MediumRisk
C-105145 PartyA_269 PartyB_213,MediumRisk
C-115027 PartyA_275 PartyB_122,MediumRisk
C-102949 PartyA_179 PartyB_115,LowRisk
C-112531 PartyA_222 PartyB_231,MediumRisk
C-118943 PartyA_3 PartyB_53,MediumRisk
C-116274 PartyA_44 PartyB_192,MediumRisk
C-113747 PartyA_292 PartyB_84,HighRisk
C-119668 PartyA_69 PartyB_118,MediumRisk
C-107388 PartyA_89 PartyB_86,MediumRisk
C-119417 PartyA_175 PartyB_225,HighRisk
C-113262 PartyA_62 PartyB_34,LowRisk
C-117142 PartyA_26 PartyB_124,MediumRisk
C-105008 PartyA_11 PartyB_248,MediumRisk
C-114739 PartyA_26 PartyB_290,MediumRisk
C-108232 PartyA_49 PartyB_77,HighRisk
C-118904 PartyA_264 PartyB_130,MediumRisk
C-102538 PartyA_74 PartyB_174,HighRisk
C-117780 PartyA_277 PartyB_300,HighRisk
C-105383 PartyA_244 PartyB_165,MediumRisk
C-121772 PartyA_225 PartyB_87,MediumRisk
C-107624 PartyA_167 PartyB_171,MediumRisk
C-109027 PartyA_208 PartyB_293,MediumRisk
C-114481 PartyA_284 PartyB_215,MediumRisk
C-107025 PartyA_47 PartyB_243,MediumRisk
C-116650 PartyA_28 PartyB_190,MediumRisk
C-116041 PartyA_125 PartyB_95,MediumRisk
C-100799 PartyA_64 PartyB_237,MediumRisk
C-118884 PartyA_122 PartyB_194,HighRisk
C-100427 PartyA_113 PartyB_250,MediumRisk
C-124097 PartyA_212 PartyB_103,MediumRisk
C-116166 PartyA_200 PartyB_237,LowRisk
C-121410 PartyA_206 PartyB_106,MediumRisk
C-114548 PartyA_45 PartyB_89,MediumRisk
C-116819 PartyA_269 PartyB_12,HighRisk
C-117012 PartyA_269 PartyB_188,MediumRisk
C-110730 PartyA_226 PartyB_4,HighRisk
C-114184 PartyA_296 PartyB_86,HighRisk
C-120486 PartyA_83 PartyB_273,HighRisk
C-120090 PartyA_211 PartyB_81,MediumRisk
C-118789 PartyA_45 PartyB_193,HighRisk
C-120388 PartyA_260 PartyB_59,MediumRisk
C-112993 PartyA_145 PartyB_282,HighRisk
C-124189 PartyA_134 PartyB_163,HighRisk
C-111498 PartyA_8 PartyB_293,MediumRisk
C-107634 PartyA_257 PartyB_222,HighRisk
C-113607 PartyA_48 PartyB_173,MediumRisk
C-103131 PartyA_151 PartyB_90,MediumRisk
C-110118 PartyA_84 PartyB_195,MediumRisk
C-100232 PartyA_112 PartyB_259,MediumRisk
C-103037 PartyA_296 PartyB_86,HighRisk
C-109891 PartyA_262 PartyB_131,HighRisk
C-114992 PartyA_254 PartyB_27,HighRisk
C-119272 PartyA_296 PartyB_141,MediumRisk
C-107825 PartyA_84 PartyB_126,MediumRisk
C-117430 PartyA_89 PartyB_76,HighRisk
C-115453 PartyA_177 PartyB_27,HighRisk
C-121958 PartyA_193 PartyB_79,MediumRisk
C-107423 PartyA_67 PartyB_123,MediumRisk
C-122314 PartyA_32 PartyB_106,MediumRisk
C-100716 PartyA_213 PartyB_189,MediumRisk
C-116161 PartyA_248 PartyB_154,MediumRisk
C-115263 PartyA_184 PartyB_52,MediumRisk
C-115516 PartyA_236 PartyB_225,LowRisk
C-124452 PartyA_271 PartyB_235,HighRisk
C-124396 PartyA_164 PartyB_261,MediumRisk
C-105369 PartyA_195 PartyB_32,MediumRisk
C-120779 PartyA_287 PartyB_282,MediumRisk
C-120390 PartyA_280 PartyB_160,MediumRisk
C-124408 PartyA_109 PartyB_220,HighRisk
C-122029 PartyA_114 PartyB_78,MediumRisk
C-112669 PartyA_36 PartyB_44,HighRisk
C-123123 PartyA_179 PartyB_243,HighRisk
C-115014 PartyA_51 PartyB_9,MediumRisk
C-103157 PartyA_22 PartyB_79,MediumRisk
C-106884 PartyA_138 PartyB_35,HighRisk
C-122678 PartyA_15 PartyB_84,MediumRisk
C-112288 PartyA_4 PartyB_63,MediumRisk
C-107342 PartyA_156 PartyB_238,MediumRisk
C-124923 PartyA_172 PartyB_248,MediumRisk
C-121832 PartyA_54 PartyB_163,HighRisk
C-116536 PartyA_221 PartyB_121,HighRisk
C-113187 PartyA_191 PartyB_3,MediumRisk
C-107902 PartyA_278 PartyB_78,MediumRisk
C-109329 PartyA_279 PartyB_51,HighRisk
C-106739 PartyA_12 PartyB_156,MediumRisk
C-112447 PartyA_74 PartyB_220,MediumRisk
C-122291 PartyA_210 PartyB_196,MediumRisk
C-108216 PartyA_173 PartyB_84,LowRisk
C-110051 PartyA_6 PartyB_98,MediumRisk
C-116960 PartyA_275 PartyB_53,MediumRisk
C-103883 PartyA_104 PartyB_86,MediumRisk
C-104412 PartyA_32 PartyB_295,HighRisk
C-102314 PartyA_146 PartyB_289,MediumRisk
C-112834 PartyA_67 PartyB_127,MediumRisk
C-110315 PartyA_105 PartyB_89,HighRisk
C-122204 PartyA_261 PartyB_5,MediumRisk
C-102018 PartyA_262 PartyB_58,LowRisk
C-107412 PartyA_289 PartyB_262,MediumRisk
C-115337 PartyA_287 PartyB_40,HighRisk
C-122551 PartyA_121 PartyB_284,MediumRisk
C-116887 PartyA_206 PartyB_135,MediumRisk
C-104833 PartyA_9 PartyB_239,MediumRisk
C-118576 PartyA_269 PartyB_116,HighRisk
C-106673 PartyA_140 PartyB_98,MediumRisk
C-115788 PartyA_170 PartyB_136,HighRisk
C-122369 PartyA_151 PartyB_119,HighRisk
C-113418 PartyA_211 PartyB_112,LowRisk
C-109450 PartyA_3 PartyB_69,HighRisk
C-123034 PartyA_290 PartyB_79,HighRisk
C-103424 PartyA_125 PartyB_256,MediumRisk
C-109089 PartyA_53 PartyB_73,MediumRisk
C-122012 PartyA_90 PartyB_232,HighRisk
C-113370 PartyA_172 PartyB_220,MediumRisk
C-114598 PartyA_227 PartyB_196,MediumRisk
C-112318 PartyA_111 PartyB_84,HighRisk
C-124565 PartyA_11 PartyB_30,HighRisk
C-123689 PartyA_128 PartyB_189,MediumRisk
C-104320 PartyA_75 PartyB_196,MediumRisk
C-109617 PartyA_70 PartyB_283,MediumRisk
C-116941 PartyA_112 PartyB_187,MediumRisk
C-124662 PartyA_262 PartyB_269,HighRisk
C-104080 PartyA_284 PartyB_231,MediumRisk
C-115718 PartyA_164 PartyB_153,MediumRisk
C-111640 PartyA_135 PartyB_215,MediumRisk
C-104962 PartyA_136 PartyB_143,HighRisk
C-118486 PartyA_54 PartyB_267,MediumRisk
C-120433 PartyA_248 PartyB_215,MediumRisk
C-108209 PartyA_1 PartyB_163,HighRisk
C-100797 PartyA_3 PartyB_5,MediumRisk
C-105467 PartyA_114 PartyB_154,MediumRisk
C-101883 PartyA_5 PartyB_112,MediumRisk
C-121291 PartyA_216 PartyB_207,LowRisk
C-120440 PartyA_51 PartyB_280,MediumRisk
C-102372 PartyA_104 PartyB_283,MediumRisk
C-108011 PartyA_100 PartyB_144,MediumRisk
C-101198 PartyA_45 PartyB_96,HighRisk
C-117645 PartyA_215 PartyB_270,MediumRisk
C-102793 PartyA_67 PartyB_68,MediumRisk
C-114947 PartyA_145 PartyB_247,MediumRisk
C-106167 PartyA_84 PartyB_80,HighRisk
C-104094 PartyA_224 PartyB_179,HighRisk
C-116689 PartyA_219 PartyB_70,MediumRisk
C-100480 PartyA_212 PartyB_97,MediumRisk
C-107126 PartyA_269 PartyB_39,LowRisk
C-111627 PartyA_177 PartyB_193,HighRisk
C-120408 PartyA_199 PartyB_257,MediumRisk
C-120110 PartyA_91 PartyB_197,MediumRisk
C-113765 PartyA_188 PartyB_243,MediumRisk
C-108261 PartyA_272 PartyB_18,MediumRisk
C-106939 PartyA_54 PartyB_161,MediumRisk
C-117897 PartyA_32 PartyB_174,MediumRisk
C-101331 PartyA_287 PartyB_276,MediumRisk
C-117165 PartyA_220 PartyB_59,HighRisk
C-120892 PartyA_199 PartyB_253,MediumRisk
C-103305 PartyA_68 PartyB_234,MediumRisk
C-104355 PartyA_130 PartyB_217,MediumRisk
C-103104 PartyA_1 PartyB_175,MediumRisk
C-121476 PartyA_55 PartyB_215,MediumRisk
C-122286 PartyA_247 PartyB_178,HighRisk
C-124353 PartyA_149 PartyB_229,LowRisk
C-121193 PartyA_94 PartyB_254,HighRisk
C-121298 PartyA_150 PartyB_241,HighRisk
C-101420 PartyA_42 PartyB_271,MediumRisk
C-105205 PartyA_190 PartyB_205,HighRisk
C-120625 PartyA_65 PartyB_126,MediumRisk
C-101234 PartyA_237 PartyB_256,HighRisk
C-117406 PartyA_296 PartyB_263,MediumRisk
C-101709 PartyA_144 PartyB_153,MediumRisk
C-109255 PartyA_281 PartyB_199,MediumRisk
C-100430 PartyA_247 PartyB_4,MediumRisk
C-117362 PartyA_26 PartyB_244,MediumRisk
C-116272 PartyA_277 PartyB_165,LowRisk
C-102328 PartyA_286 PartyB_182,MediumRisk
C-100227 PartyA_263 PartyB_255,MediumRisk
C-119509 PartyA_111 PartyB_6,MediumRisk
C-122842 PartyA_53 PartyB_265,MediumRisk
C-100577 PartyA_190 PartyB_282,MediumRisk
C-104233 PartyA_154 PartyB_272,HighRisk
C-120802 PartyA_244 PartyB_141,MediumRisk
C-100684 PartyA_79 PartyB_156,LowRisk
C-106818 PartyA_229 PartyB_170,HighRisk
C-107750 PartyA_117 PartyB_273,HighRisk
C-105220 PartyA_165 PartyB_139,MediumRisk
C-123254 PartyA_155 PartyB_63,MediumRisk
C-103785 PartyA_138 PartyB_20,LowRisk
C-115131 PartyA_208 PartyB_42,MediumRisk
C-105794 PartyA_2 PartyB_233,MediumRisk
C-108953 PartyA_295 PartyB_276,MediumRisk
C-118038 PartyA_3 PartyB_5,MediumRisk
C-108751 PartyA_123 PartyB_258,HighRisk
C-108988 PartyA_217 PartyB_19,MediumRisk
C-100832 PartyA_92 PartyB_227,MediumRisk
C-121358 PartyA_31 PartyB_244,MediumRisk
C-110780 PartyA_84 PartyB_162,MediumRisk
C-100437 PartyA_91 PartyB_244,MediumRisk
C-106973 PartyA_129 PartyB_61,MediumRisk
C-104182 PartyA_49 PartyB_47,LowRisk
C-108494 PartyA_205 PartyB_213,HighRisk
C-123424 PartyA_168 PartyB_286,HighRisk
C-121167 PartyA_24 PartyB_113,HighRisk
C-106037 PartyA_37 PartyB_214,HighRisk
C-106431 PartyA_161 PartyB_146,MediumRisk
C-108625 PartyA_228 PartyB_291,LowRisk
C-117991 PartyA_12 PartyB_256,MediumRisk
C-102758 PartyA_239 PartyB_215,MediumRisk
C-113880 PartyA_239 PartyB_281,MediumRisk
C-121407 PartyA_257 PartyB_160,HighRisk
C-113098 PartyA_157 PartyB_270,HighRisk
C-101654 PartyA_90 PartyB_98,HighRisk
C-101292 PartyA_84 PartyB_108,LowRisk
C-123566 PartyA_231 PartyB_151,HighRisk
C-107855 PartyA_285 PartyB_292,MediumRisk
C-123147 PartyA_166 PartyB_207,MediumRisk
C-100591 PartyA_176 PartyB_44,MediumRisk
C-120687 PartyA_40 PartyB_247,MediumRisk
C-122674 PartyA_54 PartyB_267,MediumRisk
C-105137 PartyA_28 PartyB_106,MediumRisk
C-110584 PartyA_249 PartyB_245,MediumRisk
C-110413 PartyA_40 PartyB_48,MediumRisk
C-101340 PartyA_287 PartyB_230,MediumRisk
C-114505 PartyA_77 PartyB_66,MediumRisk
C-115211 PartyA_129 PartyB_278,MediumRisk
C-110715 PartyA_58 PartyB_212,MediumRisk
C-109470 PartyA_103 PartyB_153,MediumRisk
C-112008 PartyA_296 PartyB_167,MediumRisk
C-120685 PartyA_271 PartyB_106,MediumRisk
C-118248 PartyA_100 PartyB_133,MediumRisk
C-122505 PartyA_51 PartyB_76,MediumRisk
C-113248 PartyA_51 PartyB_126,HighRisk
C-115081 PartyA_184 PartyB_11,MediumRisk
C-105697 PartyA_53 PartyB_68,MediumRisk
C-118460 PartyA_63 PartyB_89,LowRisk
C-104979 PartyA_58 PartyB_111,HighRisk
C-104888 PartyA_187 PartyB_101,MediumRisk
C-101473 PartyA_71 PartyB_62,HighRisk
C-121507 PartyA_149 PartyB_298,MediumRisk
C-102847 PartyA_161 PartyB_51,HighRisk
C-108370 PartyA_212 PartyB_166,MediumRisk
C-114764 PartyA_243 PartyB_63,MediumRisk
C-124481 PartyA_107 PartyB_85,MediumRisk
C-122537 PartyA_266 PartyB_107,HighRisk
C-123864 PartyA_180 PartyB_190,HighRisk
C-114123 PartyA_163 PartyB_170,MediumRisk
C-121322 PartyA_164 PartyB_92,HighRisk
C-108215 PartyA_1 PartyB_70,MediumRisk
C-115262 PartyA_289 PartyB_17,MediumRisk
C-101095 PartyA_225 PartyB_147,MediumRisk
C-104635 PartyA_84 PartyB_112,HighRisk
C-115279 PartyA_25 PartyB_290,MediumRisk
C-122213 PartyA_286 PartyB_298,MediumRisk
C-103540 PartyA_215 PartyB_250,MediumRisk
C-105876 PartyA_136 PartyB_295,MediumRisk
C-115340 PartyA_28 PartyB_78,MediumRisk
C-102383 PartyA_114 PartyB_132,HighRisk
C-123924 PartyA_135 PartyB_187,HighRisk
C-105977 PartyA_191 PartyB_225,MediumRisk
C-101160 PartyA_26 PartyB_266,MediumRisk
C-119997 PartyA_202 PartyB_272,HighRisk
C-105955 PartyA_82 PartyB_25,MediumRisk
C-108967 PartyA_55 PartyB_141,MediumRisk
C-117752 PartyA_56 PartyB_188,MediumRisk
C-106250 PartyA_1 PartyB_214,MediumRisk
C-115869 PartyA_53 PartyB_13,MediumRisk
C-115981 PartyA_63 PartyB_254,MediumRisk
C-102768 PartyA_191 PartyB_69,HighRisk
C-102634 PartyA_10 PartyB_64,HighRisk
C-113359 PartyA_290 PartyB_75,MediumRisk
C-101573 PartyA_207 PartyB_21,HighRisk
C-110689 PartyA_280 PartyB_150,MediumRisk
C-123245 PartyA_60 PartyB_75,MediumRisk
C-103951 PartyA_11 PartyB_132,HighRisk
C-116637 PartyA_234 PartyB_191,MediumRisk
C-124612 PartyA_69 PartyB_265,MediumRisk
C-103367 PartyA_180 PartyB_202,MediumRisk
C-124058 PartyA_79 PartyB_67,MediumRisk
C-122839 PartyA_276 PartyB_175,MediumRisk
C-113435 PartyA_72 PartyB_256,MediumRisk
C-101329 PartyA_47 PartyB_208,MediumRisk
C-119717 PartyA_197 PartyB_203,MediumRisk
C-103916 PartyA_269 PartyB_10,MediumRisk
C-103772 PartyA_224 PartyB_110,MediumRisk
C-105484 PartyA_144 PartyB_75,HighRisk
C-106081 PartyA_27 PartyB_153,MediumRisk
C-107385 PartyA_170 PartyB_42,MediumRisk
C-113381 PartyA_259 PartyB_138,MediumRisk
C-101050 PartyA_198 PartyB_232,LowRisk
C-111542 PartyA_42 PartyB_2,LowRisk
C-124280 PartyA_25 PartyB_32,MediumRisk
C-110078 PartyA_134 PartyB_197,MediumRisk
C-100623 PartyA_81 PartyB_15,HighRisk
C-108009 PartyA_102 PartyB_204,MediumRisk
C-103885 PartyA_285 PartyB_177,HighRisk
C-109531 PartyA_220 PartyB_265,MediumRisk
C-124860 PartyA_252 PartyB_291,HighRisk
C-117021 PartyA_43 PartyB_208,HighRisk
C-109292 PartyA_104 PartyB_53,MediumRisk
C-123996 PartyA_127 PartyB_138,MediumRisk
C-103080 PartyA_39 PartyB_150,MediumRisk
C-112510 PartyA_213 PartyB_18,MediumRisk
C-111986 PartyA_38 PartyB_295,LowRisk
C-101501 PartyA_87 PartyB_207,MediumRisk
C-104995 PartyA_54 PartyB_215,MediumRisk
C-109781 PartyA_93 PartyB_258,HighRisk
C-117064 PartyA_136 PartyB_41,MediumRisk
C-123543 PartyA_197 PartyB_139,MediumRisk
C-115589 PartyA_281 PartyB_139,MediumRisk
C-111750 PartyA_252 PartyB_226,MediumRisk
C-116761 PartyA_221 PartyB_87,MediumRisk
C-119613 PartyA_49 PartyB_136,MediumRisk
C-122067 PartyA_19 PartyB_111,MediumRisk
C-117663 PartyA_40 PartyB_275,MediumRisk
C-107770 PartyA_142 PartyB_150,HighRisk
C-124962 PartyA_99 PartyB_53,HighRisk
C-102532 PartyA_72 PartyB_184,MediumRisk
C-108708 PartyA_178 PartyB_277,HighRisk
C-117323 PartyA_96 PartyB_155,MediumRisk
C-101100 PartyA_81 PartyB_148,MediumRisk
C-110323 PartyA_5 PartyB_286,MediumRisk
C-118961 PartyA_196 PartyB_133,HighRisk
C-103235 PartyA_278 PartyB_221,HighRisk
C-118538 PartyA_140 PartyB_296,LowRisk
C-118442 PartyA_29 PartyB_198,MediumRisk
C-101388 PartyA_82 PartyB_288,LowRisk
C-104722 PartyA_56 PartyB_88,MediumRisk
C-112200 PartyA_292 PartyB_73,MediumRisk
C-106112 PartyA_68 PartyB_259,HighRisk
C-104238 PartyA_42 PartyB_62,MediumRisk
C-107978 PartyA_291 PartyB_295,HighRisk
C-106435 PartyA_37 PartyB_179,HighRisk
C-117851 PartyA_61 PartyB_198,MediumRisk
C-105266 PartyA_128 PartyB_112,MediumRisk
C-107032 PartyA_154 PartyB_136,LowRisk
C-117969 PartyA_120 PartyB_237,MediumRisk
C-117176 PartyA_44 PartyB_124,HighRisk
C-117140 PartyA_224 PartyB_246,LowRisk
C-101472 PartyA_143 PartyB_224,MediumRisk
C-116973 PartyA_172 PartyB_186,LowRisk
C-120151 PartyA_247 PartyB_135,MediumRisk
C-117386 PartyA_64 PartyB_164,HighRisk
C-104522 PartyA_100 PartyB_33,MediumRisk
C-119521 PartyA_104 PartyB_77,MediumRisk
C-100849 PartyA_112 PartyB_253,MediumRisk
C-124356 PartyA_214 PartyB_112,MediumRisk
C-117474 PartyA_279 PartyB_263,HighRisk
C-112124 PartyA_195 PartyB_135,HighRisk
C-122086 PartyA_164 PartyB_149,MediumRisk
C-119608 PartyA_162 PartyB_285,HighRisk
C-115937 PartyA_40 PartyB_211,HighRisk
C-102210 PartyA_15 PartyB_124,MediumRisk
C-121060 PartyA_272 PartyB_195,HighRisk
C-123252 PartyA_185 PartyB_290,HighRisk
C-121435 PartyA_68 PartyB_105,MediumRisk
C-103202 PartyA_203 PartyB_289,HighRisk
C-105607 PartyA_173 PartyB_230,MediumRisk
C-118043 PartyA_70 PartyB_280,MediumRisk
C-123698 PartyA_144 PartyB_140,MediumRisk
C-114838 PartyA_291 PartyB_147,LowRisk
C-101284 PartyA_98 PartyB_38,MediumRisk
C-113468 PartyA_21 PartyB_140,HighRisk
C-111616 PartyA_214 PartyB_12,MediumRisk
C-108606 PartyA_263 PartyB_119,MediumRisk
C-103593 PartyA_152 PartyB_104,MediumRisk
C-118477 PartyA_67 PartyB_113,MediumRisk
C-124692 PartyA_139 PartyB_196,MediumRisk
C-117725 PartyA_21 PartyB_290,MediumRisk
C-100209 PartyA_289 PartyB_58,MediumRisk
C-112714 PartyA_144 PartyB_278,MediumRisk
C-103271 PartyA_79 PartyB_212,HighRisk
C-104717 PartyA_42 PartyB_213,HighRisk
C-110286 PartyA_69 PartyB_2,HighRisk
C-101004 PartyA_133 PartyB_95,HighRisk
C-119951 PartyA_56 PartyB_67,HighRisk
C-121362 PartyA_295 PartyB_228,MediumRisk
C-120469 PartyA_147 PartyB_187,MediumRisk
C-122366 PartyA_225 PartyB_138,HighRisk
C-110532 PartyA_148 PartyB_137,MediumRisk
C-108457 PartyA_126 PartyB_80,MediumRisk
C-111073 PartyA_100 PartyB_280,MediumRisk
C-115247 PartyA_140 PartyB_218,MediumRisk
C-111471 PartyA_253 PartyB_178,MediumRisk
C-106034 PartyA_150 PartyB_150,MediumRisk
C-112376 PartyA_240 PartyB_208,MediumRisk
C-111525 PartyA_87 PartyB_200,MediumRisk
C-120488 PartyA_192 PartyB_71,HighRisk
C-106212 PartyA_82 PartyB_93,HighRisk
C-119927 PartyA_161 PartyB_65,MediumRisk
C-120192 PartyA_212 PartyB_289,MediumRisk
C-103542 PartyA_164 PartyB_72,MediumRisk
C-115381 PartyA_72 PartyB_280,MediumRisk
C-100253 PartyA_156 PartyB_124,HighRisk
C-106010 PartyA_246 PartyB_245,MediumRisk
C-124882 PartyA_262 PartyB_168,MediumRisk
C-109340 PartyA_215 PartyB_110,HighRisk
C-102142 PartyA_5 PartyB_278,HighRisk
C-106092 PartyA_134 PartyB_179,MediumRisk
C-106403 PartyA_104 PartyB_97,LowRisk
C-124399 PartyA_95 PartyB_105,MediumRisk
C-107632 PartyA_2 PartyB_169,MediumRisk
C-101728 PartyA_130 PartyB_296,MediumRisk
C-109274 PartyA_120 PartyB_276,MediumRisk
C-101671 PartyA_177 PartyB_206,HighRisk
C-123379 PartyA_201 PartyB_286,MediumRisk
C-117124 PartyA_203 PartyB_274,HighRisk
C-114677 PartyA_174 PartyB_194,MediumRisk
C-115752 PartyA_87 PartyB_117,LowRisk
C-111441 PartyA_110 PartyB_153,MediumRisk
C-119953 PartyA_92 PartyB_196,MediumRisk
C-109695 PartyA_70 PartyB_291,MediumRisk
C-114593 PartyA_6 PartyB_165,MediumRisk
C-101971 PartyA_223 PartyB_127,MediumRisk
C-121830 PartyA_58 PartyB_183,MediumRisk
C-118457 PartyA_31 PartyB_183,HighRisk
C-116067 PartyA_116 PartyB_126,MediumRisk
C-111990 PartyA_287 PartyB_286,LowRisk
C-113055 PartyA_136 PartyB_110,MediumRisk
C-115874 PartyA_228 PartyB_83,MediumRisk
C-107807 PartyA_148 PartyB_64,MediumRisk
C-100694 PartyA_154 PartyB_187,HighRisk
C-105729 PartyA_132 PartyB_68,MediumRisk
C-121753 PartyA_18 PartyB_177,MediumRisk
C-112047 PartyA_94 PartyB_249,MediumRisk
C-114156 PartyA_30 PartyB_263,HighRisk
C-122317 PartyA_223 PartyB_252,HighRisk
C-109353 PartyA_149 PartyB_252,HighRisk
C-121367 PartyA_121 PartyB_81,MediumRisk
C-116494 PartyA_75 PartyB_249,MediumRisk
C-124449 PartyA_54 PartyB_171,MediumRisk
C-102284 PartyA_47 PartyB_235,MediumRisk
C-124328 PartyA_206 PartyB_296,MediumRisk
C-121687 PartyA_42 PartyB_235,HighRisk
C-103094 PartyA_2 PartyB_173,HighRisk
C-101677 PartyA_39 PartyB_8,HighRisk
C-107364 PartyA_283 PartyB_53,MediumRisk
C-102114 PartyA_15 PartyB_286,LowRisk
C-123560 PartyA_137 PartyB_223,HighRisk
C-102273 PartyA_244 PartyB_86,MediumRisk
C-115885 PartyA_80 PartyB_237,MediumRisk
C-124674 PartyA_199 PartyB_279,HighRisk
C-103244 PartyA_30 PartyB_111,HighRisk
C-117594 PartyA_217 PartyB_4,MediumRisk
C-124498 PartyA_97 PartyB_276,MediumRisk
C-106182 PartyA_111 PartyB_47,MediumRisk
C-111292 PartyA_25 PartyB_191,MediumRisk
C-105041 PartyA_79 PartyB_121,MediumRisk
C-104817 PartyA_44 PartyB_289,MediumRisk
C-104584 PartyA_202 PartyB_232,HighRisk
C-110632 PartyA_69 PartyB_279,MediumRisk
C-103563 PartyA_164 PartyB_137,HighRisk
C-117236 PartyA_229 PartyB_274,HighRisk
C-116601 PartyA_181 PartyB_240,HighRisk
C-117090 PartyA_62 PartyB_206,HighRisk
C-118535 PartyA_157 PartyB_92,MediumRisk
C-106176 PartyA_69 PartyB_255,MediumRisk
C-109954 PartyA_256 PartyB_38,HighRisk
C-124156 PartyA_32 PartyB_214,MediumRisk
C-106312 PartyA_237 PartyB_193,LowRisk
C-112555 PartyA_73 PartyB_288,MediumRisk
C-109988 PartyA_218 PartyB_231,LowRisk
C-106839 PartyA_286 PartyB_194,HighRisk
C-112103 PartyA_291 PartyB_151,LowRisk
C-111532 PartyA_281 PartyB_23,MediumRisk
C-114941 PartyA_132 PartyB_287,MediumRisk
C-114170 PartyA_269 PartyB_190,MediumRisk
C-107743 PartyA_251 PartyB_51,MediumRisk
C-112004 PartyA_173 PartyB_283,HighRisk
C-100656 PartyA_244 PartyB_269,LowRisk
C-110827 PartyA_91 PartyB_48,MediumRisk
C-110383 PartyA_125 PartyB_104,MediumRisk
C-106684 PartyA_183 PartyB_298,HighRisk
C-115459 PartyA_95 PartyB_12,LowRisk
C-122294 PartyA_139 PartyB_43,MediumRisk
C-108186 PartyA_283 PartyB_78,HighRisk
C-120647 PartyA_29 PartyB_82,HighRisk
C-118920 PartyA_154 PartyB_62,HighRisk
C-103231 PartyA_186 PartyB_156,MediumRisk
C-120107 PartyA_265 PartyB_28,HighRisk
C-111631 PartyA_31 PartyB_9,MediumRisk
C-122081 PartyA_215 PartyB_252,MediumRisk
C-102484 PartyA_115 PartyB_257,MediumRisk
C-113034 PartyA_250 PartyB_286,HighRisk
C-121897 PartyA_286 PartyB_92,HighRisk
C-120950 PartyA_73 PartyB_204,MediumRisk
C-107205 PartyA_94 PartyB_3,MediumRisk
C-121089 PartyA_105 PartyB_216,MediumRisk
C-105967 PartyA_139 PartyB_77,MediumRisk
C-121481 PartyA_297 PartyB_237,MediumRisk
C-113071 PartyA_142 PartyB_237,LowRisk
C-113542 PartyA_7 PartyB_99,MediumRisk
C-100952 PartyA_67 PartyB_149,MediumRisk
C-117944 PartyA_33 PartyB_271,MediumRisk
C-109361 PartyA_263 PartyB_191,MediumRisk
C-115982 PartyA_66 PartyB_49,MediumRisk
C-105664 PartyA_177 PartyB_11,HighRisk
C-117113 PartyA_231 PartyB_32,MediumRisk
C-107028 PartyA_48 PartyB_13,HighRisk
C-120351 PartyA_165 PartyB_54,MediumRisk
C-103409 PartyA_295 PartyB_93,MediumRisk
C-119253 PartyA_259 PartyB_180,MediumRisk
C-104775 PartyA_21 PartyB_36,MediumRisk
C-109910 PartyA_209 PartyB_117,MediumRisk
C-116409 PartyA_236 PartyB_126,HighRisk
C-123363 PartyA_179 PartyB_195,HighRisk
C-107192 PartyA_73 PartyB_270,HighRisk
C-121639 PartyA_11 PartyB_229,HighRisk
C-121683 PartyA_181 PartyB_194,HighRisk
C-101159 PartyA_67 PartyB_277,MediumRisk
C-119809 PartyA_110 PartyB_127,HighRisk
C-101461 PartyA_156 PartyB_220,HighRisk
C-114674 PartyA_279 PartyB_225,HighRisk
C-109024 PartyA_277 PartyB_139,MediumRisk
C-116449 PartyA_219 PartyB_205,MediumRisk
C-107953 PartyA_252 PartyB_83,HighRisk
C-107759 PartyA_92 PartyB_275,MediumRisk
C-108634 PartyA_1 PartyB_59,LowRisk
C-122667 PartyA_89 PartyB_201,MediumRisk
C-108118 PartyA_214 PartyB_248,LowRisk
C-114120 PartyA_114 PartyB_269,HighRisk
C-114853 PartyA_223 PartyB_124,HighRisk
C-115914 PartyA_33 PartyB_32,MediumRisk
C-116457 PartyA_176 PartyB_62,MediumRisk
C-105152 PartyA_289 PartyB_80,MediumRisk
C-101146 PartyA_293 PartyB_219,MediumRisk
C-113948 PartyA_183 PartyB_227,MediumRisk
C-101937 PartyA_91 PartyB_14,MediumRisk
C-123267 PartyA_296 PartyB_54,MediumRisk
C-122435 PartyA_265 PartyB_15,MediumRisk
C-112076 PartyA_13 PartyB_249,MediumRisk
C-121887 PartyA_219 PartyB_229,HighRisk
C-111179 PartyA_2 PartyB_42,HighRisk
C-118468 PartyA_171 PartyB_89,HighRisk
C-105914 PartyA_258 PartyB_225,MediumRisk
C-100456 PartyA_183 PartyB_80,HighRisk
C-116076 PartyA_31 PartyB_47,MediumRisk
C-121417 PartyA_235 PartyB_240,HighRisk
C-105397 PartyA_47 PartyB_186,LowRisk
C-118506 PartyA_115 PartyB_211,HighRisk
C-103858 PartyA_255 PartyB_145,MediumRisk
C-124617 PartyA_44 PartyB_63,MediumRisk
C-100096 PartyA_38 PartyB_227,HighRisk
C-111699 PartyA_298 PartyB_72,MediumRisk
C-103130 PartyA_145 PartyB_241,MediumRisk
C-108015 PartyA_129 PartyB_244,MediumRisk
C-110666 PartyA_201 PartyB_84,MediumRisk
C-106780 PartyA_94 PartyB_265,MediumRisk
C-112123 PartyA_276 PartyB_86,MediumRisk
C-106618 PartyA_212 PartyB_39,MediumRisk
C-102627 PartyA_238 PartyB_150,MediumRisk
C-103773 PartyA_175 PartyB_161,MediumRisk
C-110559 PartyA_168 PartyB_4,MediumRisk
C-102239 PartyA_170 PartyB_182,MediumRisk
C-103663 PartyA_181 PartyB_196,MediumRisk
C-119920 PartyA_173 PartyB_52,MediumRisk
C-100544 PartyA_170 PartyB_45,MediumRisk
C-116120 PartyA_81 PartyB_273,LowRisk
C-109399 PartyA_62 PartyB_192,MediumRisk
C-111219 PartyA_122 PartyB_212,HighRisk
C-113939 PartyA_38 PartyB_136,MediumRisk
C-105138 PartyA_82 PartyB_131,MediumRisk
C-122838 PartyA_107 PartyB_253,MediumRisk
C-102389 PartyA_295 PartyB_275,MediumRisk
C-110939 PartyA_41 PartyB_23,MediumRisk
C-104261 PartyA_183 PartyB_147,HighRisk
C-121153 PartyA_210 PartyB_39,MediumRisk
C-118377 PartyA_28 PartyB_5,MediumRisk
C-110583 PartyA_48 PartyB_174,MediumRisk
C-103082 PartyA_159 PartyB_136,MediumRisk
C-113579 PartyA_192 PartyB_244,MediumRisk
C-119620 PartyA_23 PartyB_274,MediumRisk
C-101054 PartyA_190 PartyB_51,MediumRisk
C-118090 PartyA_12 PartyB_289,HighRisk
C-122268 PartyA_279 PartyB_236,MediumRisk
C-112255 PartyA_189 PartyB_65,MediumRisk
C-113348 PartyA_152 PartyB_124,HighRisk
C-116278 PartyA_134 PartyB_215,MediumRisk
C-105591 PartyA_226 PartyB_84,HighRisk
C-121405 PartyA_259 PartyB_145,MediumRisk
C-101663 PartyA_264 PartyB_223,MediumRisk
C-102901 PartyA_132 PartyB_86,MediumRisk
C-104099 PartyA_6 PartyB_295,MediumRisk
C-104268 PartyA_94 PartyB_145,MediumRisk
C-123373 PartyA_104 PartyB_176,MediumRisk
C-117188 PartyA_136 PartyB_112,MediumRisk
C-122638 PartyA_216 PartyB_172,MediumRisk
C-110732 PartyA_281 PartyB_269,MediumRisk
C-110660 PartyA_77 PartyB_83,HighRisk
C-100734 PartyA_48 PartyB_205,MediumRisk
C-120929 PartyA_268 PartyB_100,MediumRisk
C-124546 PartyA_119 PartyB_97,MediumRisk
C-108127 PartyA_65 PartyB_163,MediumRisk
C-106883 PartyA_173 PartyB_172,MediumRisk
C-104535 PartyA_242 PartyB_82,MediumRisk
C-120844 PartyA_34 PartyB_292,MediumRisk
C-123854 PartyA_208 PartyB_74,MediumRisk
C-110546 PartyA_200 PartyB_73,MediumRisk
C-123058 PartyA_6 PartyB_101,MediumRisk
C-112674 PartyA_82 PartyB_157,HighRisk
C-102397 PartyA_104 PartyB_104,HighRisk
C-108899 PartyA_273 PartyB_282,HighRisk
C-120087 PartyA_136 PartyB_273,LowRisk
C-104184 PartyA_236 PartyB_299,LowRisk
C-121283 PartyA_233 PartyB_60,MediumRisk
C-102576 PartyA_196 PartyB_5,HighRisk
C-102373 PartyA_95 PartyB_222,HighRisk
C-124361 PartyA_260 PartyB_284,MediumRisk
C-106633 PartyA_152 PartyB_189,HighRisk
C-120499 PartyA_171 PartyB_53,MediumRisk
C-124883 PartyA_34 PartyB_202,MediumRisk
C-101773 PartyA_121 PartyB_190,LowRisk
C-120686 PartyA_53 PartyB_290,MediumRisk
C-109473 PartyA_16 PartyB_172,HighRisk
C-117067 PartyA_187 PartyB_217,HighRisk
C-124723 PartyA_291 PartyB_184,MediumRisk
C-116143 PartyA_126 PartyB_20,MediumRisk
C-105640 PartyA_137 PartyB_229,MediumRisk
C-111236 PartyA_147 PartyB_136,MediumRisk
C-109001 PartyA_103 PartyB_230,MediumRisk
C-109287 PartyA_213 PartyB_224,MediumRisk
C-102515 PartyA_53 PartyB_3,MediumRisk
C-120004 PartyA_194 PartyB_15,HighRisk
C-104262 PartyA_282 PartyB_167,MediumRisk
C-119036 PartyA_241 PartyB_7,HighRisk
C-113823 PartyA_97 PartyB_121,MediumRisk
C-117707 PartyA_87 PartyB_37,MediumRisk
C-100415 PartyA_81 PartyB_274,MediumRisk
C-123536 PartyA_84 PartyB_9,HighRisk
C-114538 PartyA_110 PartyB_174,MediumRisk
C-105013 PartyA_62 PartyB_232,HighRisk
C-107768 PartyA_276 PartyB_269,MediumRisk
C-105778 PartyA_185 PartyB_24,MediumRisk
C-107188 PartyA_298 PartyB_11,MediumRisk
C-116768 PartyA_299 PartyB_267,MediumRisk
C-103695 PartyA_63 PartyB_9,HighRisk
C-100710 PartyA_155 PartyB_47,MediumRisk
C-120836 PartyA_280 PartyB_170,MediumRisk
C-124334 PartyA_49 PartyB_203,MediumRisk
C-111720 PartyA_146 PartyB_110,HighRisk
C-104503 PartyA_294 PartyB_298,HighRisk
C-115891 PartyA_205 PartyB_85,MediumRisk
C-122235 PartyA_184 PartyB_89,HighRisk
C-109441 PartyA_59 PartyB_2,HighRisk
C-121238 PartyA_103 PartyB_203,HighRisk
C-119753 PartyA_193 PartyB_72,LowRisk
C-119466 PartyA_253 PartyB_41,MediumRisk
C-112017 PartyA_137 PartyB_153,HighRisk
C-101495 PartyA_284 PartyB_300,MediumRisk
C-123882 PartyA_146 PartyB_24,MediumRisk
C-120672 PartyA_47 PartyB_209,MediumRisk
C-106249 PartyA_10 PartyB_105,HighRisk
C-115404 PartyA_144 PartyB_57,MediumRisk
C-109433 PartyA_238 PartyB_251,HighRisk
C-117470 PartyA_261 PartyB_264,MediumRisk
C-104091 PartyA_224 PartyB_46,LowRisk
C-120911 PartyA_296 PartyB_266,LowRisk
C-102888 PartyA_27 PartyB_248,MediumRisk
C-104928 PartyA_292 PartyB_115,MediumRisk
C-112299 PartyA_56 PartyB_246,MediumRisk
C-107209 PartyA_299 PartyB_174,HighRisk
C-101523 PartyA_225 PartyB_250,MediumRisk
C-118892 PartyA_54 PartyB_8,MediumRisk
C-116483 PartyA_136 PartyB_23,HighRisk
C-107249 PartyA_42 PartyB_173,HighRisk
C-105206 PartyA_81 PartyB_160,MediumRisk
C-101241 PartyA_2 PartyB_273,MediumRisk
C-101406 PartyA_145 PartyB_83,HighRisk
C-103319 PartyA_276 PartyB_249,MediumRisk
C-115727 PartyA_29 PartyB_72,HighRisk
C-122741 PartyA_27 PartyB_107,MediumRisk
C-100916 PartyA_66 PartyB_217,HighRisk
C-100527 PartyA_221 PartyB_75,HighRisk
C-118827 PartyA_26 PartyB_67,LowRisk
C-117276 PartyA_254 PartyB_225,MediumRisk
C-121345 PartyA_46 PartyB_202,MediumRisk
C-119195 PartyA_270 PartyB_13,MediumRisk
C-124570 PartyA_229 PartyB_193,HighRisk
C-120966 PartyA_24 PartyB_83,HighRisk
C-122688 PartyA_275 PartyB_38,MediumRisk
C-102819 PartyA_246 PartyB_196,HighRisk
C-111136 PartyA_211 PartyB_227,MediumRisk
C-117352 PartyA_5 PartyB_279,HighRisk
C-124352 PartyA_199 PartyB_159,LowRisk
C-109697 PartyA_128 PartyB_104,MediumRisk
C-123748 PartyA_172 PartyB_182,MediumRisk
C-113508 PartyA_29 PartyB_12,LowRisk
C-106264 PartyA_6 PartyB_22,HighRisk
C-117020 PartyA_26 PartyB_105,MediumRisk
C-103012 PartyA_168 PartyB_185,MediumRisk
C-121608 PartyA_298 PartyB_119,MediumRisk
C-112419 PartyA_187 PartyB_72,LowRisk
C-121044 PartyA_143 PartyB_280,MediumRisk
C-109678 PartyA_104 PartyB_64,MediumRisk
C-116358 PartyA_205 PartyB_162,MediumRisk
C-121850 PartyA_74 PartyB_236,MediumRisk
C-106107 PartyA_215 PartyB_36,MediumRisk
C-113424 PartyA_250 PartyB_78,HighRisk
C-111204 PartyA_115 PartyB_150,MediumRisk
C-100774 PartyA_214 PartyB_84,MediumRisk
C-123225 PartyA_271 PartyB_274,MediumRisk
C-114647 PartyA_88 PartyB_160,HighRisk
C-101631 PartyA_30 PartyB_150,MediumRisk
C-119210 PartyA_297 PartyB_62,MediumRisk
C-115174 PartyA_108 PartyB_54,LowRisk
C-106429 PartyA_89 PartyB_120,MediumRisk
C-120765 PartyA_44 PartyB_73,HighRisk
C-118769 PartyA_154 PartyB_257,MediumRisk
C-122573 PartyA_47 PartyB_72,MediumRisk
C-108661 PartyA_219 PartyB_256,MediumRisk
C-102750 PartyA_151 PartyB_258,MediumRisk
C-121437 PartyA_197 PartyB_32,MediumRisk
C-117318 PartyA_77 PartyB_104,HighRisk
C-120330 PartyA_247 PartyB_75,HighRisk
C-117666 PartyA_32 PartyB_136,MediumRisk
C-123344 PartyA_271 PartyB_232,LowRisk
C-118194 PartyA_260 PartyB_74,MediumRisk
C-120076 PartyA_231 PartyB_300,HighRisk
C-116243 PartyA_18 PartyB_53,HighRisk
C-123090 PartyA_268 PartyB_287,MediumRisk
C-118847 PartyA_187 PartyB_173,MediumRisk
C-110124 PartyA_187 PartyB_73,MediumRisk
C-109183 PartyA_166 PartyB_145,MediumRisk
C-116605 PartyA_258 PartyB_168,MediumRisk
C-100598 PartyA_99 PartyB_18,MediumRisk
C-104562 PartyA_235 PartyB_171,HighRisk
C-103483 PartyA_145 PartyB_256,MediumRisk
C-111696 PartyA_89 PartyB_266,MediumRisk
C-104001 PartyA_280 PartyB_229,MediumRisk
C-104659 PartyA_299 PartyB_172,HighRisk
C-110097 PartyA_257 PartyB_103,MediumRisk
C-118159 PartyA_247 PartyB_264,LowRisk
C-118386 PartyA_45 PartyB_43,MediumRisk
C-104684 PartyA_69 PartyB_86,MediumRisk
C-119388 PartyA_237 PartyB_136,MediumRisk
C-105672 PartyA_76 PartyB_198,HighRisk
C-106217 PartyA_232 PartyB_263,MediumRisk
C-108663 PartyA_153 PartyB_266,LowRisk
C-113875 PartyA_130 PartyB_74,MediumRisk
C-106860 PartyA_64 PartyB_249,MediumRisk
C-116583 PartyA_95 PartyB_167,HighRisk
C-116504 PartyA_253 PartyB_44,MediumRisk
C-105080 PartyA_297 PartyB_195,MediumRisk
C-118044 PartyA_110 PartyB_121,HighRisk
C-105790 PartyA_229 PartyB_163,MediumRisk
C-118035 PartyA_234 PartyB_217,HighRisk
C-118086 PartyA_144 PartyB_238,HighRisk
C-111036 PartyA_216 PartyB_280,MediumRisk
C-111936 PartyA_83 PartyB_29,MediumRisk
C-115561 PartyA_196 PartyB_91,MediumRisk
C-101446 PartyA_244 PartyB_90,MediumRisk
C-116631 PartyA_271 PartyB_117,MediumRisk
C-116187 PartyA_126 PartyB_102,HighRisk
C-118085 PartyA_65 PartyB_139,MediumRisk
C-109611 PartyA_225 PartyB_65,MediumRisk
C-120046 PartyA_23 PartyB_180,MediumRisk
C-121961 PartyA_217 PartyB_190,MediumRisk
C-112128 PartyA_102 PartyB_74,MediumRisk
C-118870 PartyA_67 PartyB_150,MediumRisk
C-114379 PartyA_41 PartyB_10,MediumRisk
C-107309 PartyA_153 PartyB_226,MediumRisk
C-107034 PartyA_190 PartyB_291,MediumRisk
C-106000 PartyA_24 PartyB_165,MediumRisk
C-110573 PartyA_51 PartyB_294,HighRisk
C-102837 PartyA_188 PartyB_240,MediumRisk
C-117550 PartyA_102 PartyB_58,MediumRisk
C-103757 PartyA_105 PartyB_166,MediumRisk
C-103218 PartyA_296 PartyB_172,MediumRisk
C-111765 PartyA_168 PartyB_265,MediumRisk
C-111324 PartyA_244 PartyB_171,HighRisk
C-109971 PartyA_82 PartyB_103,MediumRisk
C-103520 PartyA_71 PartyB_112,LowRisk
C-106594 PartyA_132 PartyB_125,MediumRisk
C-105947 PartyA_133 PartyB_294,MediumRisk
C-117415 PartyA_232 PartyB_70,HighRisk
C-119112 PartyA_165 PartyB_43,HighRisk
C-102588 PartyA_244 PartyB_22,MediumRisk
C-119304 PartyA_96 PartyB_93,MediumRisk
C-122814 PartyA_158 PartyB_139,LowRisk
C-104695 PartyA_229 PartyB_165,MediumRisk
C-106437 PartyA_28 PartyB_66,MediumRisk
C-119372 PartyA_266 PartyB_299,MediumRisk
C-105241 PartyA_276 PartyB_73,MediumRisk
C-124804 PartyA_171 PartyB_228,MediumRisk
C-111545 PartyA_190 PartyB_246,MediumRisk
C-122347 PartyA_256 PartyB_130,HighRisk
C-109950 PartyA_78 PartyB_62,MediumRisk
C-107338 PartyA_38 PartyB_234,HighRisk
C-117571 PartyA_273 PartyB_208,HighRisk
C-121661 PartyA_287 PartyB_232,MediumRisk
C-108643 PartyA_289 PartyB_90,MediumRisk
C-106806 PartyA_232 PartyB_24,MediumRisk
C-124377 PartyA_131 PartyB_227,MediumRisk
C-109044 PartyA_244 PartyB_274,MediumRisk
C-122651 PartyA_47 PartyB_152,HighRisk
C-104482 PartyA_201 PartyB_73,MediumRisk
C-110415 PartyA_229 PartyB_69,MediumRisk
C-102464 PartyA_101 PartyB_7,HighRisk
C-115771 PartyA_105 PartyB_196,MediumRisk
C-120042 PartyA_280 PartyB_265,HighRisk
C-122567 PartyA_260 PartyB_242,MediumRisk
C-114576 PartyA_48 PartyB_214,MediumRisk
C-104483 PartyA_63 PartyB_138,HighRisk
C-119219 PartyA_248 PartyB_281,HighRisk
C-115225 PartyA_231 PartyB_15,MediumRisk
C-109180 PartyA_225 PartyB_217,HighRisk
C-119188 PartyA_135 PartyB_36,MediumRisk
C-121278 PartyA_10 PartyB_224,MediumRisk
C-113728 PartyA_256 PartyB_184,MediumRisk
C-100600 PartyA_39 PartyB_233,LowRisk
C-110524 PartyA_219 PartyB_134,HighRisk
C-122532 PartyA_173 PartyB_156,MediumRisk
C-116486 PartyA_261 PartyB_258,MediumRisk
C-107234 PartyA_193 PartyB_156,HighRisk
C-115537 PartyA_186 PartyB_254,HighRisk
C-104608 PartyA_32 PartyB_300,LowRisk
C-110731 PartyA_45 PartyB_252,MediumRisk
C-113882 PartyA_207 PartyB_215,LowRisk
C-112766 PartyA_35 PartyB_71,MediumRisk
C-119351 PartyA_80 PartyB_21,MediumRisk
C-100500 PartyA_52 PartyB_119,MediumRisk
C-122319 PartyA_41 PartyB_219,MediumRisk
C-124431 PartyA_148 PartyB_256,MediumRisk
C-119538 PartyA_26 PartyB_241,HighRisk
C-101046 PartyA_296 PartyB_245,HighRisk
C-106327 PartyA_150 PartyB_41,MediumRisk
C-109193 PartyA_42 PartyB_252,MediumRisk
C-120775 PartyA_238 PartyB_165,HighRisk
C-117760 PartyA_248 PartyB_267,HighRisk
C-119723 PartyA_4 PartyB_276,MediumRisk
C-115120 PartyA_26 PartyB_158,HighRisk
C-112878 PartyA_276 PartyB_145,MediumRisk
C-117117 PartyA_75 PartyB_173,MediumRisk
C-122390 PartyA_146 PartyB_126,MediumRisk
C-101074 PartyA_129 PartyB_70,HighRisk
C-118625 PartyA_212 PartyB_98,LowRisk
C-114363 PartyA_21 PartyB_193,MediumRisk
C-113817 PartyA_18 PartyB_156,HighRisk
C-103139 PartyA_32 PartyB_239,HighRisk
C-101860 PartyA_212 PartyB_46,MediumRisk
C-117440 PartyA_250 PartyB_61,MediumRisk
C-116919 PartyA_128 PartyB_10,MediumRisk
C-120531 PartyA_294 PartyB_109,MediumRisk
C-100777 PartyA_156 PartyB_151,LowRisk
C-116869 PartyA_224 PartyB_239,HighRisk
C-118205 PartyA_208 PartyB_88,MediumRisk
C-115435 PartyA_206 PartyB_172,MediumRisk
C-103138 PartyA_217 PartyB_179,HighRisk
C-104019 PartyA_179 PartyB_66,HighRisk
C-109386 PartyA_113 PartyB_61,MediumRisk
C-109553 PartyA_79 PartyB_221,MediumRisk
C-118671 PartyA_30 PartyB_263,LowRisk
C-120903 PartyA_54 PartyB_279,HighRisk
C-108146 PartyA_195 PartyB_174,MediumRisk
C-115606 PartyA_282 PartyB_178,MediumRisk
C-110496 PartyA_139 PartyB_125,MediumRisk
C-103019 PartyA_186 PartyB_163,MediumRisk
C-118496 PartyA_213 PartyB_39,HighRisk
C-112598 PartyA_173 PartyB_104,MediumRisk
C-106083 PartyA_295 PartyB_286,MediumRisk
C-109305 PartyA_292 PartyB_187,MediumRisk
C-102982 PartyA_98 PartyB_37,MediumRisk
C-119818 PartyA_172 PartyB_123,MediumRisk
C-122176 PartyA_46 PartyB_280,MediumRisk
C-111446 PartyA_155 PartyB_293,MediumRisk
C-124718 PartyA_130 PartyB_189,MediumRisk
C-113113 PartyA_129 PartyB_51,MediumRisk
C-105890 PartyA_294 PartyB_17,MediumRisk
C-109379 PartyA_261 PartyB_220,MediumRisk
C-124439 PartyA_89 PartyB_265,MediumRisk
C-109187 PartyA_281 PartyB_57,MediumRisk
C-110474 PartyA_209 PartyB_44,HighRisk
C-109156 PartyA_12 PartyB_287,MediumRisk
C-115101 PartyA_73 PartyB_253,MediumRisk
C-106005 PartyA_286 PartyB_83,MediumRisk
C-100565 PartyA_67 PartyB_15,HighRisk
C-104118 PartyA_210 PartyB_65,HighRisk
C-105899 PartyA_298 PartyB_124,MediumRisk
C-119209 PartyA_298 PartyB_221,MediumRisk
C-115573 PartyA_224 PartyB_27,MediumRisk
C-113873 PartyA_234 PartyB_84,MediumRisk
C-100840 PartyA_33 PartyB_274,MediumRisk
C-103888 PartyA_141 PartyB_175,MediumRisk
C-109834 PartyA_4 PartyB_93,MediumRisk
C-120484 PartyA_278 PartyB_237,LowRisk
C-107641 PartyA_92 PartyB_75,HighRisk
C-118401 PartyA_110 PartyB_155,HighRisk
C-119384 PartyA_210 PartyB_232,MediumRisk
C-108655 PartyA_116 PartyB_100,HighRisk
C-102666 PartyA_13 PartyB_147,LowRisk
C-120863 PartyA_166 PartyB_45,MediumRisk
C-112334 PartyA_72 PartyB_292,MediumRisk
C-120995 PartyA_91 PartyB_271,HighRisk
C-109341 PartyA_6 PartyB_58,HighRisk
C-122848 PartyA_292 PartyB_58,HighRisk
C-104092 PartyA_160 PartyB_172,MediumRisk
C-115231 PartyA_11 PartyB_137,HighRisk
C-110630 PartyA_11 PartyB_198,MediumRisk
C-112671 PartyA_193 PartyB_23,MediumRisk
C-100765 PartyA_144 PartyB_271,MediumRisk
C-101440 PartyA_185 PartyB_238,MediumRisk
C-107690 PartyA_53 PartyB_271,LowRisk
C-111343 PartyA_255 PartyB_55,MediumRisk
C-117059 PartyA_103 PartyB_35,LowRisk
C-103872 PartyA_225 PartyB_251,MediumRisk
C-118644 PartyA_294 PartyB_231,MediumRisk
C-119230 PartyA_76 PartyB_106,HighRisk
C-122911 PartyA_88 PartyB_137,MediumRisk
C-122367 PartyA_236 PartyB_245,HighRisk
C-104865 PartyA_227 PartyB_123,HighRisk
C-121529 PartyA_151 PartyB_41,LowRisk
C-102620 PartyA_46 PartyB_19,MediumRisk
C-118783 PartyA_151 PartyB_274,HighRisk
C-108021 PartyA_25 PartyB_243,MediumRisk
C-118208 PartyA_176 PartyB_155,MediumRisk
C-106709 PartyA_51 PartyB_242,MediumRisk
C-110220 PartyA_149 PartyB_183,HighRisk
C-103026 PartyA_132 PartyB_133,LowRisk
C-119199 PartyA_202 PartyB_106,MediumRisk
C-104102 PartyA_130 PartyB_167,MediumRisk
C-101298 PartyA_16 PartyB_255,HighRisk
C-118905 PartyA_267 PartyB_117,HighRisk
C-120323 PartyA_218 PartyB_112,HighRisk
C-123270 PartyA_113 PartyB_263,HighRisk
C-106338 PartyA_61 PartyB_218,MediumRisk
C-102022 PartyA_61 PartyB_223,MediumRisk
C-121372 PartyA_233 PartyB_117,MediumRisk
C-121483 PartyA_97 PartyB_60,MediumRisk
C-107372 PartyA_271 PartyB_297,MediumRisk
C-109385 PartyA_150 PartyB_265,MediumRisk
C-102685 PartyA_235 PartyB_4,HighRisk
C-122048 PartyA_22 PartyB_43,HighRisk
C-100071 PartyA_44 PartyB_128,MediumRisk
C-110603 PartyA_300 PartyB_274,HighRisk
C-107785 PartyA_180 PartyB_67,MediumRisk
C-101025 PartyA_252 PartyB_12,MediumRisk
C-114714 PartyA_165 PartyB_231,HighRisk
C-109103 PartyA_97 PartyB_168,MediumRisk
C-112751 PartyA_183 PartyB_159,HighRisk
C-109404 PartyA_51 PartyB_235,MediumRisk
C-108650 PartyA_200 PartyB_216,HighRisk
C-106604 PartyA_47 PartyB_136,MediumRisk
C-113960 PartyA_9 PartyB_100,MediumRisk
C-114268 PartyA_264 PartyB_37,MediumRisk
C-113908 PartyA_221 PartyB_88,MediumRisk
C-101189 PartyA_196 PartyB_192,HighRisk
C-122065 PartyA_97 PartyB_27,HighRisk
C-120130 PartyA_163 PartyB_221,HighRisk
C-109537 PartyA_180 PartyB_156,HighRisk
C-109636 PartyA_10 PartyB_69,HighRisk
C-111690 PartyA_112 PartyB_91,MediumRisk
C-115203 PartyA_211 PartyB_72,HighRisk
C-103499 PartyA_35 PartyB_9,MediumRisk
C-102496 PartyA_20 PartyB_38,HighRisk
C-116894 PartyA_246 PartyB_61,MediumRisk
C-112791 PartyA_4 PartyB_160,MediumRisk
C-114398 PartyA_228 PartyB_56,MediumRisk
C-116927 PartyA_170 PartyB_82,MediumRisk
C-102422 PartyA_80 PartyB_291,MediumRisk
C-116124 PartyA_35 PartyB_100,MediumRisk
C-116594 PartyA_1 PartyB_59,HighRisk
C-102732 PartyA_20 PartyB_260,MediumRisk
C-100080 PartyA_169 PartyB_211,HighRisk
C-104217 PartyA_135 PartyB_151,HighRisk
C-104242 PartyA_187 PartyB_10,HighRisk
C-103811 PartyA_217 PartyB_22,MediumRisk
C-115828 PartyA_100 PartyB_157,LowRisk
C-116083 PartyA_235 PartyB_13,MediumRisk
C-108148 PartyA_99 PartyB_259,MediumRisk
C-122787 PartyA_142 PartyB_225,HighRisk
C-101359 PartyA_25 PartyB_156,MediumRisk
C-112931 PartyA_297 PartyB_15,MediumRisk
C-107714 PartyA_61 PartyB_173,MediumRisk
C-109840 PartyA_229 PartyB_105,MediumRisk
C-122004 PartyA_246 PartyB_198,MediumRisk
C-122749 PartyA_61 PartyB_15,MediumRisk
C-114106 PartyA_89 PartyB_154,MediumRisk
C-102162 PartyA_232 PartyB_2,MediumRisk
C-100879 PartyA_158 PartyB_211,HighRisk
C-101578 PartyA_70 PartyB_208,HighRisk
C-122559 PartyA_151 PartyB_12,MediumRisk
C-107573 PartyA_296 PartyB_160,LowRisk
C-101509 PartyA_92 PartyB_274,MediumRisk
C-121816 PartyA_63 PartyB_181,HighRisk
C-123421 PartyA_213 PartyB_218,HighRisk
C-121598 PartyA_86 PartyB_53,HighRisk
C-112780 PartyA_61 PartyB_278,MediumRisk
C-104112 PartyA_145 PartyB_80,HighRisk
C-100382 PartyA_211 PartyB_226,LowRisk
C-113942 PartyA_73 PartyB_80,HighRisk
C-101845 PartyA_38 PartyB_237,HighRisk
C-116151 PartyA_140 PartyB_294,HighRisk
C-123553 PartyA_37 PartyB_48,MediumRisk
C-112243 PartyA_157 PartyB_189,LowRisk
C-112399 PartyA_128 PartyB_239,LowRisk
C-107838 PartyA_287 PartyB_80,MediumRisk
C-104568 PartyA_151 PartyB_111,MediumRisk
C-106963 PartyA_278 PartyB_179,MediumRisk
C-111226 PartyA_204 PartyB_150,HighRisk
C-115665 PartyA_78 PartyB_89,MediumRisk
C-112934 PartyA_36 PartyB_182,MediumRisk
C-116933 PartyA_75 PartyB_83,LowRisk
C-113769 PartyA_86 PartyB_122,MediumRisk
C-116672 PartyA_199 PartyB_3,MediumRisk
C-124082 PartyA_181 PartyB_182,HighRisk
C-113492 PartyA_104 PartyB_183,HighRisk
C-112002 PartyA_205 PartyB_256,LowRisk
C-104332 PartyA_104 PartyB_98,HighRisk
C-117620 PartyA_19 PartyB_59,MediumRisk
C-105279 PartyA_257 PartyB_242,MediumRisk
C-120933 PartyA_92 PartyB_160,MediumRisk
C-111678 PartyA_191 PartyB_199,MediumRisk
C-119104 PartyA_140 PartyB_107,HighRisk
C-120974 PartyA_22 PartyB_31,MediumRisk
C-109434 PartyA_174 PartyB_173,MediumRisk
C-103614 PartyA_283 PartyB_270,MediumRisk
C-112985 PartyA_5 PartyB_100,MediumRisk
C-102108 PartyA_120 PartyB_110,HighRisk
C-114409 PartyA_17 PartyB_108,MediumRisk
C-117253 PartyA_234 PartyB_117,HighRisk
C-110778 PartyA_246 PartyB_195,LowRisk
C-112082 PartyA_156 PartyB_236,MediumRisk
C-107773 PartyA_238 PartyB_112,MediumRisk
C-120641 PartyA_221 PartyB_255,HighRisk
C-113787 PartyA_66 PartyB_35,MediumRisk
C-112888 PartyA_5 PartyB_146,HighRisk
C-113693 PartyA_247 PartyB_256,HighRisk
C-106032 PartyA_188 PartyB_239,LowRisk
C-105323 PartyA_185 PartyB_6,MediumRisk
C-121456 PartyA_176 PartyB_221,MediumRisk
C-116612 PartyA_28 PartyB_234,HighRisk
C-111351 PartyA_238 PartyB_217,LowRisk
C-104183 PartyA_262 PartyB_273,MediumRisk
C-116591 PartyA_296 PartyB_132,HighRisk
C-123213 PartyA_196 PartyB_79,MediumRisk
C-115439 PartyA_278 PartyB_91,HighRisk
C-123484 PartyA_268 PartyB_169,MediumRisk
C-118756 PartyA_15 PartyB_159,MediumRisk
C-100636 PartyA_29 PartyB_264,MediumRisk
C-108983 PartyA_123 PartyB_202,MediumRisk
C-112517 PartyA_143 PartyB_234,MediumRisk
C-103219 PartyA_220 PartyB_295,MediumRisk
C-100246 PartyA_212 PartyB_199,MediumRisk
C-106282 PartyA_54 PartyB_150,MediumRisk
C-118572 PartyA_62 PartyB_239,MediumRisk
C-118660 PartyA_232 PartyB_192,HighRisk
C-124917 PartyA_278 PartyB_215,MediumRisk
C-101193 PartyA_68 PartyB_43,HighRisk
C-100045 PartyA_3 PartyB_55,HighRisk
C-122798 PartyA_215 PartyB_18,MediumRisk
C-122117 PartyA_112 PartyB_91,MediumRisk
C-100976 PartyA_45 PartyB_121,HighRisk
C-113251 PartyA_150 PartyB_239,MediumRisk
C-118288 PartyA_213 PartyB_103,MediumRisk
C-113866 PartyA_175 PartyB_78,HighRisk
C-106786 PartyA_114 PartyB_53,MediumRisk
C-115532 PartyA_29 PartyB_73,LowRisk
C-102963 PartyA_223 PartyB_195,MediumRisk
C-105563 PartyA_201 PartyB_215,MediumRisk
C-119849 PartyA_274 PartyB_201,MediumRisk
C-109776 PartyA_258 PartyB_58,HighRisk
C-120711 PartyA_134 PartyB_279,MediumRisk
C-121893 PartyA_72 PartyB_230,MediumRisk
C-104515 PartyA_98 PartyB_11,MediumRisk
C-109581 PartyA_205 PartyB_136,MediumRisk
C-114267 PartyA_235 PartyB_99,LowRisk
C-122975 PartyA_43 PartyB_118,HighRisk
C-101975 PartyA_52 PartyB_128,HighRisk
C-112104 PartyA_256 PartyB_127,MediumRisk
C-105121 PartyA_26 PartyB_290,MediumRisk
C-120249 PartyA_16 PartyB_42,MediumRisk
C-118563 PartyA_121 PartyB_215,MediumRisk
C-112603 PartyA_156 PartyB_50,MediumRisk
C-123186 PartyA_158 PartyB_8,MediumRisk
C-117624 PartyA_176 PartyB_107,HighRisk
C-111906 PartyA_38 PartyB_209,HighRisk
C-106889 PartyA_92 PartyB_198,MediumRisk
C-120418 PartyA_227 PartyB_234,HighRisk
C-122476 PartyA_134 PartyB_285,MediumRisk
C-115569 PartyA_167 PartyB_42,MediumRisk
C-111032 PartyA_135 PartyB_236,MediumRisk
C-107616 PartyA_41 PartyB_175,LowRisk
C-105720 PartyA_178 PartyB_46,MediumRisk
C-120861 PartyA_98 PartyB_96,HighRisk
C-110239 PartyA_50 PartyB_182,MediumRisk
C-101751 PartyA_82 PartyB_4,MediumRisk
C-114404 PartyA_299 PartyB_209,HighRisk
C-119228 PartyA_142 PartyB_194,HighRisk
C-114912 PartyA_102 PartyB_156,MediumRisk
C-124506 PartyA_86 PartyB_125,HighRisk
C-100432 PartyA_108 PartyB_83,MediumRisk
C-111591 PartyA_166 PartyB_160,HighRisk
C-105167 PartyA_78 PartyB_186,HighRisk
C-107600 PartyA_290 PartyB_59,MediumRisk
C-118781 PartyA_61 PartyB_60,MediumRisk
C-123606 PartyA_255 PartyB_275,LowRisk
C-101832 PartyA_281 PartyB_43,MediumRisk
C-112670 PartyA_8 PartyB_269,MediumRisk
C-116904 PartyA_274 PartyB_176,HighRisk
C-109632 PartyA_273 PartyB_35,MediumRisk
C-118484 PartyA_45 PartyB_157,MediumRisk
C-121163 PartyA_207 PartyB_4,MediumRisk
C-118325 PartyA_36 PartyB_210,MediumRisk
C-110264 PartyA_192 PartyB_129,HighRisk
C-100037 PartyA_15 PartyB_60,HighRisk
C-116320 PartyA_112 PartyB_81,HighRisk
C-108768 PartyA_136 PartyB_268,MediumRisk
C-119667 PartyA_115 PartyB_172,MediumRisk
C-106203 PartyA_8 PartyB_240,LowRisk
C-103988 PartyA_96 PartyB_212,MediumRisk
C-122171 PartyA_215 PartyB_204,HighRisk
C-116551 PartyA_270 PartyB_297,MediumRisk
C-104593 PartyA_162 PartyB_69,LowRisk
C-100713 PartyA_95 PartyB_228,MediumRisk
C-100559 PartyA_269 PartyB_159,MediumRisk
C-120057 PartyA_17 PartyB_132,MediumRisk
C-113254 PartyA_227 PartyB_126,HighRisk
C-113375 PartyA_130 PartyB_147,MediumRisk
C-118549 PartyA_68 PartyB_16,HighRisk
C-102335 PartyA_105 PartyB_122,HighRisk
C-113091 PartyA_86 PartyB_123,HighRisk
C-115868 PartyA_94 PartyB_167,MediumRisk
C-112612 PartyA_219 PartyB_242,MediumRisk
C-118080 PartyA_151 PartyB_98,MediumRisk
C-113742 PartyA_190 PartyB_186,HighRisk
C-108831 PartyA_86 PartyB_37,HighRisk
C-120636 PartyA_186 PartyB_125,HighRisk
C-106131 PartyA_140 PartyB_159,LowRisk
C-109073 PartyA_197 PartyB_199,MediumRisk
C-107002 PartyA_286 PartyB_274,MediumRisk
C-119908 PartyA_51 PartyB_148,HighRisk
C-113092 PartyA_97 PartyB_19,HighRisk
C-119801 PartyA_16 PartyB_89,MediumRisk
C-108759 PartyA_120 PartyB_156,MediumRisk
C-120253 PartyA_191 PartyB_211,MediumRisk
C-124113 PartyA_250 PartyB_37,MediumRisk
C-110437 PartyA_42 PartyB_1,HighRisk
C-123037 PartyA_40 PartyB_91,MediumRisk
C-112672 PartyA_43 PartyB_20,LowRisk
C-112357 PartyA_135 PartyB_181,MediumRisk
C-102506 PartyA_195 PartyB_63,LowRisk
C-108330 PartyA_247 PartyB_27,MediumRisk
C-107432 PartyA_49 PartyB_82,MediumRisk
C-112428 PartyA_242 PartyB_260,LowRisk
C-119007 PartyA_274 PartyB_32,HighRisk
C-108431 PartyA_70 PartyB_54,LowRisk
C-113017 PartyA_242 PartyB_102,MediumRisk
C-102670 PartyA_258 PartyB_251,MediumRisk
C-113879 PartyA_274 PartyB_51,MediumRisk
C-103747 PartyA_137 PartyB_70,MediumRisk
C-111600 PartyA_56 PartyB_149,MediumRisk
C-101597 PartyA_108 PartyB_48,MediumRisk
C-119641 PartyA_59 PartyB_69,MediumRisk
C-113385 PartyA_160 PartyB_108,LowRisk
C-104490 PartyA_250 PartyB_193,MediumRisk
C-114293 PartyA_229 PartyB_287,MediumRisk
C-123681 PartyA_120 PartyB_160,MediumRisk
C-114641 PartyA_235 PartyB_71,MediumRisk
C-115846 PartyA_80 PartyB_117,MediumRisk
C-114080 PartyA_180 PartyB_271,MediumRisk
C-115650 PartyA_102 PartyB_2,MediumRisk
C-109372 PartyA_131 PartyB_151,MediumRisk
C-124460 PartyA_13 PartyB_212,MediumRisk
C-106007 PartyA_244 PartyB_8,MediumRisk
C-121434 PartyA_51 PartyB_68,MediumRisk
C-104302 PartyA_235 PartyB_32,HighRisk
C-103006 PartyA_111 PartyB_291,MediumRisk
C-117952 PartyA_62 PartyB_282,MediumRisk
C-108282 PartyA_78 PartyB_179,MediumRisk
C-120403 PartyA_7 PartyB_227,HighRisk
C-113285 PartyA_209 PartyB_268,MediumRisk
C-123889 PartyA_295 PartyB_2,MediumRisk
C-101690 PartyA_141 PartyB_195,MediumRisk
C-116582 PartyA_91 PartyB_33,MediumRisk
C-100625 PartyA_103 PartyB_193,MediumRisk
C-107523 PartyA_267 PartyB_116,MediumRisk
C-105830 PartyA_112 PartyB_162,LowRisk
C-124845 PartyA_16 PartyB_202,HighRisk
C-117712 PartyA_294 PartyB_102,HighRisk
C-101741 PartyA_271 PartyB_225,MediumRisk
C-101559 PartyA_2 PartyB_123,MediumRisk
C-113313 PartyA_97 PartyB_67,MediumRisk
C-105006 PartyA_174 PartyB_52,MediumRisk
C-113528 PartyA_136 PartyB_232,LowRisk
C-118740 PartyA_6 PartyB_298,LowRisk
C-102829 PartyA_234 PartyB_248,MediumRisk
C-118878 PartyA_226 PartyB_54,MediumRisk
C-123984 PartyA_230 PartyB_114,MediumRisk
C-119814 PartyA_115 PartyB_286,HighRisk
C-102107 PartyA_107 PartyB_258,MediumRisk
C-121117 PartyA_275 PartyB_229,MediumRisk
C-114878 PartyA_283 PartyB_98,MediumRisk
C-116561 PartyA_22 PartyB_188,HighRisk
C-122519 PartyA_199 PartyB_206,MediumRisk
C-122316 PartyA_149 PartyB_295,HighRisk
C-122504 PartyA_239 PartyB_237,MediumRisk
C-111878 PartyA_232 PartyB_10,MediumRisk
C-124684 PartyA_31 PartyB_113,MediumRisk
C-114240 PartyA_182 PartyB_91,MediumRisk
C-110447 PartyA_107 PartyB_153,MediumRisk
C-112561 PartyA_121 PartyB_125,MediumRisk
C-118462 PartyA_127 PartyB_50,HighRisk
C-113936 PartyA_243 PartyB_203,MediumRisk
C-107939 PartyA_137 PartyB_45,HighRisk
C-116141 PartyA_107 PartyB_44,MediumRisk
C-113532 PartyA_213 PartyB_291,HighRisk
C-108027 PartyA_151 PartyB_164,MediumRisk
C-103413 PartyA_176 PartyB_16,MediumRisk
C-118834 PartyA_87 PartyB_260,MediumRisk
C-115844 PartyA_200 PartyB_150,MediumRisk
C-118418 PartyA_249 PartyB_297,HighRisk
C-100906 PartyA_77 PartyB_207,MediumRisk
C-109228 PartyA_43 PartyB_136,MediumRisk
C-111885 PartyA_242 PartyB_77,MediumRisk
C-122486 PartyA_138 PartyB_17,MediumRisk
C-100760 PartyA_63 PartyB_104,MediumRisk
C-103118 PartyA_43 PartyB_208,MediumRisk
C-100986 PartyA_40 PartyB_186,MediumRisk
C-112614 PartyA_234 PartyB_34,MediumRisk
C-110483 PartyA_258 PartyB_288,MediumRisk
C-107952 PartyA_286 PartyB_96,MediumRisk
C-116139 PartyA_67 PartyB_70,LowRisk
C-100324 PartyA_31 PartyB_12,LowRisk
C-122961 PartyA_170 PartyB_114,MediumRisk
C-123282 PartyA_198 PartyB_107,LowRisk
C-114179 PartyA_296 PartyB_295,HighRisk
C-119547 PartyA_10 PartyB_84,MediumRisk
C-121906 PartyA_283 PartyB_247,MediumRisk
C-110245 PartyA_160 PartyB_86,MediumRisk
C-100295 PartyA_6 PartyB_84,HighRisk
C-115468 PartyA_206 PartyB_294,HighRisk
C-116477 PartyA_116 PartyB_166,HighRisk
C-116903 PartyA_113 PartyB_286,HighRisk
C-123761 PartyA_82 PartyB_286,MediumRisk
C-113793 PartyA_266 PartyB_16,MediumRisk
C-111735 PartyA_133 PartyB_252,HighRisk
C-113030 PartyA_218 PartyB_235,MediumRisk
C-101785 PartyA_209 PartyB_141,HighRisk
C-114003 PartyA_38 PartyB_124,HighRisk
C-104382 PartyA_38 PartyB_52,HighRisk
C-102258 PartyA_106 PartyB_102,MediumRisk
C-105318 PartyA_27 PartyB_287,MediumRisk
C-105854 PartyA_278 PartyB_135,MediumRisk
C-119536 PartyA_137 PartyB_285,MediumRisk
C-109476 PartyA_83 PartyB_249,HighRisk
C-117990 PartyA_88 PartyB_13,MediumRisk
C-109554 PartyA_133 PartyB_274,HighRisk
C-118366 PartyA_41 PartyB_9,MediumRisk
C-109904 PartyA_113 PartyB_135,MediumRisk
C-122776 PartyA_111 PartyB_180,MediumRisk
C-105733 PartyA_110 PartyB_131,HighRisk
C-105769 PartyA_286 PartyB_268,MediumRisk
C-112646 PartyA_190 PartyB_141,MediumRisk
C-115321 PartyA_195 PartyB_31,MediumRisk
C-124938 PartyA_200 PartyB_270,LowRisk
C-123442 PartyA_108 PartyB_219,HighRisk
C-115698 PartyA_232 PartyB_163,MediumRisk
C-113425 PartyA_133 PartyB_251,HighRisk
C-108741 PartyA_117 PartyB_255,MediumRisk
C-116480 PartyA_125 PartyB_128,LowRisk
C-108462 PartyA_249 PartyB_130,MediumRisk
C-107986 PartyA_158 PartyB_293,MediumRisk
C-115012 PartyA_217 PartyB_209,HighRisk
C-113096 PartyA_37 PartyB_143,LowRisk
C-121855 PartyA_164 PartyB_76,HighRisk
C-103574 PartyA_86 PartyB_238,MediumRisk
C-115234 PartyA_63 PartyB_15,HighRisk
C-124290 PartyA_293 PartyB_81,MediumRisk
C-107407 PartyA_68 PartyB_237,MediumRisk
C-105308 PartyA_284 PartyB_194,HighRisk
C-112544 PartyA_29 PartyB_126,HighRisk
C-120001 PartyA_152 PartyB_289,MediumRisk
C-107313 PartyA_109 PartyB_197,HighRisk
C-102648 PartyA_240 PartyB_229,MediumRisk
C-102586 PartyA_188 PartyB_265,MediumRisk
C-115458 PartyA_95 PartyB_239,HighRisk
C-108903 PartyA_159 PartyB_229,MediumRisk
C-123551 PartyA_204 PartyB_181,LowRisk
C-119441 PartyA_150 PartyB_137,MediumRisk
C-106576 PartyA_62 PartyB_156,MediumRisk
C-103160 PartyA_143 PartyB_264,HighRisk
C-114328 PartyA_56 PartyB_236,HighRisk
C-111009 PartyA_213 PartyB_233,MediumRisk
C-103182 PartyA_149 PartyB_66,HighRisk
C-114658 PartyA_299 PartyB_177,MediumRisk
C-105086 PartyA_241 PartyB_106,HighRisk
C-111672 PartyA_214 PartyB_35,HighRisk
C-102377 PartyA_254 PartyB_139,HighRisk
C-104803 PartyA_182 PartyB_11,MediumRisk
C-118761 PartyA_38 PartyB_286,MediumRisk
C-104218 PartyA_215 PartyB_248,MediumRisk
C-105692 PartyA_291 PartyB_181,HighRisk
C-117738 PartyA_125 PartyB_258,MediumRisk
C-115403 PartyA_63 PartyB_63,MediumRisk
C-124009 PartyA_140 PartyB_255,HighRisk
C-105392 PartyA_174 PartyB_71,MediumRisk
C-109116 PartyA_248 PartyB_28,HighRisk
C-114313 PartyA_179 PartyB_287,MediumRisk
C-116647 PartyA_104 PartyB_119,MediumRisk
C-112779 PartyA_266 PartyB_81,MediumRisk
C-112369 PartyA_252 PartyB_5,MediumRisk
C-110615 PartyA_27 PartyB_54,MediumRisk
C-111501 PartyA_254 PartyB_103,HighRisk
C-109371 PartyA_277 PartyB_102,HighRisk
C-123823 PartyA_77 PartyB_211,HighRisk
C-119074 PartyA_296 PartyB_86,MediumRisk
C-113591 PartyA_280 PartyB_152,MediumRisk
C-107378 PartyA_106 PartyB_102,HighRisk
C-119140 PartyA_257 PartyB_187,MediumRisk
C-101754 PartyA_2 PartyB_57,LowRisk
C-122621 PartyA_78 PartyB_166,LowRisk
C-108978 PartyA_119 PartyB_75,HighRisk
C-109266 PartyA_93 PartyB_248,MediumRisk
C-109291 PartyA_112 PartyB_198,HighRisk
C-110538 PartyA_10 PartyB_268,MediumRisk
C-123549 PartyA_103 PartyB_27,HighRisk
C-105372 PartyA_220 PartyB_21,MediumRisk
C-101879 PartyA_37 PartyB_18,MediumRisk
C-115545 PartyA_33 PartyB_102,HighRisk
C-122333 PartyA_158 PartyB_87,MediumRisk
C-101613 PartyA_14 PartyB_13,MediumRisk
C-105829 PartyA_289 PartyB_15,MediumRisk
C-116840 PartyA_291 PartyB_295,MediumRisk
C-111959 PartyA_140 PartyB_205,MediumRisk
C-123162 PartyA_78 PartyB_65,HighRisk
C-116824 PartyA_177 PartyB_271,HighRisk
C-102015 PartyA_93 PartyB_22,MediumRisk
C-117585 PartyA_149 PartyB_128,LowRisk
C-123861 PartyA_177 PartyB_294,LowRisk
C-120830 PartyA_63 PartyB_83,MediumRisk
C-105756 PartyA_24 PartyB_179,MediumRisk
C-100603 PartyA_133 PartyB_53,HighRisk
C-105329 PartyA_129 PartyB_117,HighRisk
C-109753 PartyA_15 PartyB_244,MediumRisk
C-120635 PartyA_255 PartyB_85,MediumRisk
C-100865 PartyA_163 PartyB_21,MediumRisk
C-119100 PartyA_15 PartyB_71,MediumRisk
C-107012 PartyA_66 PartyB_200,HighRisk
C-110824 PartyA_265 PartyB_75,MediumRisk
C-100243 PartyA_138 PartyB_79,MediumRisk
C-117557 PartyA_173 PartyB_263,HighRisk
C-120189 PartyA_116 PartyB_209,MediumRisk
C-116339 PartyA_59 PartyB_262,MediumRisk
C-108298 PartyA_138 PartyB_14,MediumRisk
C-106802 PartyA_139 PartyB_73,MediumRisk
C-110829 PartyA_58 PartyB_29,LowRisk
C-114926 PartyA_76 PartyB_16,MediumRisk
C-120886 PartyA_68 PartyB_39,MediumRisk
C-123528 PartyA_74 PartyB_127,HighRisk
C-123961 PartyA_288 PartyB_163,MediumRisk
C-111220 PartyA_152 PartyB_268,MediumRisk
C-104830 PartyA_151 PartyB_173,MediumRisk
C-117691 PartyA_80 PartyB_258,MediumRisk
C-105344 PartyA_45 PartyB_185,HighRisk
C-105202 PartyA_229 PartyB_270,MediumRisk
C-122051 PartyA_291 PartyB_274,MediumRisk
C-123878 PartyA_41 PartyB_90,MediumRisk
C-123029 PartyA_218 PartyB_140,MediumRisk
C-115316 PartyA_176 PartyB_134,MediumRisk
C-120328 PartyA_57 PartyB_117,MediumRisk
C-112797 PartyA_192 PartyB_86,MediumRisk
C-118347 PartyA_93 PartyB_58,HighRisk
C-115455 PartyA_20 PartyB_95,MediumRisk
C-112151 PartyA_85 PartyB_133,LowRisk
C-114094 PartyA_88 PartyB_51,LowRisk
C-101186 PartyA_182 PartyB_160,MediumRisk
C-103960 PartyA_29 PartyB_222,HighRisk
C-113791 PartyA_46 PartyB_184,MediumRisk
C-103873 PartyA_90 PartyB_194,MediumRisk
C-100179 PartyA_205 PartyB_67,MediumRisk
C-117361 PartyA_18 PartyB_94,MediumRisk
C-114143 PartyA_253 PartyB_53,MediumRisk
C-111028 PartyA_180 PartyB_29,HighRisk
C-120824 PartyA_104 PartyB_41,MediumRisk
C-116937 PartyA_60 PartyB_137,MediumRisk
C-110370 PartyA_174 PartyB_169,HighRisk
C-104793 PartyA_125 PartyB_273,MediumRisk
C-107436 PartyA_166 PartyB_193,MediumRisk
C-117132 PartyA_31 PartyB_290,MediumRisk
C-105958 PartyA_256 PartyB_43,MediumRisk
C-114110 PartyA_30 PartyB_216,MediumRisk
C-101800 PartyA_168 PartyB_191,MediumRisk
C-124770 PartyA_11 PartyB_250,HighRisk
C-114648 PartyA_237 PartyB_79,HighRisk
C-115082 PartyA_196 PartyB_113,HighRisk
C-109449 PartyA_265 PartyB_147,MediumRisk
C-124017 PartyA_118 PartyB_264,LowRisk
C-115647 PartyA_268 PartyB_65,LowRisk
C-106038 PartyA_110 PartyB_155,MediumRisk
C-106502 PartyA_146 PartyB_86,MediumRisk
C-108221 PartyA_227 PartyB_259,MediumRisk
C-124079 PartyA_74 PartyB_99,HighRisk
C-113895 PartyA_87 PartyB_95,HighRisk
C-102801 PartyA_38 PartyB_106,HighRisk
C-123304 PartyA_187 PartyB_91,HighRisk
C-122143 PartyA_102 PartyB_167,HighRisk
C-102922 PartyA_198 PartyB_67,HighRisk
C-122187 PartyA_263 PartyB_272,HighRisk
C-107741 PartyA_230 PartyB_286,HighRisk
C-112856 PartyA_193 PartyB_192,MediumRisk
C-111248 PartyA_180 PartyB_87,LowRisk
C-108469 PartyA_38 PartyB_58,MediumRisk
C-123890 PartyA_279 PartyB_25,HighRisk
C-123108 PartyA_75 PartyB_206,MediumRisk
C-101245 PartyA_68 PartyB_151,LowRisk
C-121313 PartyA_19 PartyB_103,HighRisk
C-104537 PartyA_277 PartyB_169,HighRisk
C-122734 PartyA_154 PartyB_158,MediumRisk
C-119774 PartyA_274 PartyB_224,MediumRisk
C-104053 PartyA_39 PartyB_177,LowRisk
C-105931 PartyA_99 PartyB_146,MediumRisk
C-103239 PartyA_140 PartyB_259,HighRisk
C-112604 PartyA_17 PartyB_14,MediumRisk
C-100108 PartyA_186 PartyB_51,HighRisk
C-118790 PartyA_290 PartyB_42,HighRisk
C-108283 PartyA_246 PartyB_288,MediumRisk
C-122564 PartyA_196 PartyB_120,MediumRisk
C-117547 PartyA_220 PartyB_82,MediumRisk
C-122599 PartyA_149 PartyB_52,LowRisk
C-114728 PartyA_293 PartyB_150,HighRisk
C-121711 PartyA_297 PartyB_256,HighRisk
C-115171 PartyA_255 PartyB_243,MediumRisk
C-122159 PartyA_84 PartyB_221,MediumRisk
C-111319 PartyA_53 PartyB_130,LowRisk
C-117116 PartyA_204 PartyB_300,MediumRisk
C-121146 PartyA_245 PartyB_29,MediumRisk
C-105844 PartyA_280 PartyB_68,MediumRisk
C-103534 PartyA_102 PartyB_178,HighRisk
C-104394 PartyA_256 PartyB_271,MediumRisk
C-105873 PartyA_300 PartyB_81,MediumRisk
C-111330 PartyA_262 PartyB_194,MediumRisk
C-114966 PartyA_156 PartyB_56,LowRisk
C-123040 PartyA_266 PartyB_222,HighRisk
C-119027 PartyA_253 PartyB_143,HighRisk
C-120509 PartyA_275 PartyB_126,MediumRisk
C-120529 PartyA_239 PartyB_12,HighRisk
C-104348 PartyA_223 PartyB_70,MediumRisk
C-103567 PartyA_140 PartyB_77,MediumRisk
C-116047 PartyA_54 PartyB_212,MediumRisk
C-107433 PartyA_18 PartyB_295,MediumRisk
C-116540 PartyA_267 PartyB_163,HighRisk
C-118067 PartyA_245 PartyB_155,MediumRisk
C-109350 PartyA_199 PartyB_121,MediumRisk
C-105150 PartyA_30 PartyB_262,HighRisk
C-119574 PartyA_57 PartyB_75,MediumRisk
C-122066 PartyA_126 PartyB_27,MediumRisk
C-111317 PartyA_111 PartyB_176,LowRisk
C-110057 PartyA_105 PartyB_48,MediumRisk
C-105494 PartyA_173 PartyB_174,MediumRisk
C-122943 PartyA_283 PartyB_51,MediumRisk
C-100973 PartyA_143 PartyB_75,MediumRisk
C-122132 PartyA_5 PartyB_55,MediumRisk
C-104299 PartyA_300 PartyB_138,MediumRisk
C-118960 PartyA_102 PartyB_237,MediumRisk
C-103653 PartyA_176 PartyB_268,HighRisk
C-105872 PartyA_44 PartyB_79,MediumRisk
C-104838 PartyA_229 PartyB_229,MediumRisk
C-122283 PartyA_198 PartyB_281,MediumRisk
C-107598 PartyA_115 PartyB_215,MediumRisk
C-107377 PartyA_285 PartyB_7,LowRisk
C-103036 PartyA_106 PartyB_107,HighRisk
C-101789 PartyA_244 PartyB_209,HighRisk
C-120033 PartyA_209 PartyB_144,MediumRisk
C-121629 PartyA_134 PartyB_94,LowRisk
C-113739 PartyA_35 PartyB_51,MediumRisk
C-113662 PartyA_31 PartyB_91,MediumRisk
C-103088 PartyA_296 PartyB_32,HighRisk
C-106720 PartyA_83 PartyB_237,MediumRisk
C-107195 PartyA_73 PartyB_190,MediumRisk
C-109267 PartyA_114 PartyB_75,HighRisk
C-112872 PartyA_177 PartyB_51,MediumRisk
C-119517 PartyA_262 PartyB_96,MediumRisk
C-114746 PartyA_221 PartyB_267,HighRisk
C-107464 PartyA_232 PartyB_200,HighRisk
C-102825 PartyA_228 PartyB_79,MediumRisk
C-109230 PartyA_241 PartyB_251,HighRisk
C-121373 PartyA_92 PartyB_145,HighRisk
C-106330 PartyA_172 PartyB_48,MediumRisk
C-100010 PartyA_196 PartyB_240,MediumRisk
C-110839 PartyA_238 PartyB_202,MediumRisk
C-105868 PartyA_133 PartyB_256,HighRisk
C-108855 PartyA_113 PartyB_212,MediumRisk
C-101426 PartyA_142 PartyB_102,MediumRisk
C-122509 PartyA_41 PartyB_166,MediumRisk
C-111457 PartyA_295 PartyB_112,MediumRisk
C-122226 PartyA_185 PartyB_241,HighRisk
C-124142 PartyA_157 PartyB_127,MediumRisk
C-104814 PartyA_88 PartyB_30,MediumRisk
C-118766 PartyA_284 PartyB_7,MediumRisk
C-120089 PartyA_26 PartyB_223,HighRisk
C-109407 PartyA_246 PartyB_160,LowRisk
C-117628 PartyA_194 PartyB_126,MediumRisk
C-115462 PartyA_272 PartyB_149,MediumRisk
C-120884 PartyA_8 PartyB_208,MediumRisk
C-110585 PartyA_20 PartyB_231,HighRisk
C-102784 PartyA_43 PartyB_171,HighRisk
C-113023 PartyA_158 PartyB_204,HighRisk
C-123872 PartyA_169 PartyB_273,HighRisk
C-117593 PartyA_210 PartyB_42,HighRisk
C-108515 PartyA_110 PartyB_143,MediumRisk
C-101344 PartyA_100 PartyB_128,HighRisk
C-123033 PartyA_153 PartyB_208,HighRisk
C-112649 PartyA_156 PartyB_49,MediumRisk
C-100372 PartyA_195 PartyB_64,LowRisk
C-115806 PartyA_179 PartyB_46,MediumRisk
C-100909 PartyA_197 PartyB_248,HighRisk
C-114915 PartyA_220 PartyB_117,MediumRisk
C-111798 PartyA_18 PartyB_198,HighRisk
C-120396 PartyA_30 PartyB_186,MediumRisk
C-103399 PartyA_29 PartyB_178,HighRisk
C-100496 PartyA_268 PartyB_35,MediumRisk
C-119672 PartyA_85 PartyB_14,MediumRisk
C-119770 PartyA_276 PartyB_201,HighRisk
C-121034 PartyA_281 PartyB_201,MediumRisk
C-120762 PartyA_263 PartyB_167,HighRisk
C-117757 PartyA_85 PartyB_191,MediumRisk
C-115777 PartyA_168 PartyB_118,LowRisk
C-112359 PartyA_83 PartyB_33,MediumRisk
C-111662 PartyA_232 PartyB_11,HighRisk
C-105302 PartyA_168 PartyB_34,MediumRisk
C-116110 PartyA_72 PartyB_287,MediumRisk
C-111415 PartyA_1 PartyB_113,MediumRisk
C-101244 PartyA_283 PartyB_262,MediumRisk
C-104365 PartyA_184 PartyB_18,HighRisk
C-120827 PartyA_300 PartyB_158,MediumRisk
C-101195 PartyA_214 PartyB_32,HighRisk
C-102990 PartyA_152 PartyB_258,MediumRisk
C-104953 PartyA_252 PartyB_207,LowRisk
C-123030 PartyA_151 PartyB_17,MediumRisk
C-101423 PartyA_97 PartyB_62,HighRisk
C-115704 PartyA_37 PartyB_61,MediumRisk
C-116719 PartyA_118 PartyB_8,MediumRisk
C-115705 PartyA_164 PartyB_118,MediumRisk
C-100256 PartyA_6 PartyB_51,MediumRisk
C-108205 PartyA_261 PartyB_175,MediumRisk
C-123622 PartyA_117 PartyB_1,HighRisk
C-108480 PartyA_67 PartyB_156,MediumRisk
C-106287 PartyA_200 PartyB_177,HighRisk
C-114769 PartyA_63 PartyB_134,MediumRisk
C-117322 PartyA_45 PartyB_84,MediumRisk
C-116948 PartyA_193 PartyB_23,MediumRisk
C-118912 PartyA_206 PartyB_84,MediumRisk
C-120040 PartyA_114 PartyB_283,HighRisk
C-124739 PartyA_127 PartyB_242,MediumRisk
C-115842 PartyA_209 PartyB_37,MediumRisk
C-117314 PartyA_197 PartyB_78,MediumRisk
C-123404 PartyA_36 PartyB_98,MediumRisk
C-113124 PartyA_122 PartyB_202,MediumRisk
C-122869 PartyA_95 PartyB_144,MediumRisk
C-112730 PartyA_206 PartyB_168,MediumRisk
C-112568 PartyA_281 PartyB_45,MediumRisk
C-101232 PartyA_50 PartyB_114,MediumRisk
C-117730 PartyA_275 PartyB_54,HighRisk
C-124368 PartyA_134 PartyB_257,MediumRisk
C-104784 PartyA_63 PartyB_61,MediumRisk
C-113663 PartyA_100 PartyB_95,MediumRisk
C-110867 PartyA_237 PartyB_242,MediumRisk
C-107522 PartyA_145 PartyB_4,HighRisk
C-109304 PartyA_185 PartyB_264,MediumRisk
C-115870 PartyA_114 PartyB_266,MediumRisk
C-121989 PartyA_217 PartyB_285,HighRisk
C-118744 PartyA_36 PartyB_134,HighRisk
C-121451 PartyA_151 PartyB_221,MediumRisk
C-107880 PartyA_136 PartyB_267,MediumRisk
C-122414 PartyA_209 PartyB_68,HighRisk
C-105130 PartyA_13 PartyB_18,MediumRisk
C-105912 PartyA_41 PartyB_51,MediumRisk
C-122579 PartyA_282 PartyB_144,MediumRisk
C-108459 PartyA_110 PartyB_243,LowRisk
C-114872 PartyA_111 PartyB_139,MediumRisk
C-103923 PartyA_194 PartyB_30,MediumRisk
C-113886 PartyA_69 PartyB_22,HighRisk
C-124632 PartyA_9 PartyB_231,MediumRisk
C-106127 PartyA_84 PartyB_297,MediumRisk
C-117647 PartyA_6 PartyB_193,MediumRisk
C-102653 PartyA_86 PartyB_206,HighRisk
C-116861 PartyA_257 PartyB_231,MediumRisk
C-114013 PartyA_300 PartyB_282,HighRisk
C-107819 PartyA_9 PartyB_227,MediumRisk
C-106507 PartyA_198 PartyB_135,MediumRisk
C-124325 PartyA_264 PartyB_261,HighRisk
C-121857 PartyA_236 PartyB_113,HighRisk
C-117807 PartyA_124 PartyB_21,MediumRisk
C-118447 PartyA_285 PartyB_136,MediumRisk
C-101379 PartyA_107 PartyB_208,MediumRisk
C-107689 PartyA_264 PartyB_88,MediumRisk
C-103688 PartyA_171 PartyB_62,HighRisk
C-111903 PartyA_253 PartyB_215,HighRisk
C-105874 PartyA_148 PartyB_70,HighRisk
C-117172 PartyA_272 PartyB_211,MediumRisk
C-104759 PartyA_81 PartyB_97,MediumRisk
C-104512 PartyA_218 PartyB_162,MediumRisk
C-121642 PartyA_70 PartyB_215,MediumRisk
C-123770 PartyA_42 PartyB_130,MediumRisk
C-115659 PartyA_206 PartyB_173,MediumRisk
C-114250 PartyA_88 PartyB_189,HighRisk
C-103790 PartyA_267 PartyB_92,HighRisk
C-108812 PartyA_30 PartyB_250,LowRisk
C-105799 PartyA_295 PartyB_181,MediumRisk
C-100652 PartyA_143 PartyB_101,HighRisk
C-116547 PartyA_179 PartyB_157,MediumRisk
C-124088 PartyA_222 PartyB_284,MediumRisk
C-120918 PartyA_206 PartyB_166,HighRisk
C-111665 PartyA_80 PartyB_275,MediumRisk
C-107872 PartyA_142 PartyB_257,MediumRisk
C-122720 PartyA_236 PartyB_84,HighRisk
C-116334 PartyA_145 PartyB_207,MediumRisk
C-105328 PartyA_64 PartyB_14,MediumRisk
C-107219 PartyA_247 PartyB_190,HighRisk
C-124055 PartyA_168 PartyB_8,MediumRisk
C-105938 PartyA_252 PartyB_172,MediumRisk
C-111162 PartyA_148 PartyB_210,MediumRisk
C-113211 PartyA_93 PartyB_69,MediumRisk
C-100012 PartyA_153 PartyB_260,HighRisk
C-106152 PartyA_271 PartyB_108,MediumRisk
C-111663 PartyA_85 PartyB_12,MediumRisk
C-110708 PartyA_25 PartyB_87,MediumRisk
C-102810 PartyA_217 PartyB_249,MediumRisk
C-124395 PartyA_161 PartyB_185,MediumRisk
C-121370 PartyA_223 PartyB_282,MediumRisk
C-102689 PartyA_13 PartyB_191,HighRisk
C-111161 PartyA_170 PartyB_274,MediumRisk
C-113478 PartyA_42 PartyB_85,LowRisk
C-123881 PartyA_128 PartyB_224,HighRisk
C-124991 PartyA_215 PartyB_268,HighRisk
C-112616 PartyA_223 PartyB_282,MediumRisk
C-109858 PartyA_117 PartyB_78,MediumRisk
C-114244 PartyA_138 PartyB_125,HighRisk
C-119796 PartyA_21 PartyB_2,MediumRisk
C-103229 PartyA_38 PartyB_2,MediumRisk
C-112363 PartyA_112 PartyB_276,MediumRisk
C-123228 PartyA_229 PartyB_227,MediumRisk
C-102916 PartyA_4 PartyB_49,HighRisk
C-121237 PartyA_165 PartyB_82,HighRisk
C-101506 PartyA_232 PartyB_77,MediumRisk
C-104366 PartyA_295 PartyB_157,MediumRisk
C-110588 PartyA_165 PartyB_103,HighRisk
C-119817 PartyA_25 PartyB_16,HighRisk
C-114392 PartyA_191 PartyB_175,MediumRisk
C-102130 PartyA_58 PartyB_196,HighRisk
C-111846 PartyA_168 PartyB_25,MediumRisk
C-104228 PartyA_199 PartyB_97,MediumRisk
C-101648 PartyA_271 PartyB_230,MediumRisk
C-115306 PartyA_74 PartyB_250,HighRisk
C-104890 PartyA_177 PartyB_222,HighRisk
C-115928 PartyA_119 PartyB_244,HighRisk
C-100730 PartyA_299 PartyB_3,HighRisk
C-113632 PartyA_50 PartyB_96,HighRisk
C-106766 PartyA_29 PartyB_60,HighRisk
C-119191 PartyA_55 PartyB_171,MediumRisk
C-104144 PartyA_97 PartyB_60,MediumRisk
C-108201 PartyA_138 PartyB_231,MediumRisk
C-123661 PartyA_137 PartyB_266,MediumRisk
C-117163 PartyA_274 PartyB_161,MediumRisk
C-111624 PartyA_121 PartyB_31,MediumRisk
C-114830 PartyA_40 PartyB_95,MediumRisk
C-109937 PartyA_111 PartyB_293,LowRisk
C-113603 PartyA_52 PartyB_102,MediumRisk
C-123468 PartyA_280 PartyB_47,MediumRisk
C-112597 PartyA_177 PartyB_198,LowRisk
C-105221 PartyA_241 PartyB_149,MediumRisk
C-121968 PartyA_184 PartyB_51,MediumRisk
C-102709 PartyA_258 PartyB_116,MediumRisk
C-110944 PartyA_204 PartyB_64,MediumRisk
C-105902 PartyA_73 PartyB_298,MediumRisk
C-119322 PartyA_197 PartyB_163,MediumRisk
C-114963 PartyA_70 PartyB_125,MediumRisk
C-104076 PartyA_284 PartyB_47,MediumRisk
C-123320 PartyA_79 PartyB_196,MediumRisk
C-114581 PartyA_287 PartyB_48,MediumRisk
C-123413 PartyA_4 PartyB_73,MediumRisk
C-101543 PartyA_77 PartyB_38,MediumRisk
C-112120 PartyA_230 PartyB_9,MediumRisk
C-123298 PartyA_180 PartyB_97,MediumRisk
C-103126 PartyA_114 PartyB_85,HighRisk
C-101156 PartyA_138 PartyB_260,MediumRisk
C-120265 PartyA_229 PartyB_185,MediumRisk
C-120209 PartyA_220 PartyB_289,MediumRisk
C-105985 PartyA_35 PartyB_120,MediumRisk
C-114408 PartyA_264 PartyB_5,MediumRisk
C-114893 PartyA_266 PartyB_288,MediumRisk
C-114104 PartyA_159 PartyB_81,MediumRisk
C-100032 PartyA_58 PartyB_39,MediumRisk
C-107187 PartyA_242 PartyB_26,MediumRisk
C-122706 PartyA_12 PartyB_131,HighRisk
C-122310 PartyA_252 PartyB_127,MediumRisk
C-120462 PartyA_77 PartyB_266,MediumRisk
C-124327 PartyA_262 PartyB_95,HighRisk
C-115447 PartyA_173 PartyB_43,MediumRisk
C-112213 PartyA_299 PartyB_231,HighRisk
C-109779 PartyA_212 PartyB_32,MediumRisk
C-109176 PartyA_106 PartyB_97,HighRisk
C-122230 PartyA_219 PartyB_108,MediumRisk
C-123644 PartyA_210 PartyB_61,LowRisk
C-106300 PartyA_185 PartyB_157,MediumRisk
C-101610 PartyA_174 PartyB_269,MediumRisk
C-100939 PartyA_11 PartyB_65,MediumRisk
C-113557 PartyA_241 PartyB_61,MediumRisk
C-102296 PartyA_88 PartyB_242,MediumRisk
C-104023 PartyA_154 PartyB_225,MediumRisk
C-119335 PartyA_17 PartyB_205,HighRisk
C-124337 PartyA_58 PartyB_196,MediumRisk
C-114399 PartyA_63 PartyB_255,MediumRisk
C-108749 PartyA_101 PartyB_213,LowRisk
C-100745 PartyA_185 PartyB_203,HighRisk
C-104083 PartyA_209 PartyB_287,HighRisk
C-123172 PartyA_221 PartyB_110,MediumRisk
C-111462 PartyA_188 PartyB_271,MediumRisk
C-105582 PartyA_240 PartyB_161,MediumRisk
C-102877 PartyA_63 PartyB_14,HighRisk
C-119004 PartyA_139 PartyB_133,MediumRisk
C-116225 PartyA_226 PartyB_20,MediumRisk
C-104701 PartyA_275 PartyB_16,HighRisk
C-109933 PartyA_110 PartyB_248,HighRisk
C-120370 PartyA_146 PartyB_38,HighRisk
C-113821 PartyA_267 PartyB_144,MediumRisk
C-102651 PartyA_117 PartyB_34,MediumRisk
C-121848 PartyA_274 PartyB_72,MediumRisk
C-121348 PartyA_124 PartyB_59,MediumRisk
C-105646 PartyA_218 PartyB_160,MediumRisk
C-123251 PartyA_16 PartyB_16,MediumRisk
C-111194 PartyA_211 PartyB_198,LowRisk
C-101821 PartyA_19 PartyB_54,MediumRisk
C-123299 PartyA_131 PartyB_9,MediumRisk
C-107413 PartyA_199 PartyB_169,MediumRisk
C-109522 PartyA_150 PartyB_280,HighRisk
C-122591 PartyA_28 PartyB_160,MediumRisk
C-107146 PartyA_114 PartyB_151,MediumRisk
C-100957 PartyA_1 PartyB_178,MediumRisk
C-102110 PartyA_203 PartyB_69,HighRisk
C-121319 PartyA_210 PartyB_229,MediumRisk
C-105108 PartyA_9 PartyB_287,MediumRisk
C-120245 PartyA_139 PartyB_219,MediumRisk
C-107631 PartyA_279 PartyB_11,HighRisk
C-115693 PartyA_182 PartyB_251,HighRisk
C-115375 PartyA_248 PartyB_237,HighRisk
C-112883 PartyA_110 PartyB_54,MediumRisk
C-124446 PartyA_188 PartyB_299,MediumRisk
C-122729 PartyA_287 PartyB_192,HighRisk
C-124039 PartyA_214 PartyB_148,HighRisk
C-107923 PartyA_113 PartyB_12,LowRisk
C-121440 PartyA_291 PartyB_83,MediumRisk
C-116420 PartyA_187 PartyB_285,MediumRisk
C-113535 PartyA_131 PartyB_267,MediumRisk
C-110960 PartyA_100 PartyB_155,HighRisk
C-118471 PartyA_115 PartyB_132,MediumRisk
C-108847 PartyA_278 PartyB_37,MediumRisk
C-112911 PartyA_297 PartyB_181,MediumRisk
C-122642 PartyA_150 PartyB_139,MediumRisk
C-120900 PartyA_83 PartyB_86,MediumRisk
C-118361 PartyA_24 PartyB_87,MediumRisk
C-116758 PartyA_204 PartyB_150,MediumRisk
C-116949 PartyA_32 PartyB_284,HighRisk
C-107325 PartyA_115 PartyB_7,MediumRisk
C-110391 PartyA_22 PartyB_87,MediumRisk
C-102960 PartyA_149 PartyB_230,MediumRisk
C-104640 PartyA_133 PartyB_284,MediumRisk
C-102399 PartyA_263 PartyB_211,HighRisk
C-107310 PartyA_19 PartyB_248,MediumRisk
C-107251 PartyA_122 PartyB_54,MediumRisk
C-105487 PartyA_174 PartyB_222,MediumRisk
C-123343 PartyA_199 PartyB_129,HighRisk
C-121882 PartyA_163 PartyB_84,HighRisk
C-112000 PartyA_244 PartyB_78,HighRisk
C-114024 PartyA_152 PartyB_192,MediumRisk
C-120787 PartyA_29 PartyB_74,MediumRisk
C-115052 PartyA_227 PartyB_154,HighRisk
C-116423 PartyA_87 PartyB_15,MediumRisk
C-109597 PartyA_122 PartyB_295,MediumRisk
C-120761 PartyA_53 PartyB_218,MediumRisk
C-102625 PartyA_83 PartyB_236,MediumRisk
C-123470 PartyA_18 PartyB_73,HighRisk
C-110779 PartyA_270 PartyB_69,HighRisk
C-109657 PartyA_126 PartyB_72,MediumRisk
C-111340 PartyA_94 PartyB_196,HighRisk
C-103148 PartyA_79 PartyB_23,MediumRisk
C-107024 PartyA_209 PartyB_127,MediumRisk
C-114034 PartyA_18 PartyB_231,MediumRisk
C-124987 PartyA_70 PartyB_262,MediumRisk
C-103346 PartyA_106 PartyB_175,LowRisk
C-102873 PartyA_71 PartyB_175,MediumRisk
C-115835 PartyA_162 PartyB_149,LowRisk
C-117428 PartyA_219 PartyB_119,LowRisk
C-112108 PartyA_234 PartyB_65,MediumRisk
C-108297 PartyA_53 PartyB_70,MediumRisk
C-116734 PartyA_65 PartyB_174,HighRisk
C-119525 PartyA_202 PartyB_180,MediumRisk
C-108959 PartyA_272 PartyB_92,HighRisk
C-124642 PartyA_249 PartyB_107,HighRisk
C-100076 PartyA_158 PartyB_292,HighRisk
C-116200 PartyA_277 PartyB_207,HighRisk
C-113387 PartyA_214 PartyB_90,MediumRisk
C-117892 PartyA_173 PartyB_103,HighRisk
C-119371 PartyA_65 PartyB_148,MediumRisk
C-106524 PartyA_276 PartyB_130,MediumRisk
C-112492 PartyA_120 PartyB_8,MediumRisk
C-117378 PartyA_162 PartyB_138,HighRisk
C-122402 PartyA_253 PartyB_109,MediumRisk
C-106651 PartyA_205 PartyB_272,MediumRisk
C-104947 PartyA_141 PartyB_38,LowRisk
C-118274 PartyA_202 PartyB_135,MediumRisk
C-110452 PartyA_5 PartyB_96,MediumRisk
C-116218 PartyA_224 PartyB_299,MediumRisk
C-109967 PartyA_248 PartyB_90,LowRisk
C-116430 PartyA_32 PartyB_253,MediumRisk
C-119021 PartyA_206 PartyB_63,MediumRisk
C-100093 PartyA_15 PartyB_24,MediumRisk
C-105166 PartyA_145 PartyB_157,MediumRisk
C-122920 PartyA_217 PartyB_107,HighRisk
C-124000 PartyA_293 PartyB_104,HighRisk
C-102731 PartyA_122 PartyB_132,HighRisk
C-111930 PartyA_6 PartyB_292,MediumRisk
C-107171 PartyA_285 PartyB_9,MediumRisk
C-106791 PartyA_283 PartyB_229,LowRisk
C-109139 PartyA_235 PartyB_132,MediumRisk
C-104810 PartyA_102 PartyB_54,MediumRisk
C-111373 PartyA_212 PartyB_228,MediumRisk
C-116970 PartyA_173 PartyB_89,MediumRisk
C-124907 PartyA_239 PartyB_294,LowRisk
C-102338 PartyA_103 PartyB_75,MediumRisk
C-122852 PartyA_155 PartyB_166,MediumRisk
C-124136 PartyA_66 PartyB_35,MediumRisk
C-106111 PartyA_117 PartyB_94,MediumRisk
C-107844 PartyA_249 PartyB_157,MediumRisk
C-118102 PartyA_276 PartyB_299,HighRisk
C-101885 PartyA_113 PartyB_114,MediumRisk
C-121901 PartyA_269 PartyB_99,MediumRisk
C-117037 PartyA_282 PartyB_251,MediumRisk
C-112786 PartyA_91 PartyB_251,MediumRisk
C-105773 PartyA_261 PartyB_13,MediumRisk
C-116331 PartyA_40 PartyB_120,HighRisk
C-104323 PartyA_153 PartyB_45,HighRisk
C-113776 PartyA_200 PartyB_278,MediumRisk
C-113141 PartyA_215 PartyB_284,MediumRisk
C-108190 PartyA_148 PartyB_298,LowRisk
C-101259 PartyA_104 PartyB_187,HighRisk
C-124493 PartyA_230 PartyB_146,LowRisk
C-100002 PartyA_111 PartyB_173,HighRisk
C-116909 PartyA_292 PartyB_244,HighRisk
C-105255 PartyA_193 PartyB_91,MediumRisk
C-116091 PartyA_180 PartyB_162,MediumRisk
C-102759 PartyA_182 PartyB_42,LowRisk
C-118092 PartyA_198 PartyB_251,MediumRisk
C-118137 PartyA_256 PartyB_9,HighRisk
C-112222 PartyA_258 PartyB_14,MediumRisk
C-111544 PartyA_232 PartyB_272,MediumRisk
C-109629 PartyA_179 PartyB_252,HighRisk
C-109425 PartyA_253 PartyB_7,MediumRisk
C-111391 PartyA_149 PartyB_300,MediumRisk
C-123004 PartyA_125 PartyB_87,MediumRisk
C-107849 PartyA_250 PartyB_185,MediumRisk
C-103175 PartyA_263 PartyB_281,MediumRisk
C-110041 PartyA_64 PartyB_83,MediumRisk
C-119239 PartyA_211 PartyB_61,MediumRisk
C-115669 PartyA_86 PartyB_253,MediumRisk
C-116304 PartyA_64 PartyB_252,MediumRisk
C-102465 PartyA_172 PartyB_10,MediumRisk
C-101293 PartyA_47 PartyB_260,HighRisk
C-114574 PartyA_271 PartyB_62,HighRisk
C-114355 PartyA_228 PartyB_145,MediumRisk
C-105393 PartyA_111 PartyB_169,HighRisk
C-105404 PartyA_171 PartyB_86,MediumRisk
C-114274 PartyA_238 PartyB_127,MediumRisk
C-122850 PartyA_214 PartyB_85,MediumRisk
C-115612 PartyA_298 PartyB_236,MediumRisk
C-117651 PartyA_67 PartyB_131,MediumRisk
C-108641 PartyA_96 PartyB_271,MediumRisk
C-107842 PartyA_151 PartyB_133,HighRisk
C-102511 PartyA_55 PartyB_175,MediumRisk
C-115248 PartyA_225 PartyB_36,MediumRisk
C-123659 PartyA_140 PartyB_80,MediumRisk
C-116864 PartyA_167 PartyB_49,HighRisk
C-103621 PartyA_218 PartyB_194,HighRisk
C-102317 PartyA_219 PartyB_220,MediumRisk
C-113130 PartyA_73 PartyB_278,MediumRisk
C-107086 PartyA_61 PartyB_216,HighRisk
C-102185 PartyA_203 PartyB_96,HighRisk
C-104477 PartyA_126 PartyB_19,MediumRisk
C-110082 PartyA_176 PartyB_274,LowRisk
C-101155 PartyA_178 PartyB_204,LowRisk
C-102486 PartyA_141 PartyB_275,MediumRisk
C-100329 PartyA_6 PartyB_136,MediumRisk
C-120220 PartyA_106 PartyB_133,HighRisk
C-109920 PartyA_88 PartyB_152,MediumRisk
C-124205 PartyA_74 PartyB_210,MediumRisk
C-123362 PartyA_118 PartyB_126,MediumRisk
C-103227 PartyA_213 PartyB_167,HighRisk
C-106521 PartyA_75 PartyB_79,MediumRisk
C-115015 PartyA_155 PartyB_161,HighRisk
C-102997 PartyA_32 PartyB_144,MediumRisk
C-121337 PartyA_15 PartyB_143,MediumRisk
C-113541 PartyA_45 PartyB_254,MediumRisk
C-119959 PartyA_235 PartyB_292,MediumRisk
C-103183 PartyA_115 PartyB_21,LowRisk
C-104392 PartyA_294 PartyB_117,MediumRisk
C-118829 PartyA_136 PartyB_42,LowRisk
C-121071 PartyA_259 PartyB_236,MediumRisk
C-110721 PartyA_208 PartyB_186,HighRisk
C-119829 PartyA_256 PartyB_17,MediumRisk
C-102463 PartyA_74 PartyB_220,MediumRisk
C-110324 PartyA_190 PartyB_99,MediumRisk
C-102846 PartyA_197 PartyB_236,MediumRisk
C-121084 PartyA_285 PartyB_275,MediumRisk
C-108872 PartyA_103 PartyB_182,MediumRisk
C-107586 PartyA_263 PartyB_192,MediumRisk
C-109804 PartyA_128 PartyB_198,MediumRisk
C-121331 PartyA_266 PartyB_17,MediumRisk
C-115944 PartyA_170 PartyB_186,MediumRisk
C-102191 PartyA_162 PartyB_118,MediumRisk
C-109921 PartyA_5 PartyB_166,MediumRisk
C-108001 PartyA_34 PartyB_196,HighRisk
C-118479 PartyA_208 PartyB_72,HighRisk
C-106668 PartyA_201 PartyB_236,HighRisk
C-113358 PartyA_54 PartyB_73,HighRisk
C-102070 PartyA_216 PartyB_43,HighRisk
C-108163 PartyA_51 PartyB_251,LowRisk
C-120899 PartyA_81 PartyB_20,MediumRisk
C-107593 PartyA_17 PartyB_234,HighRisk
C-123476 PartyA_147 PartyB_36,MediumRisk
C-106302 PartyA_189 PartyB_267,HighRisk
C-112818 PartyA_168 PartyB_144,MediumRisk
C-103416 PartyA_187 PartyB_173,MediumRisk
C-105909 PartyA_154 PartyB_199,MediumRisk
C-116495 PartyA_105 PartyB_158,MediumRisk
C-124736 PartyA_15 PartyB_266,MediumRisk
C-119464 PartyA_207 PartyB_138,MediumRisk
C-117278 PartyA_45 PartyB_283,HighRisk
C-107320 PartyA_67 PartyB_38,MediumRisk
C-114142 PartyA_147 PartyB_271,MediumRisk
C-118600 PartyA_278 PartyB_32,MediumRisk
C-105298 PartyA_73 PartyB_298,HighRisk
C-118015 PartyA_16 PartyB_77,HighRisk
C-104240 PartyA_295 PartyB_60,MediumRisk
C-121380 PartyA_42 PartyB_48,MediumRisk
C-113934 PartyA_282 PartyB_174,HighRisk
C-116205 PartyA_118 PartyB_225,MediumRisk
C-107612 PartyA_37 PartyB_211,MediumRisk
C-109769 PartyA_192 PartyB_88,LowRisk
C-124045 PartyA_267 PartyB_50,HighRisk
C-110141 PartyA_148 PartyB_13,MediumRisk
C-121553 PartyA_240 PartyB_298,HighRisk
C-102889 PartyA_175 PartyB_237,MediumRisk
C-119009 PartyA_198 PartyB_153,MediumRisk
C-100788 PartyA_193 PartyB_62,MediumRisk
C-116844 PartyA_197 PartyB_1,HighRisk
C-118998 PartyA_131 PartyB_261,HighRisk
C-116795 PartyA_243 PartyB_102,MediumRisk
C-113636 PartyA_143 PartyB_24,MediumRisk
C-103401 PartyA_192 PartyB_44,MediumRisk
C-120084 PartyA_50 PartyB_10,MediumRisk
C-103377 PartyA_137 PartyB_202,MediumRisk
C-119777 PartyA_86 PartyB_75,HighRisk
C-100583 PartyA_280 PartyB_296,HighRisk
C-109972 PartyA_54 PartyB_138,MediumRisk
C-116552 PartyA_173 PartyB_222,MediumRisk
C-117433 PartyA_227 PartyB_36,MediumRisk
C-115197 PartyA_287 PartyB_211,HighRisk
C-113897 PartyA_7 PartyB_260,HighRisk
C-122794 PartyA_89 PartyB_66,MediumRisk
C-100801 PartyA_4 PartyB_101,HighRisk
C-118528 PartyA_274 PartyB_10,MediumRisk
C-109173 PartyA_100 PartyB_79,MediumRisk
C-111650 PartyA_88 PartyB_240,MediumRisk
C-105173 PartyA_79 PartyB_2,HighRisk
C-106499 PartyA_193 PartyB_47,MediumRisk
C-121482 PartyA_88 PartyB_35,MediumRisk
C-116256 PartyA_273 PartyB_273,MediumRisk
C-118887 PartyA_92 PartyB_253,LowRisk
C-112847 PartyA_89 PartyB_238,HighRisk
C-107709 PartyA_190 PartyB_9,MediumRisk
C-106853 PartyA_5 PartyB_38,HighRisk
C-102756 PartyA_254 PartyB_136,MediumRisk
C-106458 PartyA_87 PartyB_120,MediumRisk
C-124913 PartyA_16 PartyB_76,MediumRisk
C-114855 PartyA_166 PartyB_271,LowRisk
C-112809 PartyA_160 PartyB_265,MediumRisk
C-114792 PartyA_88 PartyB_133,MediumRisk
C-113806 PartyA_183 PartyB_82,LowRisk
C-106942 PartyA_219 PartyB_232,MediumRisk
C-123898 PartyA_149 PartyB_125,MediumRisk
C-102170 PartyA_116 PartyB_173,LowRisk
C-122225 PartyA_238 PartyB_126,LowRisk
C-105087 PartyA_245 PartyB_184,HighRisk
C-112059 PartyA_262 PartyB_43,MediumRisk
C-119703 PartyA_258 PartyB_40,MediumRisk
C-108077 PartyA_225 PartyB_42,MediumRisk
C-116746 PartyA_196 PartyB_30,HighRisk
C-119716 PartyA_167 PartyB_217,HighRisk
C-105615 PartyA_214 PartyB_73,MediumRisk
C-113846 PartyA_24 PartyB_189,MediumRisk
C-110974 PartyA_126 PartyB_93,HighRisk
C-124247 PartyA_234 PartyB_50,MediumRisk
C-116112 PartyA_16 PartyB_51,MediumRisk
C-117211 PartyA_291 PartyB_286,MediumRisk
C-113444 PartyA_201 PartyB_187,HighRisk
C-113824 PartyA_179 PartyB_197,HighRisk
C-113376 PartyA_227 PartyB_53,MediumRisk
C-110067 PartyA_258 PartyB_36,MediumRisk
C-109481 PartyA_126 PartyB_114,MediumRisk
C-102401 PartyA_244 PartyB_249,MediumRisk
C-108111 PartyA_134 PartyB_155,MediumRisk
C-112397 PartyA_192 PartyB_82,MediumRisk
C-117936 PartyA_177 PartyB_153,HighRisk
C-115702 PartyA_270 PartyB_242,HighRisk
C-111139 PartyA_98 PartyB_60,MediumRisk
C-101702 PartyA_85 PartyB_25,MediumRisk
C-105641 PartyA_40 PartyB_275,HighRisk
C-120299 PartyA_113 PartyB_1,MediumRisk
C-101124 PartyA_59 PartyB_20,HighRisk
C-104521 PartyA_118 PartyB_177,MediumRisk
C-115077 PartyA_127 PartyB_109,HighRisk
C-114439 PartyA_160 PartyB_63,MediumRisk
C-117295 PartyA_58 PartyB_128,LowRisk
C-113003 PartyA_194 PartyB_77,MediumRisk
C-107764 PartyA_290 PartyB_47,MediumRisk
C-118396 PartyA_282 PartyB_4,HighRisk
C-109763 PartyA_253 PartyB_276,MediumRisk
C-124605 PartyA_250 PartyB_227,HighRisk
C-109735 PartyA_150 PartyB_94,HighRisk
C-114158 PartyA_66 PartyB_104,MediumRisk
C-111612 PartyA_198 PartyB_270,MediumRisk
C-103133 PartyA_93 PartyB_217,HighRisk
C-104264 PartyA_102 PartyB_81,MediumRisk
C-115329 PartyA_44 PartyB_83,MediumRisk
C-107972 PartyA_150 PartyB_201,HighRisk
C-104677 PartyA_165 PartyB_65,MediumRisk
C-118975 PartyA_209 PartyB_79,MediumRisk
C-113320 PartyA_165 PartyB_143,MediumRisk
C-120086 PartyA_250 PartyB_53,HighRisk
C-116246 PartyA_289 PartyB_259,HighRisk
C-111880 PartyA_296 PartyB_35,MediumRisk
C-120397 PartyA_189 PartyB_164,HighRisk
C-107062 PartyA_210 PartyB_227,HighRisk
C-104663 PartyA_156 PartyB_206,HighRisk
C-118398 PartyA_242 PartyB_158,HighRisk
C-120999 PartyA_40 PartyB_217,MediumRisk
C-102367 PartyA_203 PartyB_236,HighRisk
C-124946 PartyA_209 PartyB_110,MediumRisk
C-109721 PartyA_249 PartyB_33,HighRisk
C-113928 PartyA_201 PartyB_99,MediumRisk
C-122845 PartyA_57 PartyB_194,MediumRisk
C-114306 PartyA_145 PartyB_162,MediumRisk
C-116142 PartyA_5 PartyB_158,HighRisk
C-124183 PartyA_219 PartyB_246,MediumRisk
C-122471 PartyA_216 PartyB_283,MediumRisk
C-112884 PartyA_285 PartyB_39,MediumRisk
C-115401 PartyA_51 PartyB_18,MediumRisk
C-114310 PartyA_66 PartyB_88,MediumRisk
C-101490 PartyA_131 PartyB_254,HighRisk
C-103247 PartyA_63 PartyB_65,MediumRisk
C-106849 PartyA_159 PartyB_172,MediumRisk
C-117968 PartyA_152 PartyB_215,MediumRisk
C-101425 PartyA_76 PartyB_229,MediumRisk
C-118406 PartyA_76 PartyB_271,MediumRisk
C-119490 PartyA_137 PartyB_171,HighRisk
C-102691 PartyA_91 PartyB_254,MediumRisk
C-118224 PartyA_208 PartyB_18,MediumRisk
C-110441 PartyA_38 PartyB_99,LowRisk
C-121036 PartyA_284 PartyB_250,MediumRisk
C-106843 PartyA_104 PartyB_137,MediumRisk
C-113085 PartyA_199 PartyB_16,MediumRisk
C-115008 PartyA_190 PartyB_212,HighRisk
C-108572 PartyA_272 PartyB_290,HighRisk
C-109148 PartyA_180 PartyB_110,MediumRisk
C-110813 PartyA_176 PartyB_133,MediumRisk
C-121791 PartyA_96 PartyB_108,MediumRisk
C-109552 PartyA_146 PartyB_283,HighRisk
C-103196 PartyA_268 PartyB_5,LowRisk
C-114500 PartyA_167 PartyB_214,MediumRisk
C-100486 PartyA_166 PartyB_82,MediumRisk
C-115908 PartyA_60 PartyB_9,HighRisk
C-100370 PartyA_68 PartyB_109,HighRisk
C-100783 PartyA_244 PartyB_258,HighRisk
C-106382 PartyA_204 PartyB_226,MediumRisk
C-120291 PartyA_77 PartyB_29,HighRisk
C-120577 PartyA_276 PartyB_172,MediumRisk
C-116529 PartyA_218 PartyB_203,MediumRisk
C-102047 PartyA_61 PartyB_17,HighRisk
C-100104 PartyA_56 PartyB_120,HighRisk
C-113266 PartyA_150 PartyB_12,HighRisk
C-105684 PartyA_182 PartyB_183,MediumRisk
C-103632 PartyA_38 PartyB_126,MediumRisk
C-116493 PartyA_22 PartyB_163,MediumRisk
C-113089 PartyA_47 PartyB_164,MediumRisk
C-115893 PartyA_200 PartyB_106,HighRisk
C-111656 PartyA_227 PartyB_22,MediumRisk
C-116820 PartyA_177 PartyB_99,HighRisk
C-112663 PartyA_79 PartyB_70,HighRisk
C-100669 PartyA_108 PartyB_67,HighRisk
C-120066 PartyA_42 PartyB_201,HighRisk
C-117148 PartyA_165 PartyB_18,HighRisk
C-122300 PartyA_128 PartyB_140,MediumRisk
C-124422 PartyA_214 PartyB_62,MediumRisk
C-111634 PartyA_58 PartyB_7,MediumRisk
C-101439 PartyA_22 PartyB_199,MediumRisk
C-111039 PartyA_184 PartyB_133,MediumRisk
C-123423 PartyA_124 PartyB_232,MediumRisk
C-124018 PartyA_155 PartyB_146,HighRisk
C-104811 PartyA_27 PartyB_276,MediumRisk
C-103258 PartyA_105 PartyB_135,HighRisk
C-120339 PartyA_145 PartyB_206,MediumRisk
C-117986 PartyA_116 PartyB_173,LowRisk
C-124779 PartyA_213 PartyB_51,HighRisk
C-116057 PartyA_300 PartyB_26,MediumRisk
C-123720 PartyA_45 PartyB_2,MediumRisk
C-107332 PartyA_7 PartyB_51,MediumRisk
C-101564 PartyA_254 PartyB_286,HighRisk
C-119283 PartyA_189 PartyB_155,MediumRisk
C-114922 PartyA_36 PartyB_172,MediumRisk
C-111760 PartyA_86 PartyB_59,MediumRisk
C-109965 PartyA_137 PartyB_251,MediumRisk
C-121820 PartyA_99 PartyB_193,MediumRisk
C-118747 PartyA_165 PartyB_47,HighRisk
C-117800 PartyA_84 PartyB_47,MediumRisk
C-124208 PartyA_178 PartyB_296,HighRisk
C-114174 PartyA_43 PartyB_102,HighRisk
C-103003 PartyA_192 PartyB_83,HighRisk
C-111978 PartyA_103 PartyB_56,MediumRisk
C-111716 PartyA_62 PartyB_173,HighRisk
C-105389 PartyA_107 PartyB_92,LowRisk
C-112055 PartyA_248 PartyB_199,HighRisk
C-119422 PartyA_25 PartyB_223,MediumRisk
C-101309 PartyA_49 PartyB_117,HighRisk
C-111345 PartyA_42 PartyB_253,MediumRisk
C-122360 PartyA_203 PartyB_204,MediumRisk
C-123621 PartyA_154 PartyB_220,MediumRisk
C-119593 PartyA_49 PartyB_91,MediumRisk
C-102514 PartyA_114 PartyB_3,LowRisk
C-112577 PartyA_121 PartyB_160,MediumRisk
C-121043 PartyA_264 PartyB_160,MediumRisk
C-115754 PartyA_157 PartyB_88,HighRisk
C-114245 PartyA_69 PartyB_23,MediumRisk
C-119320 PartyA_79 PartyB_129,MediumRisk
C-109258 PartyA_218 PartyB_276,MediumRisk
C-124184 PartyA_126 PartyB_242,LowRisk
C-108791 PartyA_44 PartyB_265,MediumRisk
C-124586 PartyA_50 PartyB_174,MediumRisk
C-112881 PartyA_135 PartyB_65,MediumRisk
C-111249 PartyA_186 PartyB_86,MediumRisk
C-109777 PartyA_174 PartyB_231,MediumRisk
C-118034 PartyA_295 PartyB_171,HighRisk
C-119049 PartyA_293 PartyB_127,HighRisk
C-105257 PartyA_118 PartyB_96,MediumRisk
C-113932 PartyA_265 PartyB_55,MediumRisk
C-122935 PartyA_288 PartyB_256,MediumRisk
C-118026 PartyA_256 PartyB_232,HighRisk
C-103301 PartyA_177 PartyB_84,MediumRisk
C-123134 PartyA_163 PartyB_57,MediumRisk
C-112041 PartyA_76 PartyB_177,LowRisk
C-105406 PartyA_54 PartyB_150,LowRisk
C-100712 PartyA_260 PartyB_34,MediumRisk
C-105783 PartyA_242 PartyB_275,MediumRisk
C-104409 PartyA_78 PartyB_124,MediumRisk
C-111688 PartyA_53 PartyB_1,MediumRisk
C-105920 PartyA_104 PartyB_154,LowRisk
C-120935 PartyA_56 PartyB_97,HighRisk
C-119836 PartyA_9 PartyB_41,MediumRisk
C-105411 PartyA_232 PartyB_222,HighRisk
C-121282 PartyA_216 PartyB_205,MediumRisk
C-118472 PartyA_114 PartyB_222,HighRisk
C-103241 PartyA_163 PartyB_227,MediumRisk
C-120478 PartyA_177 PartyB_47,HighRisk
C-118848 PartyA_223 PartyB_201,MediumRisk
C-108493 PartyA_85 PartyB_147,MediumRisk
C-122593 PartyA_143 PartyB_3,MediumRisk
C-109321 PartyA_183 PartyB_77,LowRisk
C-120719 PartyA_144 PartyB_204,MediumRisk
C-124862 PartyA_4 PartyB_129,MediumRisk
C-108444 PartyA_96 PartyB_58,MediumRisk
C-111109 PartyA_134 PartyB_193,MediumRisk
C-114511 PartyA_47 PartyB_36,LowRisk
C-112231 PartyA_256 PartyB_8,LowRisk
C-120749 PartyA_13 PartyB_116,MediumRisk
C-107292 PartyA_147 PartyB_271,MediumRisk
C-103671 PartyA_224 PartyB_182,MediumRisk
C-123084 PartyA_146 PartyB_96,MediumRisk
C-110629 PartyA_18 PartyB_12,LowRisk
C-122584 PartyA_203 PartyB_258,HighRisk
C-108940 PartyA_235 PartyB_116,MediumRisk
C-120693 PartyA_10 PartyB_211,HighRisk
C-122332 PartyA_224 PartyB_184,HighRisk
C-102934 PartyA_247 PartyB_245,MediumRisk
C-110794 PartyA_50 PartyB_147,MediumRisk
C-115307 PartyA_174 PartyB_50,MediumRisk
C-104311 PartyA_162 PartyB_284,MediumRisk
C-114691 PartyA_127 PartyB_270,MediumRisk
C-106597 PartyA_263 PartyB_122,HighRisk
C-124260 PartyA_241 PartyB_83,MediumRisk
C-112489 PartyA_147 PartyB_190,MediumRisk
C-122730 PartyA_29 PartyB_231,HighRisk
C-118654 PartyA_239 PartyB_299,MediumRisk
C-119865 PartyA_202 PartyB_269,HighRisk
C-121718 PartyA_15 PartyB_172,MediumRisk
C-116440 PartyA_65 PartyB_78,MediumRisk
C-103412 PartyA_102 PartyB_289,HighRisk
C-110416 PartyA_26 PartyB_269,MediumRisk
C-100400 PartyA_288 PartyB_200,HighRisk
C-102986 PartyA_287 PartyB_283,MediumRisk
C-112764 PartyA_197 PartyB_224,MediumRisk
C-116043 PartyA_249 PartyB_80,HighRisk
C-110251 PartyA_22 PartyB_8,HighRisk
C-106605 PartyA_189 PartyB_243,HighRisk
C-124345 PartyA_102 PartyB_212,HighRisk
C-118843 PartyA_150 PartyB_198,MediumRisk
C-118657 PartyA_227 PartyB_250,MediumRisk
C-112664 PartyA_275 PartyB_74,LowRisk
C-106554 PartyA_291 PartyB_250,MediumRisk
C-108780 PartyA_175 PartyB_272,MediumRisk
C-121320 PartyA_261 PartyB_116,MediumRisk
C-121586 PartyA_135 PartyB_139,HighRisk
C-110797 PartyA_101 PartyB_101,HighRisk
C-105781 PartyA_136 PartyB_147,MediumRisk
C-112241 PartyA_132 PartyB_183,MediumRisk
C-121875 PartyA_13 PartyB_268,MediumRisk
C-123307 PartyA_107 PartyB_206,HighRisk
C-121185 PartyA_69 PartyB_185,MediumRisk
C-107233 PartyA_138 PartyB_267,HighRisk
C-123293 PartyA_181 PartyB_184,MediumRisk
C-118014 PartyA_59 PartyB_46,MediumRisk
C-111736 PartyA_128 PartyB_51,MediumRisk
C-100519 PartyA_193 PartyB_299,HighRisk
C-101755 PartyA_212 PartyB_284,MediumRisk
C-104508 PartyA_10 PartyB_54,MediumRisk
C-120895 PartyA_272 PartyB_192,MediumRisk
C-112919 PartyA_199 PartyB_217,MediumRisk
C-122125 PartyA_58 PartyB_161,HighRisk
C-116109 PartyA_279 PartyB_242,MediumRisk
C-105263 PartyA_35 PartyB_144,MediumRisk
C-101069 PartyA_286 PartyB_84,MediumRisk
C-115184 PartyA_269 PartyB_241,MediumRisk
C-108419 PartyA_31 PartyB_174,MediumRisk
C-121844 PartyA_108 PartyB_49,MediumRisk
C-100665 PartyA_74 PartyB_7,MediumRisk
C-119038 PartyA_187 PartyB_97,HighRisk
C-113796 PartyA_111 PartyB_290,MediumRisk
C-123834 PartyA_218 PartyB_250,HighRisk
C-101699 PartyA_53 PartyB_115,MediumRisk
C-112164 PartyA_64 PartyB_3,HighRisk
C-118987 PartyA_81 PartyB_35,MediumRisk
C-122115 PartyA_33 PartyB_140,HighRisk
C-104916 PartyA_127 PartyB_163,MediumRisk
C-107065 PartyA_203 PartyB_160,HighRisk
C-102979 PartyA_250 PartyB_270,MediumRisk
C-113750 PartyA_6 PartyB_187,HighRisk
C-108990 PartyA_233 PartyB_176,MediumRisk
C-106861 PartyA_291 PartyB_14,HighRisk
C-108168 PartyA_167 PartyB_2,MediumRisk
C-108128 PartyA_154 PartyB_63,HighRisk
C-120920 PartyA_106 PartyB_228,MediumRisk
C-113644 PartyA_79 PartyB_38,MediumRisk
C-116475 PartyA_298 PartyB_109,MediumRisk
C-121368 PartyA_220 PartyB_108,MediumRisk
C-108384 PartyA_146 PartyB_144,HighRisk
C-105246 PartyA_218 PartyB_189,MediumRisk
C-113464 PartyA_246 PartyB_6,MediumRisk
C-124140 PartyA_86 PartyB_220,MediumRisk
C-103896 PartyA_9 PartyB_284,MediumRisk
C-101721 PartyA_70 PartyB_195,HighRisk
C-121623 PartyA_86 PartyB_105,HighRisk
C-103777 PartyA_240 PartyB_202,MediumRisk
C-115210 PartyA_60 PartyB_149,MediumRisk
C-115722 PartyA_183 PartyB_138,MediumRisk
C-119408 PartyA_171 PartyB_169,HighRisk
C-104050 PartyA_223 PartyB_41,MediumRisk
C-123450 PartyA_158 PartyB_26,MediumRisk
C-112280 PartyA_15 PartyB_198,HighRisk
C-113894 PartyA_177 PartyB_32,MediumRisk
C-107705 PartyA_267 PartyB_195,MediumRisk
C-112229 PartyA_20 PartyB_90,MediumRisk
C-107105 PartyA_130 PartyB_121,MediumRisk
C-106372 PartyA_9 PartyB_108,HighRisk
C-107244 PartyA_78 PartyB_298,MediumRisk
C-111877 PartyA_142 PartyB_200,MediumRisk
C-105062 PartyA_188 PartyB_27,MediumRisk
C-103602 PartyA_227 PartyB_216,HighRisk
C-115764 PartyA_284 PartyB_6,MediumRisk
C-111856 PartyA_42 PartyB_81,MediumRisk
C-107756 PartyA_289 PartyB_281,MediumRisk
C-109638 PartyA_249 PartyB_240,MediumRisk
C-117207 PartyA_193 PartyB_292,MediumRisk
C-116412 PartyA_182 PartyB_289,MediumRisk
C-110435 PartyA_207 PartyB_4,MediumRisk
C-110086 PartyA_33 PartyB_154,HighRisk
C-110766 PartyA_98 PartyB_220,HighRisk
C-102956 PartyA_263 PartyB_269,MediumRisk
C-107869 PartyA_2 PartyB_178,MediumRisk
C-111934 PartyA_135 PartyB_193,MediumRisk
C-112106 PartyA_115 PartyB_69,MediumRisk
C-109670 PartyA_205 PartyB_223,MediumRisk
C-105409 PartyA_175 PartyB_109,HighRisk
C-107520 PartyA_258 PartyB_219,HighRisk
C-104439 PartyA_189 PartyB_128,MediumRisk
C-112198 PartyA_131 PartyB_123,MediumRisk
C-120605 PartyA_200 PartyB_160,MediumRisk
C-104690 PartyA_290 PartyB_168,MediumRisk
C-101558 PartyA_105 PartyB_84,MediumRisk
C-110892 PartyA_257 PartyB_206,HighRisk
C-102488 PartyA_227 PartyB_204,MediumRisk
C-122857 PartyA_241 PartyB_119,MediumRisk
C-103523 PartyA_124 PartyB_275,HighRisk
C-104542 PartyA_151 PartyB_225,MediumRisk
C-115371 PartyA_28 PartyB_6,MediumRisk
C-103400 PartyA_105 PartyB_270,MediumRisk
C-102272 PartyA_189 PartyB_153,MediumRisk
C-114429 PartyA_222 PartyB_34,MediumRisk
C-100233 PartyA_273 PartyB_283,MediumRisk
C-124341 PartyA_118 PartyB_10,MediumRisk
C-112823 PartyA_79 PartyB_216,MediumRisk
C-109843 PartyA_212 PartyB_7,MediumRisk
C-116676 PartyA_111 PartyB_256,MediumRisk
C-119954 PartyA_83 PartyB_133,HighRisk
C-121670 PartyA_252 PartyB_252,LowRisk
C-111392 PartyA_299 PartyB_112,HighRisk
C-109964 PartyA_23 PartyB_260,MediumRisk
C-123176 PartyA_229 PartyB_232,MediumRisk
C-109727 PartyA_244 PartyB_139,MediumRisk
C-123879 PartyA_16 PartyB_41,MediumRisk
C-113231 PartyA_50 PartyB_135,MediumRisk
C-117309 PartyA_5 PartyB_170,MediumRisk
C-113201 PartyA_102 PartyB_155,MediumRisk
C-120849 PartyA_147 PartyB_86,LowRisk
C-120896 PartyA_208 PartyB_255,HighRisk
C-110542 PartyA_170 PartyB_25,HighRisk
C-121488 PartyA_60 PartyB_294,MediumRisk
C-110420 PartyA_176 PartyB_222,HighRisk
C-118559 PartyA_166 PartyB_157,MediumRisk
C-110002 PartyA_32 PartyB_161,MediumRisk
C-104647 PartyA_176 PartyB_89,HighRisk
C-115572 PartyA_295 PartyB_191,HighRisk
C-114539 PartyA_91 PartyB_242,MediumRisk
C-117226 PartyA_40 PartyB_168,MediumRisk
C-121018 PartyA_200 PartyB_148,HighRisk
C-116740 PartyA_280 PartyB_6,MediumRisk
C-115738 PartyA_111 PartyB_19,HighRisk
C-108458 PartyA_89 PartyB_31,HighRisk
C-123113 PartyA_89 PartyB_43,MediumRisk
C-101726 PartyA_187 PartyB_126,LowRisk
C-123831 PartyA_27 PartyB_272,LowRisk
C-124708 PartyA_249 PartyB_158,MediumRisk
C-114554 PartyA_223 PartyB_164,MediumRisk
C-110284 PartyA_116 PartyB_144,MediumRisk
C-118174 PartyA_32 PartyB_194,MediumRisk
C-104607 PartyA_194 PartyB_159,MediumRisk
C-122639 PartyA_210 PartyB_50,MediumRisk
C-124057 PartyA_176 PartyB_226,HighRisk
C-115753 PartyA_151 PartyB_292,LowRisk
C-120069 PartyA_170 PartyB_297,MediumRisk
C-111115 PartyA_130 PartyB_277,HighRisk
C-101067 PartyA_201 PartyB_214,MediumRisk
C-107280 PartyA_202 PartyB_56,MediumRisk
C-111258 PartyA_63 PartyB_119,HighRisk
C-110940 PartyA_13 PartyB_247,HighRisk
C-118732 PartyA_160 PartyB_58,MediumRisk
C-121691 PartyA_290 PartyB_49,HighRisk
C-116006 PartyA_230 PartyB_14,MediumRisk
C-106166 PartyA_297 PartyB_162,MediumRisk
C-106461 PartyA_58 PartyB_57,MediumRisk
C-100889 PartyA_228 PartyB_120,MediumRisk
C-100966 PartyA_80 PartyB_125,MediumRisk
C-110481 PartyA_168 PartyB_204,HighRisk
C-118214 PartyA_81 PartyB_192,HighRisk
C-101963 PartyA_26 PartyB_1,MediumRisk
C-109850 PartyA_151 PartyB_28,HighRisk
C-112062 PartyA_64 PartyB_83,MediumRisk
C-114496 PartyA_35 PartyB_207,MediumRisk
C-101909 PartyA_202 PartyB_79,HighRisk
C-115690 PartyA_4 PartyB_299,HighRisk
C-108353 PartyA_223 PartyB_110,MediumRisk
C-124453 PartyA_147 PartyB_154,MediumRisk
C-120177 PartyA_168 PartyB_182,HighRisk
C-123923 PartyA_14 PartyB_209,HighRisk
C-124448 PartyA_124 PartyB_288,MediumRisk
C-102835 PartyA_239 PartyB_64,MediumRisk
C-111455 PartyA_127 PartyB_254,HighRisk
C-107213 PartyA_213 PartyB_63,MediumRisk
C-107605 PartyA_107 PartyB_180,MediumRisk
C-100975 PartyA_276 PartyB_274,MediumRisk
C-102268 PartyA_201 PartyB_143,MediumRisk
C-103770 PartyA_244 PartyB_115,MediumRisk
C-117798 PartyA_295 PartyB_50,MediumRisk
C-114984 PartyA_84 PartyB_289,HighRisk
C-100132 PartyA_40 PartyB_262,HighRisk
C-110131 PartyA_208 PartyB_51,HighRisk
C-123451 PartyA_19 PartyB_85,MediumRisk
C-100581 PartyA_213 PartyB_234,HighRisk
C-123786 PartyA_268 PartyB_71,HighRisk
C-109716 PartyA_196 PartyB_76,LowRisk
C-109035 PartyA_187 PartyB_120,MediumRisk
C-115992 PartyA_27 PartyB_30,HighRisk
C-100393 PartyA_261 PartyB_91,MediumRisk
C-110218 PartyA_242 PartyB_229,MediumRisk
C-121609 PartyA_78 PartyB_150,HighRisk
C-117729 PartyA_7 PartyB_66,MediumRisk
C-108401 PartyA_222 PartyB_221,HighRisk
C-108183 PartyA_182 PartyB_111,MediumRisk
C-124649 PartyA_56 PartyB_33,MediumRisk
C-111426 PartyA_181 PartyB_221,MediumRisk
C-104613 PartyA_228 PartyB_281,MediumRisk
C-116607 PartyA_60 PartyB_175,MediumRisk
C-108593 PartyA_127 PartyB_286,HighRisk
C-114168 PartyA_264 PartyB_33,MediumRisk
C-123422 PartyA_222 PartyB_9,MediumRisk
C-119695 PartyA_198 PartyB_146,MediumRisk
C-124910 PartyA_59 PartyB_222,HighRisk
C-112190 PartyA_277 PartyB_154,MediumRisk
C-118918 PartyA_266 PartyB_120,HighRisk
C-102908 PartyA_166 PartyB_41,LowRisk
C-123195 PartyA_168 PartyB_113,HighRisk
C-108071 PartyA_9 PartyB_220,HighRisk
C-120346 PartyA_299 PartyB_85,HighRisk
C-115890 PartyA_4 PartyB_269,MediumRisk
C-105264 PartyA_126 PartyB_34,MediumRisk
C-106163 PartyA_168 PartyB_151,HighRisk
C-123334 PartyA_10 PartyB_282,MediumRisk
C-105481 PartyA_189 PartyB_292,HighRisk
C-124033 PartyA_140 PartyB_148,MediumRisk
C-106895 PartyA_10 PartyB_94,MediumRisk
C-122940 PartyA_218 PartyB_146,MediumRisk
C-114317 PartyA_12 PartyB_204,MediumRisk
C-113600 PartyA_127 PartyB_90,MediumRisk
C-102650 PartyA_68 PartyB_3,MediumRisk
C-124887 PartyA_35 PartyB_46,MediumRisk
C-108789 PartyA_178 PartyB_102,MediumRisk
C-115345 PartyA_222 PartyB_81,LowRisk
C-103190 PartyA_221 PartyB_15,MediumRisk
C-109894 PartyA_28 PartyB_276,MediumRisk
C-112349 PartyA_99 PartyB_224,MediumRisk
C-103650 PartyA_246 PartyB_72,MediumRisk
C-117104 PartyA_127 PartyB_146,HighRisk
C-118190 PartyA_139 PartyB_191,MediumRisk
C-105976 PartyA_39 PartyB_293,MediumRisk
C-103370 PartyA_3 PartyB_287,HighRisk
C-124255 PartyA_187 PartyB_198,MediumRisk
C-121063 PartyA_138 PartyB_300,MediumRisk
C-109604 PartyA_102 PartyB_219,MediumRisk
C-122189 PartyA_144 PartyB_88,MediumRisk
C-101764 PartyA_170 PartyB_13,MediumRisk
C-119691 PartyA_206 PartyB_217,HighRisk
C-120676 PartyA_271 PartyB_178,HighRisk
C-115629 PartyA_287 PartyB_225,HighRisk
C-107903 PartyA_137 PartyB_86,HighRisk
C-113334 PartyA_93 PartyB_134,HighRisk
C-114692 PartyA_205 PartyB_60,MediumRisk
C-113451 PartyA_283 PartyB_112,HighRisk
C-113993 PartyA_45 PartyB_47,HighRisk
C-111539 PartyA_79 PartyB_275,HighRisk
C-116846 PartyA_107 PartyB_205,LowRisk
C-108414 PartyA_36 PartyB_241,HighRisk
C-108817 PartyA_211 PartyB_156,MediumRisk
C-106284 PartyA_153 PartyB_154,MediumRisk
C-118417 PartyA_70 PartyB_274,LowRisk
C-112944 PartyA_147 PartyB_117,HighRisk
C-108536 PartyA_132 PartyB_34,HighRisk
C-115651 PartyA_193 PartyB_256,HighRisk
C-112726 PartyA_115 PartyB_280,LowRisk
C-118609 PartyA_182 PartyB_94,MediumRisk
C-121346 PartyA_31 PartyB_46,HighRisk
C-110471 PartyA_76 PartyB_164,MediumRisk
C-118334 PartyA_85 PartyB_143,MediumRisk
C-104326 PartyA_120 PartyB_56,MediumRisk
C-123763 PartyA_253 PartyB_295,MediumRisk
C-108587 PartyA_158 PartyB_279,HighRisk
C-120522 PartyA_98 PartyB_46,MediumRisk
C-113306 PartyA_91 PartyB_164,MediumRisk
C-119973 PartyA_167 PartyB_96,MediumRisk
C-103641 PartyA_71 PartyB_4,MediumRisk
C-115799 PartyA_249 PartyB_8,MediumRisk
C-109034 PartyA_263 PartyB_161,MediumRisk
C-123459 PartyA_297 PartyB_291,MediumRisk
C-100021 PartyA_277 PartyB_8,MediumRisk
C-103718 PartyA_223 PartyB_60,MediumRisk
C-113391 PartyA_244 PartyB_242,MediumRisk
C-102902 PartyA_211 PartyB_155,MediumRisk
C-120453 PartyA_162 PartyB_138,MediumRisk
C-105534 PartyA_133 PartyB_154,HighRisk
C-111042 PartyA_45 PartyB_259,MediumRisk
C-115351 PartyA_113 PartyB_26,MediumRisk
C-100779 PartyA_294 PartyB_159,MediumRisk
C-117431 PartyA_171 PartyB_69,MediumRisk
C-119934 PartyA_182 PartyB_206,MediumRisk
C-121252 PartyA_239 PartyB_166,MediumRisk
C-119735 PartyA_214 PartyB_168,MediumRisk
C-103431 PartyA_197 PartyB_112,MediumRisk
C-121239 PartyA_81 PartyB_46,LowRisk
C-103622 PartyA_273 PartyB_162,HighRisk
C-104259 PartyA_15 PartyB_97,HighRisk
C-104725 PartyA_145 PartyB_65,MediumRisk
C-101469 PartyA_193 PartyB_23,HighRisk
C-113322 PartyA_73 PartyB_45,MediumRisk
C-117108 PartyA_158 PartyB_83,MediumRisk
C-120546 PartyA_117 PartyB_25,MediumRisk
C-108424 PartyA_28 PartyB_264,MediumRisk
C-100368 PartyA_197 PartyB_258,MediumRisk
C-122926 PartyA_202 PartyB_67,MediumRisk
C-111785 PartyA_69 PartyB_221,LowRisk
C-113112 PartyA_201 PartyB_50,MediumRisk
C-109491 PartyA_232 PartyB_218,HighRisk
C-124898 PartyA_288 PartyB_203,MediumRisk
C-111384 PartyA_286 PartyB_126,MediumRisk
C-117013 PartyA_148 PartyB_209,MediumRisk
C-118371 PartyA_66 PartyB_119,MediumRisk
C-124201 PartyA_33 PartyB_50,MediumRisk
C-104060 PartyA_290 PartyB_164,HighRisk
C-110683 PartyA_270 PartyB_205,HighRisk
C-101824 PartyA_8 PartyB_165,MediumRisk
C-124343 PartyA_189 PartyB_1,MediumRisk
C-110972 PartyA_222 PartyB_245,MediumRisk
C-122250 PartyA_132 PartyB_257,MediumRisk
C-103758 PartyA_32 PartyB_238,MediumRisk
C-103232 PartyA_248 PartyB_150,MediumRisk
C-107246 PartyA_5 PartyB_95,MediumRisk
C-101831 PartyA_237 PartyB_223,LowRisk
C-108539 PartyA_128 PartyB_88,MediumRisk
C-101242 PartyA_211 PartyB_97,MediumRisk
C-117306 PartyA_106 PartyB_280,MediumRisk
C-104656 PartyA_146 PartyB_250,HighRisk
C-120248 PartyA_96 PartyB_133,LowRisk
C-108998 PartyA_270 PartyB_153,HighRisk
C-111914 PartyA_208 PartyB_88,MediumRisk
C-108343 PartyA_188 PartyB_215,LowRisk
C-122811 PartyA_148 PartyB_284,MediumRisk
C-108893 PartyA_36 PartyB_232,MediumRisk
C-107490 PartyA_144 PartyB_249,MediumRisk
C-122328 PartyA_143 PartyB_75,MediumRisk
C-111859 PartyA_39 PartyB_52,MediumRisk
C-123110 PartyA_289 PartyB_82,HighRisk
C-114772 PartyA_276 PartyB_176,MediumRisk
C-101777 PartyA_277 PartyB_24,MediumRisk
C-124232 PartyA_158 PartyB_275,LowRisk
C-115111 PartyA_245 PartyB_247,MediumRisk
C-111133 PartyA_1 PartyB_171,MediumRisk
C-113072 PartyA_94 PartyB_296,HighRisk
C-118727 PartyA_2 PartyB_72,MediumRisk
C-121651 PartyA_149 PartyB_10,MediumRisk
C-113863 PartyA_147 PartyB_178,MediumRisk
C-114490 PartyA_87 PartyB_145,MediumRisk
C-122822 PartyA_167 PartyB_293,MediumRisk
C-107271 PartyA_179 PartyB_77,HighRisk
C-114779 PartyA_193 PartyB_267,MediumRisk
C-119712 PartyA_102 PartyB_133,MediumRisk
C-112470 PartyA_93 PartyB_176,MediumRisk
C-116619 PartyA_139 PartyB_6,MediumRisk
C-118289 PartyA_270 PartyB_236,MediumRisk
C-119684 PartyA_37 PartyB_172,MediumRisk
C-113660 PartyA_59 PartyB_153,MediumRisk
C-122069 PartyA_216 PartyB_27,MediumRisk
C-103293 PartyA_84 PartyB_70,MediumRisk
C-100378 PartyA_219 PartyB_60,LowRisk
C-111484 PartyA_82 PartyB_118,MediumRisk
C-114247 PartyA_177 PartyB_247,MediumRisk
C-111882 PartyA_189 PartyB_91,MediumRisk
C-103845 PartyA_107 PartyB_289,HighRisk
C-115051 PartyA_161 PartyB_213,MediumRisk
C-119656 PartyA_28 PartyB_250,LowRisk
C-113777 PartyA_6 PartyB_188,HighRisk
C-124413 PartyA_140 PartyB_98,LowRisk
C-120941 PartyA_84 PartyB_189,HighRisk
C-113039 PartyA_147 PartyB_285,HighRisk
C-105024 PartyA_229 PartyB_298,MediumRisk
C-114029 PartyA_7 PartyB_109,MediumRisk
C-112270 PartyA_234 PartyB_215,LowRisk
C-101658 PartyA_209 PartyB_61,MediumRisk
C-100212 PartyA_2 PartyB_112,MediumRisk
C-120597 PartyA_97 PartyB_47,HighRisk
C-124294 PartyA_131 PartyB_207,LowRisk
C-115898 PartyA_170 PartyB_193,MediumRisk
C-108526 PartyA_172 PartyB_16,MediumRisk
C-115762 PartyA_42 PartyB_292,HighRisk
C-113901 PartyA_251 PartyB_209,MediumRisk
C-114195 PartyA_97 PartyB_90,MediumRisk
C-100792 PartyA_276 PartyB_217,HighRisk
C-116617 PartyA_9 PartyB_15,HighRisk
C-117946 PartyA_206 PartyB_160,MediumRisk
C-116593 PartyA_93 PartyB_222,MediumRisk
C-109330 PartyA_81 PartyB_124,MediumRisk
C-124895 PartyA_19 PartyB_237,HighRisk
C-124286 PartyA_262 PartyB_237,LowRisk
C-104498 PartyA_190 PartyB_137,MediumRisk
C-109505 PartyA_295 PartyB_52,MediumRisk
C-102413 PartyA_151 PartyB_76,HighRisk
C-123669 PartyA_146 PartyB_141,MediumRisk
C-100834 PartyA_129 PartyB_155,MediumRisk
C-109063 PartyA_55 PartyB_192,MediumRisk
C-109455 PartyA_64 PartyB_193,MediumRisk
C-109810 PartyA_146 PartyB_163,MediumRisk
C-112537 PartyA_149 PartyB_132,MediumRisk
C-113289 PartyA_212 PartyB_225,MediumRisk
C-113163 PartyA_58 PartyB_38,HighRisk
C-101220 PartyA_206 PartyB_217,MediumRisk
C-112955 PartyA_215 PartyB_179,MediumRisk
C-109957 PartyA_108 PartyB_113,MediumRisk
C-111375 PartyA_139 PartyB_133,MediumRisk
C-105609 PartyA_287 PartyB_299,MediumRisk
C-111907 PartyA_235 PartyB_54,MediumRisk
C-104581 PartyA_64 PartyB_130,HighRisk
C-121002 PartyA_107 PartyB_87,MediumRisk
C-110292 PartyA_263 PartyB_185,MediumRisk
C-109677 PartyA_214 PartyB_82,HighRisk
C-102523 PartyA_148 PartyB_169,LowRisk
C-114182 PartyA_258 PartyB_165,HighRisk
C-123443 PartyA_155 PartyB_12,MediumRisk
C-107460 PartyA_34 PartyB_291,MediumRisk
C-104782 PartyA_268 PartyB_117,MediumRisk
C-104381 PartyA_277 PartyB_138,MediumRisk
C-117250 PartyA_70 PartyB_21,MediumRisk
C-118524 PartyA_223 PartyB_213,HighRisk
C-114435 PartyA_72 PartyB_245,MediumRisk
C-107642 PartyA_74 PartyB_202,LowRisk
C-106452 PartyA_42 PartyB_35,MediumRisk
C-108809 PartyA_187 PartyB_142,HighRisk
C-124760 PartyA_131 PartyB_42,MediumRisk
C-117234 PartyA_246 PartyB_103,MediumRisk
C-122575 PartyA_45 PartyB_11,LowRisk
C-118858 PartyA_184 PartyB_26,MediumRisk
C-110618 PartyA_143 PartyB_132,HighRisk
C-114940 PartyA_28 PartyB_261,MediumRisk
C-112962 PartyA_289 PartyB_120,MediumRisk
C-107637 PartyA_13 PartyB_19,MediumRisk
C-116033 PartyA_248 PartyB_22,HighRisk
C-110196 PartyA_118 PartyB_289,MediumRisk
C-106854 PartyA_103 PartyB_239,MediumRisk
C-110619 PartyA_100 PartyB_110,HighRisk
C-111239 PartyA_129 PartyB_255,HighRisk
C-101386 PartyA_104 PartyB_78,MediumRisk
C-122127 PartyA_68 PartyB_276,MediumRisk
C-100555 PartyA_182 PartyB_34,MediumRisk
C-116704 PartyA_173 PartyB_75,LowRisk
C-103095 PartyA_75 PartyB_262,HighRisk
C-103285 PartyA_111 PartyB_111,HighRisk
C-109930 PartyA_183 PartyB_71,HighRisk
C-109166 PartyA_152 PartyB_272,MediumRisk
C-107847 PartyA_105 PartyB_257,HighRisk
C-101313 PartyA_104 PartyB_143,MediumRisk
C-111095 PartyA_192 PartyB_243,MediumRisk
C-107450 PartyA_223 PartyB_31,HighRisk
C-121756 PartyA_220 PartyB_220,MediumRisk
C-114706 PartyA_266 PartyB_18,LowRisk
C-111245 PartyA_248 PartyB_208,MediumRisk
C-109631 PartyA_37 PartyB_203,HighRisk
C-105072 PartyA_165 PartyB_41,MediumRisk
C-118089 PartyA_105 PartyB_108,HighRisk
C-105275 PartyA_225 PartyB_296,HighRisk
C-118473 PartyA_88 PartyB_5,MediumRisk
C-120427 PartyA_146 PartyB_163,MediumRisk
C-122695 PartyA_227 PartyB_59,MediumRisk
C-101857 PartyA_23 PartyB_17,HighRisk
C-119325 PartyA_2 PartyB_143,MediumRisk
C-124366 PartyA_54 PartyB_99,MediumRisk
C-110306 PartyA_122 PartyB_154,MediumRisk
C-102765 PartyA_281 PartyB_53,MediumRisk
C-101541 PartyA_151 PartyB_206,MediumRisk
C-107262 PartyA_100 PartyB_204,LowRisk
C-108434 PartyA_194 PartyB_93,HighRisk
C-121717 PartyA_216 PartyB_289,MediumRisk
C-118521 PartyA_161 PartyB_233,MediumRisk
C-109475 PartyA_292 PartyB_103,MediumRisk
C-117878 PartyA_276 PartyB_193,MediumRisk
C-108563 PartyA_265 PartyB_234,MediumRisk
C-103771 PartyA_87 PartyB_266,MediumRisk
C-113460 PartyA_143 PartyB_210,MediumRisk
C-104655 PartyA_128 PartyB_165,MediumRisk
C-123626 PartyA_65 PartyB_256,HighRisk
C-111434 PartyA_193 PartyB_62,HighRisk
C-123331 PartyA_21 PartyB_272,MediumRisk
C-108266 PartyA_260 PartyB_151,HighRisk
C-113389 PartyA_92 PartyB_228,MediumRisk
C-109126 PartyA_116 PartyB_100,HighRisk
C-112098 PartyA_137 PartyB_176,MediumRisk
C-111723 PartyA_242 PartyB_193,MediumRisk
C-120399 PartyA_76 PartyB_148,MediumRisk
C-109096 PartyA_253 PartyB_140,HighRisk
C-101737 PartyA_3 PartyB_296,HighRisk
C-120813 PartyA_59 PartyB_51,MediumRisk
C-100561 PartyA_53 PartyB_267,MediumRisk
C-115357 PartyA_117 PartyB_192,HighRisk
C-103345 PartyA_204 PartyB_17,MediumRisk
C-111492 PartyA_154 PartyB_145,MediumRisk
C-109354 PartyA_256 PartyB_160,MediumRisk
C-109628 PartyA_147 PartyB_91,MediumRisk
C-108314 PartyA_30 PartyB_79,MediumRisk
C-118087 PartyA_218 PartyB_7,MediumRisk
C-109719 PartyA_33 PartyB_205,MediumRisk
C-119670 PartyA_244 PartyB_157,MediumRisk
C-123464 PartyA_22 PartyB_131,MediumRisk
C-100058 PartyA_295 PartyB_193,MediumRisk
C-115153 PartyA_177 PartyB_284,MediumRisk
C-103201 PartyA_266 PartyB_85,MediumRisk
C-120008 PartyA_201 PartyB_32,HighRisk
C-102510 PartyA_267 PartyB_270,MediumRisk
C-109828 PartyA_111 PartyB_115,LowRisk
C-124378 PartyA_174 PartyB_91,MediumRisk
C-118571 PartyA_179 PartyB_154,MediumRisk
C-119076 PartyA_53 PartyB_117,HighRisk
C-111759 PartyA_202 PartyB_289,MediumRisk
C-116138 PartyA_154 PartyB_31,MediumRisk
C-110174 PartyA_192 PartyB_10,LowRisk
C-113546 PartyA_276 PartyB_234,MediumRisk
C-120226 PartyA_271 PartyB_296,HighRisk
C-105993 PartyA_76 PartyB_22,HighRisk
C-122349 PartyA_101 PartyB_273,MediumRisk
C-123789 PartyA_237 PartyB_209,MediumRisk
C-124909 PartyA_136 PartyB_229,MediumRisk
C-102072 PartyA_5 PartyB_147,HighRisk
C-112122 PartyA_133 PartyB_67,MediumRisk
C-124849 PartyA_45 PartyB_147,HighRisk
C-105822 PartyA_266 PartyB_81,HighRisk
C-123586 PartyA_263 PartyB_196,MediumRisk
C-113335 PartyA_226 PartyB_60,HighRisk
C-116879 PartyA_160 PartyB_87,MediumRisk
C-103513 PartyA_53 PartyB_145,MediumRisk
C-120732 PartyA_259 PartyB_296,MediumRisk
C-121813 PartyA_14 PartyB_22,HighRisk
C-116269 PartyA_145 PartyB_248,HighRisk
C-119153 PartyA_169 PartyB_185,MediumRisk
C-116343 PartyA_197 PartyB_291,HighRisk
C-117150 PartyA_50 PartyB_268,HighRisk
C-103782 PartyA_88 PartyB_88,MediumRisk
C-121234 PartyA_132 PartyB_210,MediumRisk
C-109336 PartyA_197 PartyB_44,LowRisk
C-117734 PartyA_194 PartyB_123,HighRisk
C-123594 PartyA_106 PartyB_25,HighRisk
C-110702 PartyA_236 PartyB_124,MediumRisk
C-102860 PartyA_283 PartyB_277,HighRisk
C-101221 PartyA_243 PartyB_172,MediumRisk
C-119211 PartyA_126 PartyB_280,MediumRisk
C-104864 PartyA_89 PartyB_99,MediumRisk
C-113280 PartyA_155 PartyB_173,HighRisk
C-118575 PartyA_173 PartyB_111,MediumRisk
C-106085 PartyA_80 PartyB_25,MediumRisk
C-112546 PartyA_268 PartyB_86,MediumRisk
C-115269 PartyA_227 PartyB_202,MediumRisk
C-104924 PartyA_224 PartyB_157,MediumRisk
C-104532 PartyA_250 PartyB_286,HighRisk
C-101672 PartyA_41 PartyB_84,MediumRisk
C-119085 PartyA_216 PartyB_124,HighRisk
C-119940 PartyA_5 PartyB_219,MediumRisk
C-104055 PartyA_214 PartyB_14,HighRisk
C-121213 PartyA_227 PartyB_155,MediumRisk
C-124566 PartyA_286 PartyB_173,HighRisk
C-110000 PartyA_129 PartyB_27,LowRisk
C-119318 PartyA_110 PartyB_146,MediumRisk
C-111953 PartyA_188 PartyB_128,MediumRisk
C-120315 PartyA_18 PartyB_87,HighRisk
C-110237 PartyA_177 PartyB_300,MediumRisk
C-120149 PartyA_12 PartyB_223,MediumRisk
C-110255 PartyA_185 PartyB_87,MediumRisk
C-113305 PartyA_222 PartyB_270,MediumRisk
C-109487 PartyA_279 PartyB_288,MediumRisk
C-118851 PartyA_55 PartyB_198,MediumRisk
C-112879 PartyA_299 PartyB_128,LowRisk
C-122871 PartyA_275 PartyB_178,MediumRisk
C-104317 PartyA_177 PartyB_7,LowRisk
C-109980 PartyA_98 PartyB_96,MediumRisk
C-105519 PartyA_29 PartyB_210,MediumRisk
C-100858 PartyA_278 PartyB_203,HighRisk
C-119182 PartyA_124 PartyB_205,MediumRisk
C-105972 PartyA_255 PartyB_192,MediumRisk
C-107875 PartyA_2 PartyB_88,LowRisk
C-100595 PartyA_273 PartyB_182,HighRisk
C-108804 PartyA_190 PartyB_188,HighRisk
C-109186 PartyA_68 PartyB_164,MediumRisk
C-110970 PartyA_177 PartyB_41,MediumRisk
C-109746 PartyA_79 PartyB_267,HighRisk
C-114352 PartyA_114 PartyB_221,MediumRisk
C-120052 PartyA_40 PartyB_231,MediumRisk
C-101951 PartyA_188 PartyB_198,MediumRisk
C-109120 PartyA_23 PartyB_274,HighRisk
C-119110 PartyA_261 PartyB_89,HighRisk
C-117468 PartyA_73 PartyB_186,MediumRisk
C-107910 PartyA_82 PartyB_300,HighRisk
C-114781 PartyA_220 PartyB_292,MediumRisk
C-107830 PartyA_60 PartyB_147,HighRisk
C-102513 PartyA_14 PartyB_133,MediumRisk
C-106732 PartyA_270 PartyB_44,MediumRisk
C-105559 PartyA_23 PartyB_3,MediumRisk
C-124805 PartyA_244 PartyB_60,MediumRisk
C-107860 PartyA_71 PartyB_27,MediumRisk
C-111027 PartyA_30 PartyB_159,HighRisk
C-104700 PartyA_249 PartyB_148,MediumRisk
C-102233 PartyA_29 PartyB_61,HighRisk
C-122835 PartyA_16 PartyB_119,HighRisk
C-116160 PartyA_243 PartyB_25,MediumRisk
C-115092 PartyA_232 PartyB_178,HighRisk
C-111926 PartyA_110 PartyB_83,HighRisk
C-118128 PartyA_139 PartyB_223,MediumRisk
C-109215 PartyA_202 PartyB_26,HighRisk
C-118550 PartyA_254 PartyB_160,MediumRisk
C-118463 PartyA_223 PartyB_261,MediumRisk
C-105424 PartyA_291 PartyB_109,MediumRisk
C-113265 PartyA_143 PartyB_247,HighRisk
C-115567 PartyA_299 PartyB_209,MediumRisk
C-112501 PartyA_47 PartyB_230,HighRisk
C-107492 PartyA_167 PartyB_258,HighRisk
C-120793 PartyA_150 PartyB_39,MediumRisk
C-108995 PartyA_174 PartyB_107,MediumRisk
C-101550 PartyA_259 PartyB_141,MediumRisk
C-114842 PartyA_205 PartyB_299,MediumRisk
C-110929 PartyA_218 PartyB_69,MediumRisk
C-118513 PartyA_295 PartyB_116,MediumRisk
C-105095 PartyA_8 PartyB_96,MediumRisk
C-117032 PartyA_74 PartyB_145,MediumRisk
C-103243 PartyA_158 PartyB_171,HighRisk
C-111054 PartyA_230 PartyB_172,HighRisk
C-100727 PartyA_28 PartyB_97,MediumRisk
C-116125 PartyA_133 PartyB_38,LowRisk
C-114591 PartyA_230 PartyB_64,MediumRisk
C-109133 PartyA_203 PartyB_242,HighRisk
C-108169 PartyA_83 PartyB_169,HighRisk
C-100331 PartyA_84 PartyB_232,HighRisk
C-107027 PartyA_215 PartyB_4,MediumRisk
C-113809 PartyA_267 PartyB_205,MediumRisk
C-100211 PartyA_263 PartyB_213,HighRisk
C-123907 PartyA_80 PartyB_107,MediumRisk
C-102263 PartyA_22 PartyB_87,HighRisk
C-106343 PartyA_99 PartyB_49,HighRisk
C-123433 PartyA_287 PartyB_80,MediumRisk
C-111367 PartyA_132 PartyB_259,MediumRisk
C-103543 PartyA_37 PartyB_45,HighRisk
C-101438 PartyA_62 PartyB_147,MediumRisk
C-110707 PartyA_11 PartyB_21,MediumRisk
C-116251 PartyA_85 PartyB_75,MediumRisk
C-120770 PartyA_91 PartyB_106,HighRisk
C-104792 PartyA_136 PartyB_99,HighRisk
C-109420 PartyA_293 PartyB_126,HighRisk
C-122215 PartyA_88 PartyB_125,MediumRisk
C-120375 PartyA_25 PartyB_121,MediumRisk
C-119669 PartyA_265 PartyB_90,MediumRisk
C-106475 PartyA_192 PartyB_139,HighRisk
C-109506 PartyA_31 PartyB_58,MediumRisk
C-100920 PartyA_75 PartyB_116,MediumRisk
C-112171 PartyA_65 PartyB_169,MediumRisk
C-116396 PartyA_99 PartyB_76,LowRisk
C-104868 PartyA_201 PartyB_153,MediumRisk
C-100818 PartyA_169 PartyB_84,HighRisk
C-115872 PartyA_114 PartyB_225,HighRisk
C-110976 PartyA_60 PartyB_90,MediumRisk
C-109896 PartyA_107 PartyB_140,MediumRisk
C-100453 PartyA_113 PartyB_118,MediumRisk
C-109241 PartyA_46 PartyB_38,HighRisk
C-109848 PartyA_288 PartyB_63,MediumRisk
C-103457 PartyA_197 PartyB_233,LowRisk
C-121987 PartyA_144 PartyB_16,MediumRisk
C-122889 PartyA_258 PartyB_266,LowRisk
C-122220 PartyA_201 PartyB_56,MediumRisk
C-123324 PartyA_287 PartyB_300,MediumRisk
C-121550 PartyA_160 PartyB_15,HighRisk
C-100940 PartyA_5 PartyB_223,MediumRisk
C-102739 PartyA_55 PartyB_235,MediumRisk
C-111796 PartyA_155 PartyB_270,HighRisk
C-104196 PartyA_93 PartyB_117,MediumRisk
C-120023 PartyA_166 PartyB_81,MediumRisk
C-119998 PartyA_235 PartyB_15,HighRisk
C-124426 PartyA_118 PartyB_228,HighRisk
C-104071 PartyA_14 PartyB_292,MediumRisk
C-121723 PartyA_187 PartyB_104,HighRisk
C-108222 PartyA_211 PartyB_133,MediumRisk
C-108123 PartyA_213 PartyB_256,MediumRisk
C-106363 PartyA_209 PartyB_143,MediumRisk
C-114450 PartyA_266 PartyB_17,HighRisk
C-105796 PartyA_120 PartyB_171,HighRisk
C-103677 PartyA_114 PartyB_231,MediumRisk
C-108864 PartyA_208 PartyB_130,MediumRisk
C-123268 PartyA_93 PartyB_29,HighRisk
C-117669 PartyA_40 PartyB_94,MediumRisk
C-121094 PartyA_55 PartyB_52,MediumRisk
C-105188 PartyA_59 PartyB_41,MediumRisk
C-116776 PartyA_95 PartyB_251,MediumRisk
C-110308 PartyA_1 PartyB_280,HighRisk
C-102262 PartyA_52 PartyB_262,MediumRisk
C-120494 PartyA_161 PartyB_271,MediumRisk
C-119633 PartyA_224 PartyB_282,MediumRisk
C-113186 PartyA_25 PartyB_23,HighRisk
C-101779 PartyA_287 PartyB_259,MediumRisk
C-102553 PartyA_209 PartyB_38,MediumRisk
C-124885 PartyA_53 PartyB_284,MediumRisk
C-102686 PartyA_186 PartyB_133,MediumRisk
C-101040 PartyA_173 PartyB_9,MediumRisk
C-123400 PartyA_179 PartyB_184,MediumRisk
C-116939 PartyA_279 PartyB_271,MediumRisk
C-103071 PartyA_201 PartyB_16,MediumRisk
C-107529 PartyA_181 PartyB_258,LowRisk
C-118007 PartyA_285 PartyB_5,HighRisk
C-107766 PartyA_253 PartyB_96,MediumRisk
C-111045 PartyA_20 PartyB_283,MediumRisk
C-119754 PartyA_48 PartyB_300,MediumRisk
C-115682 PartyA_263 PartyB_128,HighRisk
C-121868 PartyA_274 PartyB_57,MediumRisk
C-115663 PartyA_274 PartyB_135,MediumRisk
C-115128 PartyA_251 PartyB_209,MediumRisk
C-120338 PartyA_168 PartyB_187,MediumRisk
C-107961 PartyA_104 PartyB_266,MediumRisk
C-107399 PartyA_7 PartyB_275,MediumRisk
C-124027 PartyA_67 PartyB_246,MediumRisk
C-117574 PartyA_76 PartyB_19,LowRisk
C-110303 PartyA_187 PartyB_23,LowRisk
C-124025 PartyA_249 PartyB_29,MediumRisk
C-105839 PartyA_292 PartyB_135,HighRisk
C-102024 PartyA_130 PartyB_273,HighRisk
C-122031 PartyA_138 PartyB_10,HighRisk
C-120326 PartyA_31 PartyB_2,HighRisk
C-109019 PartyA_273 PartyB_47,MediumRisk
C-110894 PartyA_43 PartyB_207,MediumRisk
C-114831 PartyA_159 PartyB_178,MediumRisk
C-100028 PartyA_126 PartyB_190,MediumRisk
C-109718 PartyA_65 PartyB_56,MediumRisk
C-100355 PartyA_217 PartyB_193,MediumRisk
C-103170 PartyA_123 PartyB_199,MediumRisk
C-115383 PartyA_209 PartyB_192,HighRisk
C-121617 PartyA_39 PartyB_271,MediumRisk
C-105643 PartyA_84 PartyB_112,HighRisk
C-103675 PartyA_128 PartyB_292,HighRisk
C-115450 PartyA_46 PartyB_259,MediumRisk
C-117348 PartyA_281 PartyB_296,HighRisk
C-113763 PartyA_41 PartyB_20,MediumRisk
C-106749 PartyA_242 PartyB_219,MediumRisk
C-100120 PartyA_181 PartyB_54,MediumRisk
C-106794 PartyA_188 PartyB_15,HighRisk
C-119705 PartyA_224 PartyB_34,MediumRisk
C-105579 PartyA_207 PartyB_144,HighRisk
C-113683 PartyA_42 PartyB_157,MediumRisk
C-100328 PartyA_73 PartyB_170,HighRisk
C-104710 PartyA_55 PartyB_34,MediumRisk
C-102370 PartyA_153 PartyB_254,HighRisk
C-105522 PartyA_163 PartyB_59,MediumRisk
C-102544 PartyA_95 PartyB_78,MediumRisk
C-115791 PartyA_35 PartyB_96,MediumRisk
C-111077 PartyA_116 PartyB_268,HighRisk
C-120684 PartyA_112 PartyB_237,LowRisk
C-110871 PartyA_93 PartyB_93,MediumRisk
C-104898 PartyA_189 PartyB_283,MediumRisk
C-105153 PartyA_198 PartyB_98,LowRisk
C-101209 PartyA_296 PartyB_206,MediumRisk
C-113362 PartyA_115 PartyB_261,MediumRisk
C-118162 PartyA_90 PartyB_67,HighRisk
C-113068 PartyA_26 PartyB_274,MediumRisk
C-121667 PartyA_238 PartyB_43,LowRisk
C-103123 PartyA_183 PartyB_228,MediumRisk
C-100078 PartyA_295 PartyB_11,HighRisk
C-118152 PartyA_267 PartyB_7,MediumRisk
C-124191 PartyA_275 PartyB_114,HighRisk
C-113012 PartyA_97 PartyB_80,HighRisk
C-123884 PartyA_140 PartyB_232,LowRisk
C-109137 PartyA_70 PartyB_195,HighRisk
C-123642 PartyA_283 PartyB_93,MediumRisk
C-122608 PartyA_254 PartyB_201,HighRisk
C-123050 PartyA_16 PartyB_64,MediumRisk
C-124350 PartyA_140 PartyB_149,MediumRisk
C-122964 PartyA_125 PartyB_243,MediumRisk
C-120809 PartyA_6 PartyB_234,MediumRisk
C-104869 PartyA_5 PartyB_115,MediumRisk
C-115605 PartyA_56 PartyB_67,HighRisk
C-114485 PartyA_75 PartyB_187,MediumRisk
C-106213 PartyA_222 PartyB_44,MediumRisk
C-101782 PartyA_55 PartyB_236,MediumRisk
C-106985 PartyA_219 PartyB_26,MediumRisk
C-113275 PartyA_181 PartyB_248,MediumRisk
C-105544 PartyA_72 PartyB_112,HighRisk
C-101946 PartyA_287 PartyB_290,MediumRisk
C-124047 PartyA_226 PartyB_233,HighRisk
C-123089 PartyA_63 PartyB_105,HighRisk
C-117061 PartyA_141 PartyB_111,HighRisk
C-121119 PartyA_149 PartyB_216,MediumRisk
C-106789 PartyA_17 PartyB_146,MediumRisk
C-101392 PartyA_43 PartyB_182,LowRisk
C-110661 PartyA_81 PartyB_218,MediumRisk
C-117136 PartyA_30 PartyB_120,MediumRisk
C-106694 PartyA_35 PartyB_295,MediumRisk
C-111980 PartyA_214 PartyB_107,HighRisk
C-103215 PartyA_133 PartyB_16,HighRisk
C-108989 PartyA_132 PartyB_272,MediumRisk
C-112404 PartyA_207 PartyB_298,HighRisk
C-109969 PartyA_28 PartyB_224,MediumRisk
C-112305 PartyA_91 PartyB_212,MediumRisk
C-101770 PartyA_94 PartyB_108,MediumRisk
C-118421 PartyA_271 PartyB_106,MediumRisk
C-122477 PartyA_271 PartyB_3,LowRisk
C-110912 PartyA_112 PartyB_2,HighRisk
C-111675 PartyA_127 PartyB_160,MediumRisk
C-103022 PartyA_217 PartyB_260,HighRisk
C-105401 PartyA_41 PartyB_10,HighRisk
C-107856 PartyA_207 PartyB_2,MediumRisk
C-110100 PartyA_136 PartyB_44,MediumRisk
C-106875 PartyA_166 PartyB_33,MediumRisk
C-123502 PartyA_107 PartyB_212,MediumRisk
C-113956 PartyA_66 PartyB_188,HighRisk
C-104619 PartyA_237 PartyB_148,MediumRisk
C-120493 PartyA_251 PartyB_256,MediumRisk
C-108719 PartyA_77 PartyB_224,MediumRisk
C-108558 PartyA_3 PartyB_242,HighRisk
C-118573 PartyA_182 PartyB_199,MediumRisk
C-114290 PartyA_214 PartyB_299,MediumRisk
C-112516 PartyA_75 PartyB_31,LowRisk
C-107968 PartyA_218 PartyB_188,HighRisk
C-112454 PartyA_142 PartyB_197,HighRisk
C-110652 PartyA_151 PartyB_103,MediumRisk
C-106825 PartyA_104 PartyB_249,HighRisk
C-110111 PartyA_103 PartyB_189,HighRisk
C-117085 PartyA_26 PartyB_99,MediumRisk
C-117494 PartyA_205 PartyB_211,MediumRisk
C-108159 PartyA_243 PartyB_77,MediumRisk
C-119355 PartyA_184 PartyB_185,MediumRisk
C-104423 PartyA_192 PartyB_292,MediumRisk
C-112159 PartyA_288 PartyB_205,HighRisk
C-106862 PartyA_77 PartyB_201,MediumRisk
C-106986 PartyA_216 PartyB_193,HighRisk
C-109490 PartyA_294 PartyB_203,HighRisk
C-115847 PartyA_34 PartyB_73,MediumRisk
C-122952 PartyA_18 PartyB_11,HighRisk
C-107282 PartyA_151 PartyB_178,MediumRisk
C-102926 PartyA_293 PartyB_25,HighRisk
C-109825 PartyA_240 PartyB_45,MediumRisk
C-109479 PartyA_7 PartyB_168,MediumRisk
C-108733 PartyA_180 PartyB_171,MediumRisk
C-121766 PartyA_26 PartyB_291,HighRisk
C-116874 PartyA_191 PartyB_22,MediumRisk
C-102013 PartyA_37 PartyB_166,MediumRisk
C-121111 PartyA_158 PartyB_129,HighRisk
C-105677 PartyA_206 PartyB_297,HighRisk
C-100947 PartyA_187 PartyB_172,MediumRisk
C-120164 PartyA_271 PartyB_32,MediumRisk
C-102147 PartyA_165 PartyB_193,MediumRisk
C-108788 PartyA_297 PartyB_274,MediumRisk
C-107129 PartyA_291 PartyB_102,MediumRisk
C-119305 PartyA_191 PartyB_39,HighRisk
C-121392 PartyA_163 PartyB_40,MediumRisk
C-109699 PartyA_128 PartyB_253,MediumRisk
C-122727 PartyA_264 PartyB_202,MediumRisk
C-110955 PartyA_88 PartyB_213,MediumRisk
C-106841 PartyA_300 PartyB_10,HighRisk
C-117194 PartyA_154 PartyB_210,MediumRisk
C-124112 PartyA_192 PartyB_119,MediumRisk
C-116696 PartyA_75 PartyB_103,MediumRisk
C-102073 PartyA_157 PartyB_210,MediumRisk
C-109730 PartyA_267 PartyB_265,HighRisk
C-121746 PartyA_240 PartyB_247,MediumRisk
C-121454 PartyA_134 PartyB_44,MediumRisk
C-107734 PartyA_217 PartyB_1,MediumRisk
C-100885 PartyA_193 PartyB_267,LowRisk
C-111334 PartyA_53 PartyB_153,LowRisk
C-114621 PartyA_21 PartyB_221,MediumRisk
C-115332 PartyA_55 PartyB_172,MediumRisk
C-107329 PartyA_242 PartyB_94,MediumRisk
C-110200 PartyA_153 PartyB_254,HighRisk
C-103895 PartyA_267 PartyB_149,HighRisk
C-122498 PartyA_101 PartyB_216,MediumRisk
C-124015 PartyA_60 PartyB_143,MediumRisk
C-108249 PartyA_263 PartyB_119,MediumRisk
C-117533 PartyA_189 PartyB_278,MediumRisk
C-108012 PartyA_282 PartyB_29,HighRisk
C-124404 PartyA_180 PartyB_24,LowRisk
C-110591 PartyA_198 PartyB_25,HighRisk
C-121263 PartyA_219 PartyB_82,MediumRisk
C-119279 PartyA_151 PartyB_281,MediumRisk
C-119698 PartyA_295 PartyB_98,LowRisk
C-101468 PartyA_170 PartyB_219,MediumRisk
C-116854 PartyA_202 PartyB_296,LowRisk
C-110550 PartyA_284 PartyB_221,MediumRisk
C-102722 PartyA_189 PartyB_4,HighRisk
C-105419 PartyA_52 PartyB_183,MediumRisk
C-122188 PartyA_42 PartyB_90,MediumRisk
C-123877 PartyA_202 PartyB_279,HighRisk
C-123056 PartyA_47 PartyB_30,MediumRisk
C-112673 PartyA_39 PartyB_261,HighRisk
C-106041 PartyA_274 PartyB_157,HighRisk
C-112061 PartyA_180 PartyB_192,HighRisk
C-114588 PartyA_250 PartyB_295,HighRisk
C-102161 PartyA_274 PartyB_87,MediumRisk
C-116925 PartyA_8 PartyB_86,MediumRisk
C-109247 PartyA_45 PartyB_4,LowRisk
C-122304 PartyA_261 PartyB_295,MediumRisk
C-121594 PartyA_120 PartyB_264,HighRisk
C-113892 PartyA_159 PartyB_162,MediumRisk
C-115733 PartyA_117 PartyB_246,HighRisk
C-110116 PartyA_31 PartyB_110,LowRisk
C-107265 PartyA_185 PartyB_294,MediumRisk
C-122904 PartyA_110 PartyB_204,HighRisk
C-117459 PartyA_72 PartyB_42,MediumRisk
C-109307 PartyA_163 PartyB_267,MediumRisk
C-103936 PartyA_233 PartyB_35,MediumRisk
C-111725 PartyA_49 PartyB_189,MediumRisk
C-123712 PartyA_38 PartyB_96,MediumRisk
C-115043 PartyA_188 PartyB_131,MediumRisk
C-104207 PartyA_196 PartyB_211,MediumRisk
C-114033 PartyA_102 PartyB_282,HighRisk
C-102149 PartyA_260 PartyB_78,MediumRisk
C-118206 PartyA_85 PartyB_193,HighRisk
C-100074 PartyA_150 PartyB_17,MediumRisk
C-123635 PartyA_196 PartyB_257,HighRisk
C-104016 PartyA_165 PartyB_251,MediumRisk
C-119106 PartyA_276 PartyB_184,MediumRisk
C-113041 PartyA_56 PartyB_113,HighRisk
C-114595 PartyA_13 PartyB_169,MediumRisk
C-103932 PartyA_21 PartyB_295,MediumRisk
C-114670 PartyA_17 PartyB_79,MediumRisk
C-119017 PartyA_115 PartyB_166,HighRisk
C-123917 PartyA_249 PartyB_157,MediumRisk
C-115502 PartyA_236 PartyB_188,MediumRisk
C-102509 PartyA_2 PartyB_72,MediumRisk
C-107281 PartyA_37 PartyB_216,MediumRisk
C-109244 PartyA_253 PartyB_198,MediumRisk
C-120757 PartyA_109 PartyB_81,MediumRisk
C-104067 PartyA_191 PartyB_100,HighRisk
C-113100 PartyA_27 PartyB_72,MediumRisk
C-103145 PartyA_152 PartyB_41,MediumRisk
C-122078 PartyA_224 PartyB_151,MediumRisk
C-117513 PartyA_33 PartyB_16,HighRisk
C-108697 PartyA_139 PartyB_184,MediumRisk
C-105131 PartyA_300 PartyB_244,HighRisk
C-116924 PartyA_13 PartyB_191,LowRisk
C-107396 PartyA_119 PartyB_297,MediumRisk
C-118808 PartyA_127 PartyB_245,MediumRisk
C-111560 PartyA_22 PartyB_212,MediumRisk
C-117138 PartyA_206 PartyB_94,MediumRisk
C-118433 PartyA_292 PartyB_147,HighRisk
C-121039 PartyA_154 PartyB_46,HighRisk
C-121885 PartyA_83 PartyB_5,MediumRisk
C-102542 PartyA_208 PartyB_196,HighRisk
C-106073 PartyA_219 PartyB_251,HighRisk
C-118885 PartyA_153 PartyB_270,MediumRisk
C-100237 PartyA_223 PartyB_170,MediumRisk
C-116484 PartyA_150 PartyB_188,HighRisk
C-121285 PartyA_107 PartyB_81,MediumRisk
C-120007 PartyA_128 PartyB_280,LowRisk
C-105192 PartyA_19 PartyB_72,MediumRisk
C-104766 PartyA_189 PartyB_136,HighRisk
C-101620 PartyA_88 PartyB_296,MediumRisk
C-108793 PartyA_8 PartyB_26,MediumRisk
C-101308 PartyA_50 PartyB_176,MediumRisk
C-114374 PartyA_282 PartyB_152,MediumRisk
C-101582 PartyA_106 PartyB_229,MediumRisk
C-120962 PartyA_15 PartyB_52,MediumRisk
C-102431 PartyA_275 PartyB_228,MediumRisk
C-124379 PartyA_275 PartyB_253,MediumRisk
C-101044 PartyA_25 PartyB_156,LowRisk
C-122060 PartyA_41 PartyB_107,LowRisk
C-105009 PartyA_214 PartyB_192,MediumRisk
C-107633 PartyA_193 PartyB_156,MediumRisk
C-110931 PartyA_127 PartyB_159,MediumRisk
C-120476 PartyA_108 PartyB_255,MediumRisk
C-105795 PartyA_298 PartyB_266,MediumRisk
C-105491 PartyA_35 PartyB_234,MediumRisk
C-121015 PartyA_123 PartyB_246,MediumRisk
C-117002 PartyA_162 PartyB_52,MediumRisk
C-111797 PartyA_209 PartyB_232,HighRisk
C-113951 PartyA_223 PartyB_148,MediumRisk
C-101600 PartyA_14 PartyB_50,HighRisk
C-120752 PartyA_183 PartyB_56,MediumRisk
C-101849 PartyA_54 PartyB_284,HighRisk
C-101752 PartyA_255 PartyB_289,MediumRisk
C-102040 PartyA_105 PartyB_158,MediumRisk
C-107965 PartyA_120 PartyB_266,MediumRisk
C-105231 PartyA_66 PartyB_50,MediumRisk
C-100546 PartyA_282 PartyB_34,MediumRisk
C-106199 PartyA_50 PartyB_209,MediumRisk
C-105147 PartyA_295 PartyB_290,MediumRisk
C-110737 PartyA_217 PartyB_176,MediumRisk
C-112191 PartyA_81 PartyB_286,HighRisk
C-110694 PartyA_260 PartyB_70,MediumRisk
C-120261 PartyA_118 PartyB_34,MediumRisk
C-107169 PartyA_30 PartyB_158,MediumRisk
C-116559 PartyA_102 PartyB_135,HighRisk
C-123215 PartyA_116 PartyB_88,HighRisk
C-122193 PartyA_285 PartyB_56,MediumRisk
C-123512 PartyA_191 PartyB_80,HighRisk
C-114650 PartyA_279 PartyB_268,MediumRisk
C-115302 PartyA_145 PartyB_300,MediumRisk
C-115574 PartyA_232 PartyB_87,MediumRisk
C-110417 PartyA_212 PartyB_292,MediumRisk
C-119924 PartyA_34 PartyB_250,MediumRisk
C-118992 PartyA_56 PartyB_202,MediumRisk
C-109318 PartyA_133 PartyB_54,HighRisk
C-123204 PartyA_30 PartyB_101,HighRisk
C-114090 PartyA_217 PartyB_112,MediumRisk
C-104065 PartyA_291 PartyB_35,MediumRisk
C-122604 PartyA_249 PartyB_127,MediumRisk
C-101294 PartyA_205 PartyB_52,MediumRisk
C-115566 PartyA_145 PartyB_119,LowRisk
C-102000 PartyA_232 PartyB_294,HighRisk
C-102063 PartyA_218 PartyB_139,MediumRisk
C-123189 PartyA_197 PartyB_96,MediumRisk
C-101507 PartyA_267 PartyB_35,HighRisk
C-106683 PartyA_147 PartyB_288,MediumRisk
C-105577 PartyA_141 PartyB_132,MediumRisk
C-124735 PartyA_53 PartyB_117,MediumRisk
C-108089 PartyA_146 PartyB_119,LowRisk
C-105611 PartyA_299 PartyB_36,MediumRisk
C-118508 PartyA_292 PartyB_92,MediumRisk
C-118655 PartyA_269 PartyB_182,MediumRisk
C-105335 PartyA_241 PartyB_191,HighRisk
C-109546 PartyA_138 PartyB_193,MediumRisk
C-104141 PartyA_30 PartyB_244,MediumRisk
C-107938 PartyA_259 PartyB_244,MediumRisk
C-119911 PartyA_245 PartyB_140,HighRisk
C-113036 PartyA_42 PartyB_124,HighRisk
C-106016 PartyA_121 PartyB_176,MediumRisk
C-112224 PartyA_111 PartyB_217,MediumRisk
C-117619 PartyA_138 PartyB_106,MediumRisk
C-120998 PartyA_65 PartyB_25,MediumRisk
C-123616 PartyA_139 PartyB_268,HighRisk
C-112949 PartyA_91 PartyB_42,HighRisk
C-102251 PartyA_202 PartyB_88,LowRisk
C-103670 PartyA_286 PartyB_90,MediumRisk
C-118495 PartyA_110 PartyB_287,HighRisk
C-118029 PartyA_199 PartyB_74,MediumRisk
C-118917 PartyA_218 PartyB_269,HighRisk
C-113436 PartyA_195 PartyB_13,HighRisk
C-122803 PartyA_45 PartyB_131,MediumRisk
C-117331 PartyA_290 PartyB_296,MediumRisk
C-111689 PartyA_6 PartyB_248,HighRisk
C-118018 PartyA_12 PartyB_249,MediumRisk
C-123573 PartyA_281 PartyB_1,MediumRisk
C-114196 PartyA_279 PartyB_149,MediumRisk
C-120302 PartyA_300 PartyB_190,HighRisk
C-124511 PartyA_35 PartyB_263,HighRisk
C-116666 PartyA_189 PartyB_232,MediumRisk
C-112963 PartyA_74 PartyB_153,MediumRisk
C-118191 PartyA_58 PartyB_8,MediumRisk
C-111910 PartyA_300 PartyB_113,HighRisk
C-106697 PartyA_155 PartyB_217,MediumRisk
C-121720 PartyA_189 PartyB_152,HighRisk
C-106058 PartyA_103 PartyB_203,MediumRisk
C-104698 PartyA_248 PartyB_20,MediumRisk
C-110750 PartyA_52 PartyB_159,HighRisk
C-103320 PartyA_156 PartyB_24,HighRisk
C-115864 PartyA_49 PartyB_163,MediumRisk
C-110464 PartyA_284 PartyB_49,MediumRisk
C-112446 PartyA_19 PartyB_250,MediumRisk
C-104773 PartyA_228 PartyB_145,MediumRisk
C-106575 PartyA_258 PartyB_153,LowRisk
C-120555 PartyA_237 PartyB_114,MediumRisk
C-104709 PartyA_19 PartyB_169,MediumRisk
C-117231 PartyA_240 PartyB_149,MediumRisk
C-118812 PartyA_210 PartyB_26,MediumRisk
C-117222 PartyA_220 PartyB_119,HighRisk
C-113653 PartyA_222 PartyB_280,MediumRisk
C-108740 PartyA_239 PartyB_92,MediumRisk
C-120915 PartyA_85 PartyB_167,MediumRisk
C-105785 PartyA_205 PartyB_11,LowRisk
C-115965 PartyA_163 PartyB_288,MediumRisk
C-116988 PartyA_102 PartyB_47,MediumRisk
C-113560 PartyA_135 PartyB_262,HighRisk
C-110270 PartyA_288 PartyB_223,MediumRisk
C-122767 PartyA_12 PartyB_269,MediumRisk
C-107225 PartyA_99 PartyB_286,MediumRisk
C-102311 PartyA_131 PartyB_269,HighRisk
C-122206 PartyA_43 PartyB_202,MediumRisk
C-112658 PartyA_165 PartyB_130,MediumRisk
C-108391 PartyA_279 PartyB_156,MediumRisk
C-121812 PartyA_69 PartyB_61,HighRisk
C-108677 PartyA_145 PartyB_141,MediumRisk
C-115167 PartyA_29 PartyB_115,MediumRisk
C-112916 PartyA_196 PartyB_175,MediumRisk
C-102823 PartyA_249 PartyB_137,MediumRisk
C-104551 PartyA_246 PartyB_265,MediumRisk
C-105336 PartyA_287 PartyB_26,MediumRisk
C-111437 PartyA_217 PartyB_59,MediumRisk
C-114009 PartyA_187 PartyB_159,MediumRisk
C-111353 PartyA_19 PartyB_276,HighRisk
C-103749 PartyA_171 PartyB_116,HighRisk
C-110394 PartyA_37 PartyB_234,MediumRisk
C-118595 PartyA_84 PartyB_127,MediumRisk
C-116532 PartyA_256 PartyB_218,HighRisk
C-120778 PartyA_87 PartyB_53,MediumRisk
C-109079 PartyA_201 PartyB_228,HighRisk
C-100524 PartyA_32 PartyB_132,MediumRisk
C-120971 PartyA_150 PartyB_43,MediumRisk
C-113732 PartyA_160 PartyB_45,MediumRisk
C-122325 PartyA_24 PartyB_209,MediumRisk
C-122954 PartyA_167 PartyB_282,MediumRisk
C-100122 PartyA_93 PartyB_140,MediumRisk
C-115620 PartyA_161 PartyB_207,MediumRisk
C-109799 PartyA_38 PartyB_61,MediumRisk
C-123951 PartyA_272 PartyB_63,MediumRisk
C-102283 PartyA_291 PartyB_275,MediumRisk
C-102302 PartyA_163 PartyB_69,LowRisk
C-111609 PartyA_5 PartyB_30,MediumRisk
C-121721 PartyA_96 PartyB_250,MediumRisk
C-114292 PartyA_151 PartyB_56,HighRisk
C-105820 PartyA_290 PartyB_48,HighRisk
C-114553 PartyA_166 PartyB_94,MediumRisk
C-124492 PartyA_32 PartyB_295,MediumRisk
C-116770 PartyA_76 PartyB_272,MediumRisk
C-115173 PartyA_283 PartyB_287,MediumRisk
C-100048 PartyA_141 PartyB_226,HighRisk
C-116885 PartyA_81 PartyB_27,LowRisk
C-115011 PartyA_182 PartyB_214,MediumRisk
C-103185 PartyA_97 PartyB_60,HighRisk
C-114345 PartyA_155 PartyB_78,MediumRisk
C-115774 PartyA_86 PartyB_142,MediumRisk
C-100229 PartyA_169 PartyB_118,HighRisk
C-119264 PartyA_239 PartyB_269,MediumRisk
C-102824 PartyA_203 PartyB_154,HighRisk
C-108772 PartyA_10 PartyB_133,MediumRisk
C-100969 PartyA_57 PartyB_115,HighRisk
C-103007 PartyA_270 PartyB_193,MediumRisk
C-124434 PartyA_85 PartyB_148,LowRisk
C-117458 PartyA_16 PartyB_67,HighRisk
C-110942 PartyA_18 PartyB_266,MediumRisk
C-119387 PartyA_64 PartyB_168,MediumRisk
C-121896 PartyA_53 PartyB_45,MediumRisk
C-107210 PartyA_56 PartyB_136,HighRisk
C-102944 PartyA_98 PartyB_235,MediumRisk
C-110910 PartyA_145 PartyB_29,MediumRisk
C-121658 PartyA_1 PartyB_129,MediumRisk
C-114016 PartyA_145 PartyB_168,MediumRisk
C-104433 PartyA_156 PartyB_240,MediumRisk
C-122405 PartyA_64 PartyB_144,MediumRisk
C-119294 PartyA_94 PartyB_241,MediumRisk
C-104161 PartyA_159 PartyB_163,MediumRisk
C-103117 PartyA_159 PartyB_131,MediumRisk
C-117509 PartyA_122 PartyB_84,HighRisk
C-111232 PartyA_149 PartyB_201,MediumRisk
C-105322 PartyA_79 PartyB_116,MediumRisk
C-113753 PartyA_294 PartyB_63,HighRisk
C-119319 PartyA_85 PartyB_143,MediumRisk
C-118717 PartyA_108 PartyB_6,MediumRisk
C-102419 PartyA_190 PartyB_262,MediumRisk
C-123417 PartyA_254 PartyB_18,LowRisk
C-121519 PartyA_38 PartyB_251,MediumRisk
C-113303 PartyA_241 PartyB_178,MediumRisk
C-107170 PartyA_6 PartyB_101,MediumRisk
C-123430 PartyA_90 PartyB_197,HighRisk
C-101017 PartyA_8 PartyB_14,MediumRisk
C-118346 PartyA_115 PartyB_71,HighRisk
C-100350 PartyA_89 PartyB_99,MediumRisk
C-114895 PartyA_48 PartyB_56,MediumRisk
C-124256 PartyA_221 PartyB_1,MediumRisk
C-100223 PartyA_199 PartyB_125,HighRisk
C-124597 PartyA_224 PartyB_300,MediumRisk
C-124145 PartyA_293 PartyB_5,HighRisk
C-102500 PartyA_39 PartyB_218,MediumRisk
C-123810 PartyA_105 PartyB_272,HighRisk
C-100564 PartyA_73 PartyB_146,HighRisk
C-123432 PartyA_90 PartyB_139,MediumRisk
C-110367 PartyA_270 PartyB_119,LowRisk
C-123477 PartyA_166 PartyB_9,HighRisk
C-103385 PartyA_66 PartyB_97,MediumRisk
C-103933 PartyA_231 PartyB_120,MediumRisk
C-107959 PartyA_237 PartyB_112,MediumRisk
C-114516 PartyA_251 PartyB_91,LowRisk
C-124564 PartyA_143 PartyB_166,MediumRisk
C-103535 PartyA_167 PartyB_297,MediumRisk
C-123437 PartyA_246 PartyB_267,HighRisk
C-124757 PartyA_99 PartyB_33,HighRisk
C-122164 PartyA_165 PartyB_259,MediumRisk
C-117205 PartyA_219 PartyB_159,LowRisk
C-123103 PartyA_216 PartyB_93,MediumRisk
C-113611 PartyA_207 PartyB_211,MediumRisk
C-120336 PartyA_178 PartyB_157,MediumRisk
C-115994 PartyA_54 PartyB_144,HighRisk
C-124083 PartyA_262 PartyB_266,MediumRisk
C-110889 PartyA_212 PartyB_169,MediumRisk
C-112018 PartyA_141 PartyB_43,MediumRisk
C-107645 PartyA_108 PartyB_149,HighRisk
C-114116 PartyA_257 PartyB_273,MediumRisk
C-114708 PartyA_212 PartyB_194,HighRisk
C-109589 PartyA_284 PartyB_195,MediumRisk
C-120726 PartyA_297 PartyB_22,MediumRisk
C-102833 PartyA_275 PartyB_242,MediumRisk
C-122020 PartyA_292 PartyB_39,MediumRisk
C-123851 PartyA_120 PartyB_146,MediumRisk
C-109979 PartyA_270 PartyB_227,MediumRisk
C-114549 PartyA_10 PartyB_24,LowRisk
C-104095 PartyA_207 PartyB_150,HighRisk
C-117573 PartyA_207 PartyB_27,MediumRisk
C-103990 PartyA_19 PartyB_266,HighRisk
C-108060 PartyA_238 PartyB_191,LowRisk
C-110565 PartyA_50 PartyB_196,MediumRisk
C-121613 PartyA_259 PartyB_75,MediumRisk
C-116016 PartyA_56 PartyB_227,HighRisk
C-120395 PartyA_278 PartyB_141,MediumRisk
C-122153 PartyA_229 PartyB_31,LowRisk
C-114799 PartyA_157 PartyB_158,HighRisk
C-102785 PartyA_98 PartyB_31,LowRisk
C-121536 PartyA_20 PartyB_138,MediumRisk
C-110771 PartyA_67 PartyB_251,MediumRisk
C-110686 PartyA_46 PartyB_276,MediumRisk
C-103880 PartyA_261 PartyB_220,MediumRisk
C-120359 PartyA_49 PartyB_32,MediumRisk
C-122696 PartyA_45 PartyB_255,HighRisk
C-120730 PartyA_84 PartyB_179,MediumRisk
C-119398 PartyA_210 PartyB_211,MediumRisk
C-111975 PartyA_61 PartyB_253,MediumRisk
C-107746 PartyA_74 PartyB_42,MediumRisk
C-124707 PartyA_293 PartyB_288,HighRisk
C-103945 PartyA_228 PartyB_249,LowRisk
C-102164 PartyA_240 PartyB_42,HighRisk
C-102886 PartyA_112 PartyB_60,MediumRisk
C-110109 PartyA_28 PartyB_240,MediumRisk
C-104354 PartyA_122 PartyB_70,HighRisk
C-105666 PartyA_39 PartyB_172,HighRisk
C-100172 PartyA_65 PartyB_163,MediumRisk
C-100639 PartyA_137 PartyB_258,MediumRisk
C-119289 PartyA_52 PartyB_200,MediumRisk
C-105065 PartyA_154 PartyB_204,MediumRisk
C-101548 PartyA_143 PartyB_104,MediumRisk
C-107435 PartyA_124 PartyB_217,MediumRisk
C-110932 PartyA_244 PartyB_141,HighRisk
C-110024 PartyA_26 PartyB_294,MediumRisk
C-101036 PartyA_198 PartyB_146,MediumRisk
C-122602 PartyA_124 PartyB_4,MediumRisk
C-114419 PartyA_56 PartyB_64,LowRisk
C-108418 PartyA_241 PartyB_79,MediumRisk
C-109582 PartyA_206 PartyB_37,MediumRisk
C-120822 PartyA_123 PartyB_189,HighRisk
C-110713 PartyA_77 PartyB_155,MediumRisk
C-119745 PartyA_181 PartyB_136,MediumRisk
C-119268 PartyA_56 PartyB_110,HighRisk
C-108257 PartyA_150 PartyB_220,MediumRisk
C-112467 PartyA_287 PartyB_179,HighRisk
C-120967 PartyA_171 PartyB_123,MediumRisk
C-120660 PartyA_109 PartyB_72,LowRisk
C-100354 PartyA_5 PartyB_243,MediumRisk
C-119460 PartyA_148 PartyB_294,MediumRisk
C-105904 PartyA_182 PartyB_90,LowRisk
C-112954 PartyA_105 PartyB_73,MediumRisk
C-101164 PartyA_11 PartyB_8,MediumRisk
C-122543 PartyA_187 PartyB_137,MediumRisk
C-103395 PartyA_11 PartyB_85,HighRisk
C-114796 PartyA_133 PartyB_109,MediumRisk
C-119524 PartyA_194 PartyB_18,MediumRisk
C-112760 PartyA_144 PartyB_190,MediumRisk
C-103127 PartyA_233 PartyB_102,MediumRisk
C-109694 PartyA_80 PartyB_21,MediumRisk
C-115138 PartyA_219 PartyB_57,MediumRisk
C-108501 PartyA_143 PartyB_267,HighRisk
C-120133 PartyA_250 PartyB_257,HighRisk
C-120846 PartyA_238 PartyB_171,MediumRisk
C-120406 PartyA_26 PartyB_97,MediumRisk
C-116535 PartyA_210 PartyB_89,MediumRisk
C-103587 PartyA_130 PartyB_147,MediumRisk
C-103557 PartyA_234 PartyB_115,HighRisk
C-120981 PartyA_28 PartyB_212,HighRisk
C-110962 PartyA_255 PartyB_30,MediumRisk
C-113004 PartyA_21 PartyB_261,MediumRisk
C-116708 PartyA_18 PartyB_129,HighRisk
C-116005 PartyA_289 PartyB_284,MediumRisk
C-105171 PartyA_88 PartyB_151,HighRisk
C-106743 PartyA_276 PartyB_257,MediumRisk
C-107398 PartyA_189 PartyB_124,HighRisk
C-111267 PartyA_193 PartyB_98,HighRisk
C-122742 PartyA_198 PartyB_245,MediumRisk
C-109484 PartyA_263 PartyB_98,MediumRisk
C-113830 PartyA_30 PartyB_235,MediumRisk
C-116892 PartyA_116 PartyB_142,HighRisk
C-113890 PartyA_240 PartyB_58,HighRisk
C-119317 PartyA_124 PartyB_87,MediumRisk
C-108177 PartyA_215 PartyB_14,MediumRisk
C-111620 PartyA_86 PartyB_299,MediumRisk
C-107857 PartyA_300 PartyB_148,MediumRisk
C-117485 PartyA_101 PartyB_51,LowRisk
C-120881 PartyA_70 PartyB_242,MediumRisk
C-102603 PartyA_187 PartyB_101,LowRisk
C-108609 PartyA_115 PartyB_261,MediumRisk
C-108061 PartyA_267 PartyB_271,HighRisk
C-103250 PartyA_255 PartyB_91,HighRisk
C-112601 PartyA_255 PartyB_191,MediumRisk
C-115857 PartyA_126 PartyB_170,MediumRisk
C-100709 PartyA_159 PartyB_186,MediumRisk
C-100118 PartyA_79 PartyB_243,MediumRisk
C-110214 PartyA_263 PartyB_274,MediumRisk
C-104598 PartyA_93 PartyB_209,HighRisk
C-102042 PartyA_74 PartyB_211,LowRisk
C-107419 PartyA_245 PartyB_276,HighRisk
C-106130 PartyA_217 PartyB_89,MediumRisk
C-117886 PartyA_221 PartyB_213,MediumRisk
C-100317 PartyA_270 PartyB_128,HighRisk
C-110566 PartyA_271 PartyB_244,MediumRisk
C-105315 PartyA_150 PartyB_22,LowRisk
C-121235 PartyA_53 PartyB_274,MediumRisk
C-114457 PartyA_24 PartyB_83,HighRisk
C-113419 PartyA_77 PartyB_8,MediumRisk
C-112873 PartyA_109 PartyB_264,MediumRisk
C-114993 PartyA_26 PartyB_112,LowRisk
C-106523 PartyA_183 PartyB_261,MediumRisk
C-105739 PartyA_232 PartyB_176,MediumRisk
C-122953 PartyA_84 PartyB_266,HighRisk
C-114953 PartyA_128 PartyB_71,HighRisk
C-105470 PartyA_55 PartyB_199,MediumRisk
C-114336 PartyA_230 PartyB_215,LowRisk
C-116471 PartyA_283 PartyB_135,MediumRisk
C-104163 PartyA_54 PartyB_65,MediumRisk
C-113180 PartyA_183 PartyB_133,MediumRisk
C-100403 PartyA_143 PartyB_285,LowRisk
C-104911 PartyA_161 PartyB_103,LowRisk
C-111422 PartyA_273 PartyB_290,HighRisk
C-109365 PartyA_277 PartyB_194,MediumRisk
C-106378 PartyA_144 PartyB_257,MediumRisk
C-114744 PartyA_66 PartyB_214,MediumRisk
C-103539 PartyA_172 PartyB_16,MediumRisk
C-106310 PartyA_198 PartyB_115,MediumRisk
C-109219 PartyA_253 PartyB_19,MediumRisk
C-105517 PartyA_249 PartyB_226,MediumRisk
C-102594 PartyA_190 PartyB_32,MediumRisk
C-123738 PartyA_123 PartyB_10,MediumRisk
C-118453 PartyA_54 PartyB_254,MediumRisk
C-119964 PartyA_169 PartyB_174,MediumRisk
C-120123 PartyA_136 PartyB_282,LowRisk
C-106654 PartyA_84 PartyB_286,MediumRisk
C-114266 PartyA_41 PartyB_7,HighRisk
C-115867 PartyA_105 PartyB_186,MediumRisk
C-117809 PartyA_180 PartyB_252,HighRisk
C-124830 PartyA_254 PartyB_100,LowRisk
C-101502 PartyA_241 PartyB_13,MediumRisk
C-123192 PartyA_86 PartyB_87,MediumRisk
C-100678 PartyA_149 PartyB_220,MediumRisk
C-121638 PartyA_6 PartyB_23,MediumRisk
C-105851 PartyA_70 PartyB_120,HighRisk
C-107194 PartyA_125 PartyB_63,MediumRisk
C-116301 PartyA_11 PartyB_142,MediumRisk
C-110095 PartyA_127 PartyB_256,HighRisk
C-102939 PartyA_187 PartyB_138,MediumRisk
C-112390 PartyA_74 PartyB_88,MediumRisk
C-101850 PartyA_2 PartyB_296,HighRisk
C-101070 PartyA_145 PartyB_64,HighRisk
C-117929 PartyA_184 PartyB_300,LowRisk
C-106784 PartyA_68 PartyB_202,MediumRisk
C-114444 PartyA_190 PartyB_239,MediumRisk
C-110672 PartyA_213 PartyB_181,MediumRisk
C-103392 PartyA_134 PartyB_137,HighRisk
C-117483 PartyA_188 PartyB_85,HighRisk
C-116802 PartyA_275 PartyB_153,HighRisk
C-119890 PartyA_149 PartyB_135,HighRisk
C-119254 PartyA_225 PartyB_294,MediumRisk
C-110139 PartyA_19 PartyB_57,MediumRisk
C-114606 PartyA_13 PartyB_16,MediumRisk
C-108400 PartyA_215 PartyB_290,LowRisk
C-118519 PartyA_34 PartyB_276,MediumRisk
C-104893 PartyA_290 PartyB_105,MediumRisk
C-108720 PartyA_203 PartyB_220,MediumRisk
C-120828 PartyA_100 PartyB_22,HighRisk
C-117106 PartyA_98 PartyB_140,HighRisk
C-123063 PartyA_230 PartyB_101,MediumRisk
C-108498 PartyA_246 PartyB_300,LowRisk
C-123519 PartyA_146 PartyB_52,MediumRisk
C-116587 PartyA_264 PartyB_123,HighRisk
C-119232 PartyA_261 PartyB_74,MediumRisk
C-106117 PartyA_152 PartyB_274,HighRisk
C-112716 PartyA_158 PartyB_33,MediumRisk
C-106567 PartyA_272 PartyB_69,MediumRisk
C-105670 PartyA_216 PartyB_127,MediumRisk
C-108949 PartyA_80 PartyB_67,LowRisk
C-113330 PartyA_97 PartyB_297,MediumRisk
C-100574 PartyA_168 PartyB_254,MediumRisk
C-124311 PartyA_300 PartyB_293,HighRisk
C-121786 PartyA_118 PartyB_217,MediumRisk
C-122406 PartyA_293 PartyB_266,MediumRisk
C-115123 PartyA_215 PartyB_38,LowRisk
C-116698 PartyA_198 PartyB_45,MediumRisk
C-122335 PartyA_237 PartyB_113,HighRisk
C-123746 PartyA_203 PartyB_139,HighRisk
C-108695 PartyA_58 PartyB_16,HighRisk
C-110514 PartyA_212 PartyB_125,MediumRisk
C-123287 PartyA_105 PartyB_269,MediumRisk
C-117232 PartyA_105 PartyB_210,HighRisk
C-102248 PartyA_89 PartyB_94,HighRisk
C-115958 PartyA_285 PartyB_61,MediumRisk
C-105616 PartyA_30 PartyB_43,MediumRisk
C-123697 PartyA_15 PartyB_29,MediumRisk
C-113509 PartyA_252 PartyB_83,MediumRisk
C-122947 PartyA_207 PartyB_73,LowRisk
C-114390 PartyA_183 PartyB_39,HighRisk
C-100997 PartyA_192 PartyB_43,MediumRisk
C-112926 PartyA_168 PartyB_172,HighRisk
C-111586 PartyA_92 PartyB_214,MediumRisk
C-116935 PartyA_2 PartyB_204,HighRisk
C-122460 PartyA_59 PartyB_274,MediumRisk
C-117794 PartyA_15 PartyB_247,MediumRisk
C-114572 PartyA_118 PartyB_25,MediumRisk
C-108032 PartyA_108 PartyB_46,HighRisk
C-101407 PartyA_229 PartyB_7,MediumRisk
C-122959 PartyA_190 PartyB_10,MediumRisk
C-122094 PartyA_109 PartyB_167,HighRisk
C-114021 PartyA_124 PartyB_28,HighRisk
C-114254 PartyA_178 PartyB_188,HighRisk
C-113841 PartyA_279 PartyB_215,MediumRisk
C-111780 PartyA_271 PartyB_94,MediumRisk
C-120032 PartyA_105 PartyB_122,MediumRisk
C-100693 PartyA_294 PartyB_51,HighRisk
C-110725 PartyA_186 PartyB_157,HighRisk
C-103443 PartyA_192 PartyB_52,MediumRisk
C-109174 PartyA_298 PartyB_119,MediumRisk
C-104175 PartyA_166 PartyB_143,MediumRisk
C-113844 PartyA_170 PartyB_48,HighRisk
C-110458 PartyA_93 PartyB_132,HighRisk
C-121209 PartyA_132 PartyB_74,MediumRisk
C-113382 PartyA_63 PartyB_43,MediumRisk
C-116645 PartyA_121 PartyB_274,LowRisk
C-111529 PartyA_66 PartyB_178,LowRisk
C-124542 PartyA_6 PartyB_118,HighRisk
C-105497 PartyA_109 PartyB_283,LowRisk
C-103875 PartyA_91 PartyB_182,MediumRisk
C-103626 PartyA_150 PartyB_21,MediumRisk
C-121849 PartyA_243 PartyB_264,MediumRisk
C-116829 PartyA_5 PartyB_53,MediumRisk
C-106752 PartyA_60 PartyB_220,MediumRisk
C-105111 PartyA_84 PartyB_132,HighRisk
C-114157 PartyA_211 PartyB_162,MediumRisk
C-116012 PartyA_204 PartyB_130,HighRisk
C-103555 PartyA_110 PartyB_275,HighRisk
C-110386 PartyA_296 PartyB_98,MediumRisk
C-120414 PartyA_56 PartyB_109,MediumRisk
C-111059 PartyA_128 PartyB_257,MediumRisk
C-102526 PartyA_75 PartyB_50,MediumRisk
C-115032 PartyA_299 PartyB_95,HighRisk
C-118593 PartyA_191 PartyB_39,MediumRisk
C-121430 PartyA_76 PartyB_9,MediumRisk
C-101168 PartyA_204 PartyB_119,MediumRisk
C-116136 PartyA_21 PartyB_21,MediumRisk
C-107892 PartyA_72 PartyB_274,MediumRisk
C-103149 PartyA_47 PartyB_86,MediumRisk
C-112006 PartyA_134 PartyB_92,MediumRisk
C-117264 PartyA_250 PartyB_160,HighRisk
C-113439 PartyA_213 PartyB_171,MediumRisk
C-101467 PartyA_300 PartyB_61,HighRisk
C-108154 PartyA_107 PartyB_165,LowRisk
C-121412 PartyA_75 PartyB_123,HighRisk
C-113833 PartyA_243 PartyB_214,MediumRisk
C-112153 PartyA_100 PartyB_67,MediumRisk
C-116836 PartyA_207 PartyB_70,MediumRisk
C-123101 PartyA_190 PartyB_20,HighRisk
C-104137 PartyA_268 PartyB_274,HighRisk
C-120780 PartyA_95 PartyB_54,MediumRisk
C-104150 PartyA_163 PartyB_239,MediumRisk
C-106468 PartyA_74 PartyB_238,HighRisk
C-114017 PartyA_253 PartyB_137,MediumRisk
C-116963 PartyA_139 PartyB_173,MediumRisk
C-106571 PartyA_66 PartyB_126,MediumRisk
C-115366 PartyA_80 PartyB_253,HighRisk
C-121478 PartyA_57 PartyB_79,MediumRisk
C-120297 PartyA_293 PartyB_96,HighRisk
C-115155 PartyA_148 PartyB_174,LowRisk
C-113779 PartyA_125 PartyB_249,LowRisk
C-100867 PartyA_94 PartyB_227,HighRisk
C-124275 PartyA_255 PartyB_166,HighRisk
C-121414 PartyA_49 PartyB_78,HighRisk
C-100402 PartyA_100 PartyB_151,HighRisk
C-104428 PartyA_150 PartyB_158,MediumRisk
C-103057 PartyA_142 PartyB_273,MediumRisk
C-123744 PartyA_187 PartyB_105,MediumRisk
C-107060 PartyA_180 PartyB_120,MediumRisk
C-116548 PartyA_156 PartyB_77,HighRisk
C-114863 PartyA_51 PartyB_100,MediumRisk
C-110390 PartyA_170 PartyB_64,LowRisk
C-111347 PartyA_290 PartyB_29,MediumRisk
C-112212 PartyA_183 PartyB_14,MediumRisk
C-103317 PartyA_169 PartyB_118,MediumRisk
C-112118 PartyA_294 PartyB_10,HighRisk
C-107865 PartyA_259 PartyB_228,HighRisk
C-112126 PartyA_218 PartyB_37,HighRisk
C-106851 PartyA_247 PartyB_194,MediumRisk
C-117718 PartyA_296 PartyB_49,MediumRisk
C-120776 PartyA_167 PartyB_151,HighRisk
C-123310 PartyA_103 PartyB_252,HighRisk
C-106997 PartyA_80 PartyB_193,LowRisk
C-123999 PartyA_161 PartyB_50,HighRisk
C-100706 PartyA_55 PartyB_90,HighRisk
C-103491 PartyA_232 PartyB_119,MediumRisk
C-115339 PartyA_32 PartyB_105,MediumRisk
C-104573 PartyA_41 PartyB_216,MediumRisk
C-113247 PartyA_295 PartyB_166,MediumRisk
C-115823 PartyA_91 PartyB_93,MediumRisk
C-120754 PartyA_166 PartyB_103,MediumRisk
C-107054 PartyA_221 PartyB_185,MediumRisk
C-105580 PartyA_35 PartyB_25,MediumRisk
C-103151 PartyA_271 PartyB_237,HighRisk
C-106617 PartyA_82 PartyB_255,LowRisk
C-111991 PartyA_125 PartyB_292,HighRisk
C-104022 PartyA_67 PartyB_199,MediumRisk
C-119248 PartyA_66 PartyB_55,LowRisk
C-102607 PartyA_234 PartyB_285,MediumRisk
C-111630 PartyA_59 PartyB_51,MediumRisk
C-109118 PartyA_164 PartyB_13,MediumRisk
C-109182 PartyA_279 PartyB_100,MediumRisk
C-102429 PartyA_135 PartyB_23,HighRisk
C-116630 PartyA_235 PartyB_158,HighRisk
C-103815 PartyA_213 PartyB_214,MediumRisk
C-118699 PartyA_263 PartyB_169,LowRisk
C-122404 PartyA_164 PartyB_73,HighRisk
C-100835 PartyA_178 PartyB_207,MediumRisk
C-113256 PartyA_39 PartyB_178,MediumRisk
C-120457 PartyA_233 PartyB_290,LowRisk
C-108624 PartyA_287 PartyB_42,MediumRisk
C-101173 PartyA_193 PartyB_66,MediumRisk
C-118794 PartyA_2 PartyB_111,MediumRisk
C-108102 PartyA_163 PartyB_233,MediumRisk
C-116117 PartyA_170 PartyB_255,MediumRisk
C-108098 PartyA_233 PartyB_162,MediumRisk
C-104951 PartyA_59 PartyB_172,MediumRisk
C-115194 PartyA_294 PartyB_36,MediumRisk
C-116634 PartyA_281 PartyB_50,HighRisk
C-124737 PartyA_244 PartyB_128,MediumRisk
C-118390 PartyA_16 PartyB_79,MediumRisk
C-107795 PartyA_191 PartyB_210,HighRisk
C-123115 PartyA_81 PartyB_105,MediumRisk
C-103407 PartyA_178 PartyB_181,MediumRisk
C-121022 PartyA_87 PartyB_166,MediumRisk
C-115784 PartyA_92 PartyB_260,MediumRisk
C-108963 PartyA_212 PartyB_78,MediumRisk
C-101997 PartyA_212 PartyB_55,MediumRisk
C-120136 PartyA_212 PartyB_159,MediumRisk
C-121197 PartyA_77 PartyB_107,MediumRisk
C-105629 PartyA_207 PartyB_187,HighRisk
C-104002 PartyA_69 PartyB_167,HighRisk
C-120293 PartyA_126 PartyB_179,LowRisk
C-104753 PartyA_150 PartyB_165,HighRisk
C-123757 PartyA_118 PartyB_15,HighRisk
C-116956 PartyA_260 PartyB_203,HighRisk
C-103681 PartyA_76 PartyB_81,MediumRisk
C-107448 PartyA_145 PartyB_107,MediumRisk
C-118399 PartyA_6 PartyB_150,MediumRisk
C-113135 PartyA_141 PartyB_224,HighRisk
C-103985 PartyA_30 PartyB_156,MediumRisk
C-119984 PartyA_104 PartyB_184,MediumRisk
C-109205 PartyA_175 PartyB_85,HighRisk
C-119146 PartyA_89 PartyB_58,MediumRisk
C-104277 PartyA_40 PartyB_107,MediumRisk
C-103666 PartyA_28 PartyB_254,MediumRisk
C-108412 PartyA_232 PartyB_105,LowRisk
C-124581 PartyA_268 PartyB_152,MediumRisk
C-106520 PartyA_15 PartyB_299,MediumRisk
C-122950 PartyA_270 PartyB_94,MediumRisk
C-117607 PartyA_106 PartyB_38,MediumRisk
C-115464 PartyA_216 PartyB_87,MediumRisk
C-111831 PartyA_198 PartyB_123,MediumRisk
C-116928 PartyA_294 PartyB_268,HighRisk
C-101204 PartyA_17 PartyB_60,MediumRisk
C-102883 PartyA_5 PartyB_199,MediumRisk
C-108613 PartyA_284 PartyB_289,MediumRisk
C-109257 PartyA_33 PartyB_85,MediumRisk
C-107242 PartyA_281 PartyB_292,HighRisk
C-102637 PartyA_7 PartyB_256,MediumRisk
C-122834 PartyA_198 PartyB_51,MediumRisk
C-123327 PartyA_281 PartyB_53,LowRisk
C-100877 PartyA_76 PartyB_131,MediumRisk
C-124686 PartyA_280 PartyB_187,HighRisk
C-104379 PartyA_115 PartyB_147,HighRisk
C-111957 PartyA_130 PartyB_78,HighRisk
C-103908 PartyA_223 PartyB_228,LowRisk
C-110763 PartyA_38 PartyB_65,MediumRisk
C-107688 PartyA_202 PartyB_194,LowRisk
C-123256 PartyA_292 PartyB_96,MediumRisk
C-108075 PartyA_192 PartyB_285,LowRisk
C-114635 PartyA_180 PartyB_19,MediumRisk
C-113161 PartyA_168 PartyB_216,MediumRisk
C-106479 PartyA_149 PartyB_202,MediumRisk
C-104711 PartyA_179 PartyB_167,MediumRisk
C-118220 PartyA_22 PartyB_153,HighRisk
C-112476 PartyA_271 PartyB_34,HighRisk
C-100989 PartyA_257 PartyB_100,MediumRisk
C-102682 PartyA_239 PartyB_262,MediumRisk
C-109702 PartyA_268 PartyB_147,MediumRisk
C-117392 PartyA_185 PartyB_52,MediumRisk
C-118815 PartyA_227 PartyB_183,MediumRisk
C-111196 PartyA_254 PartyB_275,MediumRisk
C-107787 PartyA_136 PartyB_280,MediumRisk
C-116099 PartyA_206 PartyB_274,HighRisk
C-103823 PartyA_145 PartyB_208,LowRisk
C-108446 PartyA_79 PartyB_263,MediumRisk
C-119243 PartyA_86 PartyB_105,MediumRisk
C-105159 PartyA_111 PartyB_55,MediumRisk
C-122745 PartyA_299 PartyB_254,MediumRisk
C-117143 PartyA_121 PartyB_18,HighRisk
C-100654 PartyA_198 PartyB_191,MediumRisk
C-105812 PartyA_33 PartyB_62,MediumRisk
C-102892 PartyA_266 PartyB_68,HighRisk
C-116179 PartyA_97 PartyB_37,HighRisk
C-123368 PartyA_9 PartyB_161,HighRisk
C-105636 PartyA_213 PartyB_253,MediumRisk
C-109612 PartyA_117 PartyB_48,MediumRisk
C-103044 PartyA_67 PartyB_124,HighRisk
C-122795 PartyA_257 PartyB_131,MediumRisk
C-108445 PartyA_90 PartyB_18,HighRisk
C-121421 PartyA_143 PartyB_179,MediumRisk
C-106159 PartyA_275 PartyB_215,HighRisk
C-113515 PartyA_94 PartyB_200,HighRisk
C-112569 PartyA_218 PartyB_72,MediumRisk
C-106022 PartyA_260 PartyB_116,LowRisk
C-105092 PartyA_89 PartyB_89,HighRisk
C-113569 PartyA_111 PartyB_90,MediumRisk
C-111211 PartyA_266 PartyB_216,HighRisk
C-111221 PartyA_130 PartyB_203,MediumRisk
C-118602 PartyA_93 PartyB_179,MediumRisk
C-122763 PartyA_231 PartyB_235,HighRisk
C-124788 PartyA_168 PartyB_283,MediumRisk
C-117515 PartyA_250 PartyB_227,HighRisk
C-103659 PartyA_202 PartyB_275,HighRisk
C-103326 PartyA_284 PartyB_13,HighRisk
C-109465 PartyA_249 PartyB_183,MediumRisk
C-115033 PartyA_27 PartyB_137,HighRisk
C-102663 PartyA_158 PartyB_258,MediumRisk
C-121305 PartyA_69 PartyB_114,MediumRisk
C-111673 PartyA_76 PartyB_245,MediumRisk
C-124541 PartyA_251 PartyB_227,LowRisk
C-101927 PartyA_54 PartyB_10,HighRisk
C-119990 PartyA_133 PartyB_260,LowRisk
C-114132 PartyA_202 PartyB_266,HighRisk
C-123426 PartyA_130 PartyB_283,MediumRisk
C-102880 PartyA_17 PartyB_177,HighRisk
C-113562 PartyA_78 PartyB_49,MediumRisk
C-109494 PartyA_54 PartyB_160,HighRisk
C-119165 PartyA_214 PartyB_25,MediumRisk
C-121132 PartyA_63 PartyB_80,MediumRisk
C-122253 PartyA_250 PartyB_26,HighRisk
C-116195 PartyA_14 PartyB_192,MediumRisk
C-104620 PartyA_86 PartyB_22,HighRisk
C-100942 PartyA_258 PartyB_93,MediumRisk
C-123729 PartyA_221 PartyB_117,MediumRisk
C-124064 PartyA_96 PartyB_114,MediumRisk
C-116577 PartyA_119 PartyB_163,MediumRisk
C-116522 PartyA_88 PartyB_77,MediumRisk
C-108368 PartyA_95 PartyB_88,HighRisk
C-108627 PartyA_184 PartyB_93,MediumRisk
C-116692 PartyA_179 PartyB_142,HighRisk
C-117949 PartyA_79 PartyB_286,MediumRisk
C-112156 PartyA_136 PartyB_188,MediumRisk
C-106727 PartyA_243 PartyB_282,LowRisk
C-123916 PartyA_123 PartyB_214,MediumRisk
C-123453 PartyA_129 PartyB_188,HighRisk
C-112817 PartyA_79 PartyB_159,HighRisk
C-119328 PartyA_286 PartyB_265,HighRisk
C-123565 PartyA_203 PartyB_59,MediumRisk
C-102623 PartyA_249 PartyB_219,MediumRisk
C-108534 PartyA_193 PartyB_51,MediumRisk
C-116615 PartyA_202 PartyB_273,MediumRisk
C-108371 PartyA_196 PartyB_63,MediumRisk
C-118306 PartyA_137 PartyB_46,MediumRisk
C-100737 PartyA_47 PartyB_217,MediumRisk
C-118807 PartyA_188 PartyB_41,MediumRisk
C-121029 PartyA_95 PartyB_17,HighRisk
C-114057 PartyA_51 PartyB_228,MediumRisk
C-114879 PartyA_44 PartyB_157,MediumRisk
C-114249 PartyA_148 PartyB_289,HighRisk
C-119868 PartyA_245 PartyB_173,MediumRisk
C-119132 PartyA_153 PartyB_272,MediumRisk
C-109513 PartyA_100 PartyB_107,MediumRisk
C-110187 PartyA_115 PartyB_236,LowRisk
C-106495 PartyA_117 PartyB_10,MediumRisk
C-100755 PartyA_286 PartyB_25,HighRisk
C-124236 PartyA_43 PartyB_2,MediumRisk
C-118695 PartyA_185 PartyB_39,MediumRisk
C-115802 PartyA_300 PartyB_157,MediumRisk
C-124415 PartyA_58 PartyB_218,LowRisk
C-120705 PartyA_208 PartyB_129,LowRisk
C-106200 PartyA_84 PartyB_86,MediumRisk
C-116453 PartyA_96 PartyB_270,HighRisk
C-108084 PartyA_269 PartyB_4,HighRisk
C-115047 PartyA_191 PartyB_100,MediumRisk
C-118517 PartyA_70 PartyB_52,MediumRisk
C-105682 PartyA_31 PartyB_193,MediumRisk
C-123969 PartyA_101 PartyB_153,HighRisk
C-115653 PartyA_68 PartyB_147,MediumRisk
C-124949 PartyA_76 PartyB_270,HighRisk
C-118064 PartyA_159 PartyB_285,MediumRisk
C-107557 PartyA_260 PartyB_95,MediumRisk
C-108569 PartyA_246 PartyB_162,MediumRisk
C-109661 PartyA_183 PartyB_224,MediumRisk
C-115734 PartyA_144 PartyB_157,HighRisk
C-105961 PartyA_15 PartyB_152,MediumRisk
C-122882 PartyA_194 PartyB_235,MediumRisk
C-107868 PartyA_121 PartyB_127,HighRisk
C-101269 PartyA_56 PartyB_119,HighRisk
C-113733 PartyA_191 PartyB_5,MediumRisk
C-112697 PartyA_77 PartyB_204,HighRisk
C-120382 PartyA_241 PartyB_212,HighRisk
C-106998 PartyA_140 PartyB_34,MediumRisk
C-111283 PartyA_12 PartyB_277,HighRisk
C-108669 PartyA_219 PartyB_209,MediumRisk
C-124143 PartyA_145 PartyB_8,MediumRisk
C-109045 PartyA_284 PartyB_60,MediumRisk
C-121660 PartyA_39 PartyB_294,HighRisk
C-124618 PartyA_203 PartyB_168,MediumRisk
C-121005 PartyA_253 PartyB_47,MediumRisk
C-105127 PartyA_44 PartyB_47,HighRisk
C-109327 PartyA_107 PartyB_73,HighRisk
C-101545 PartyA_34 PartyB_26,MediumRisk
C-100739 PartyA_245 PartyB_154,MediumRisk
C-111572 PartyA_297 PartyB_134,MediumRisk
C-110875 PartyA_27 PartyB_3,MediumRisk
C-101674 PartyA_158 PartyB_136,MediumRisk
C-116121 PartyA_246 PartyB_1,HighRisk
C-102567 PartyA_164 PartyB_12,HighRisk
C-106984 PartyA_32 PartyB_145,MediumRisk
C-106795 PartyA_254 PartyB_287,HighRisk
C-104732 PartyA_79 PartyB_87,MediumRisk
C-100773 PartyA_270 PartyB_207,MediumRisk
C-117249 PartyA_70 PartyB_290,HighRisk
C-108521 PartyA_152 PartyB_17,HighRisk
C-124391 PartyA_67 PartyB_10,HighRisk
C-117025 PartyA_120 PartyB_254,HighRisk
C-100018 PartyA_125 PartyB_243,HighRisk
C-102244 PartyA_30 PartyB_85,MediumRisk
C-103203 PartyA_211 PartyB_131,HighRisk
C-107288 PartyA_242 PartyB_70,MediumRisk
C-105204 PartyA_5 PartyB_17,HighRisk
C-113708 PartyA_219 PartyB_159,LowRisk
C-106923 PartyA_118 PartyB_245,MediumRisk
C-124157 PartyA_109 PartyB_158,MediumRisk
C-111998 PartyA_290 PartyB_276,HighRisk
C-111197 PartyA_234 PartyB_54,MediumRisk
C-113968 PartyA_149 PartyB_300,HighRisk
C-121569 PartyA_281 PartyB_296,HighRisk
C-112921 PartyA_190 PartyB_211,MediumRisk
C-106665 PartyA_54 PartyB_256,MediumRisk
C-103240 PartyA_210 PartyB_91,MediumRisk
C-116929 PartyA_276 PartyB_287,HighRisk
C-103309 PartyA_64 PartyB_241,MediumRisk
C-110358 PartyA_100 PartyB_289,MediumRisk
C-100363 PartyA_196 PartyB_272,MediumRisk
C-111017 PartyA_2 PartyB_8,LowRisk
C-111789 PartyA_127 PartyB_244,MediumRisk
C-104726 PartyA_238 PartyB_132,MediumRisk
C-108738 PartyA_252 PartyB_135,HighRisk
C-116855 PartyA_86 PartyB_83,HighRisk
C-101641 PartyA_38 PartyB_123,MediumRisk
C-123462 PartyA_48 PartyB_169,MediumRisk
C-101172 PartyA_280 PartyB_256,MediumRisk
C-104500 PartyA_14 PartyB_279,MediumRisk
C-113465 PartyA_256 PartyB_122,MediumRisk
C-123208 PartyA_190 PartyB_210,MediumRisk
C-119572 PartyA_50 PartyB_93,MediumRisk
C-103364 PartyA_209 PartyB_261,MediumRisk
C-119513 PartyA_153 PartyB_250,HighRisk
C-112665 PartyA_290 PartyB_222,MediumRisk
C-101410 PartyA_232 PartyB_79,MediumRisk
C-112479 PartyA_220 PartyB_259,MediumRisk
C-120010 PartyA_93 PartyB_232,MediumRisk
C-106666 PartyA_211 PartyB_100,MediumRisk
C-111332 PartyA_257 PartyB_231,MediumRisk
C-117199 PartyA_25 PartyB_97,MediumRisk
C-114900 PartyA_59 PartyB_94,MediumRisk
C-102131 PartyA_88 PartyB_221,MediumRisk
C-101797 PartyA_161 PartyB_26,MediumRisk
C-115378 PartyA_273 PartyB_6,MediumRisk
C-107727 PartyA_275 PartyB_284,MediumRisk
C-104575 PartyA_194 PartyB_229,HighRisk
C-105190 PartyA_193 PartyB_104,MediumRisk
C-108167 PartyA_26 PartyB_262,MediumRisk
C-115732 PartyA_217 PartyB_58,MediumRisk
C-112410 PartyA_262 PartyB_79,HighRisk
C-100523 PartyA_171 PartyB_251,LowRisk
C-103089 PartyA_73 PartyB_218,MediumRisk
C-123133 PartyA_135 PartyB_24,LowRisk
C-111619 PartyA_152 PartyB_123,MediumRisk
C-101996 PartyA_225 PartyB_212,MediumRisk
C-117916 PartyA_287 PartyB_247,MediumRisk
C-111819 PartyA_231 PartyB_166,MediumRisk
C-111602 PartyA_262 PartyB_146,MediumRisk
C-102831 PartyA_293 PartyB_244,MediumRisk
C-108269 PartyA_106 PartyB_75,HighRisk
C-107489 PartyA_145 PartyB_280,HighRisk
C-120203 PartyA_12 PartyB_96,HighRisk
C-120492 PartyA_78 PartyB_62,MediumRisk
C-121907 PartyA_291 PartyB_46,MediumRisk
C-101299 PartyA_15 PartyB_241,MediumRisk
C-106273 PartyA_198 PartyB_289,MediumRisk
C-105499 PartyA_211 PartyB_84,HighRisk
C-106447 PartyA_112 PartyB_250,MediumRisk
C-115613 PartyA_83 PartyB_95,MediumRisk
C-115126 PartyA_54 PartyB_115,MediumRisk
C-117864 PartyA_264 PartyB_91,MediumRisk
C-117985 PartyA_115 PartyB_177,MediumRisk
C-110151 PartyA_63 PartyB_204,HighRisk
C-107067 PartyA_99 PartyB_86,MediumRisk
C-122100 PartyA_278 PartyB_187,MediumRisk
C-119651 PartyA_238 PartyB_237,LowRisk
C-115116 PartyA_122 PartyB_22,MediumRisk
C-108747 PartyA_103 PartyB_281,MediumRisk
C-105680 PartyA_204 PartyB_241,MediumRisk
C-111549 PartyA_244 PartyB_93,MediumRisk
C-116781 PartyA_167 PartyB_113,MediumRisk
C-101537 PartyA_21 PartyB_85,MediumRisk
C-124905 PartyA_243 PartyB_298,MediumRisk
C-120301 PartyA_295 PartyB_230,HighRisk
C-105555 PartyA_4 PartyB_89,MediumRisk
C-103010 PartyA_65 PartyB_61,MediumRisk
C-117107 PartyA_160 PartyB_223,MediumRisk
C-116684 PartyA_105 PartyB_186,HighRisk
C-107328 PartyA_260 PartyB_52,MediumRisk
C-112486 PartyA_208 PartyB_196,MediumRisk
C-104185 PartyA_169 PartyB_200,HighRisk
C-115146 PartyA_244 PartyB_262,MediumRisk
C-109549 PartyA_48 PartyB_164,HighRisk
C-111496 PartyA_258 PartyB_169,HighRisk
C-113647 PartyA_6 PartyB_281,MediumRisk
C-123716 PartyA_226 PartyB_159,HighRisk
C-121682 PartyA_169 PartyB_89,MediumRisk
C-123809 PartyA_247 PartyB_64,LowRisk
C-113147 PartyA_272 PartyB_251,MediumRisk
C-104582 PartyA_268 PartyB_59,LowRisk
C-123828 PartyA_62 PartyB_158,MediumRisk
C-107367 PartyA_253 PartyB_272,HighRisk
C-110681 PartyA_47 PartyB_98,HighRisk
C-100143 PartyA_10 PartyB_186,MediumRisk
C-119088 PartyA_235 PartyB_73,HighRisk
C-122670 PartyA_39 PartyB_236,MediumRisk
C-109344 PartyA_108 PartyB_112,MediumRisk
C-114141 PartyA_89 PartyB_79,MediumRisk
C-101212 PartyA_126 PartyB_79,MediumRisk
C-118464 PartyA_56 PartyB_124,MediumRisk
C-109261 PartyA_193 PartyB_254,MediumRisk
C-114086 PartyA_299 PartyB_196,MediumRisk
C-121241 PartyA_59 PartyB_18,HighRisk
C-105994 PartyA_118 PartyB_76,HighRisk
C-104272 PartyA_59 PartyB_166,MediumRisk
C-114923 PartyA_120 PartyB_238,HighRisk
C-118641 PartyA_213 PartyB_5,HighRisk
C-100786 PartyA_147 PartyB_74,HighRisk
C-111049 PartyA_242 PartyB_28,LowRisk
C-114785 PartyA_256 PartyB_52,MediumRisk
C-118100 PartyA_86 PartyB_242,MediumRisk
C-119308 PartyA_272 PartyB_8,HighRisk
C-115792 PartyA_80 PartyB_121,MediumRisk
C-112379 PartyA_145 PartyB_293,MediumRisk
C-107853 PartyA_259 PartyB_123,MediumRisk
C-123526 PartyA_230 PartyB_112,HighRisk
C-120751 PartyA_35 PartyB_4,MediumRisk
C-113016 PartyA_155 PartyB_187,MediumRisk
C-114873 PartyA_102 PartyB_63,MediumRisk
C-114259 PartyA_154 PartyB_259,MediumRisk
C-104626 PartyA_82 PartyB_292,MediumRisk
C-117380 PartyA_89 PartyB_84,HighRisk
C-121426 PartyA_290 PartyB_43,MediumRisk
C-121945 PartyA_257 PartyB_222,HighRisk
C-100154 PartyA_275 PartyB_9,MediumRisk
C-111468 PartyA_63 PartyB_87,MediumRisk
C-123080 PartyA_38 PartyB_219,HighRisk
C-108055 PartyA_184 PartyB_96,MediumRisk
C-120781 PartyA_98 PartyB_212,MediumRisk
C-108926 PartyA_239 PartyB_119,HighRisk
C-100156 PartyA_200 PartyB_241,MediumRisk
C-103085 PartyA_215 PartyB_286,MediumRisk
C-101552 PartyA_214 PartyB_238,MediumRisk
C-113393 PartyA_65 PartyB_126,MediumRisk
C-100556 PartyA_96 PartyB_60,MediumRisk
C-102148 PartyA_76 PartyB_28,MediumRisk
C-111987 PartyA_242 PartyB_55,MediumRisk
C-100495 PartyA_269 PartyB_255,HighRisk
C-121554 PartyA_268 PartyB_24,HighRisk
C-102321 PartyA_162 PartyB_208,MediumRisk
C-117296 PartyA_279 PartyB_32,MediumRisk
C-100151 PartyA_115 PartyB_15,MediumRisk
C-124235 PartyA_50 PartyB_217,HighRisk
C-121498 PartyA_283 PartyB_60,MediumRisk
C-120940 PartyA_79 PartyB_288,MediumRisk
C-101364 PartyA_6 PartyB_213,MediumRisk
C-118122 PartyA_262 PartyB_86,MediumRisk
C-115696 PartyA_51 PartyB_108,HighRisk
C-103720 PartyA_145 PartyB_291,HighRisk
C-107127 PartyA_134 PartyB_98,HighRisk
C-109533 PartyA_285 PartyB_177,MediumRisk
C-117272 PartyA_250 PartyB_244,HighRisk
C-105471 PartyA_268 PartyB_251,HighRisk
C-120138 PartyA_9 PartyB_206,MediumRisk
C-104823 PartyA_131 PartyB_115,MediumRisk
C-115479 PartyA_13 PartyB_5,HighRisk
C-112653 PartyA_33 PartyB_287,MediumRisk
C-116727 PartyA_108 PartyB_23,HighRisk
C-104136 PartyA_247 PartyB_4,MediumRisk
C-112388 PartyA_238 PartyB_6,MediumRisk
C-102121 PartyA_237 PartyB_46,HighRisk
C-106858 PartyA_39 PartyB_9,MediumRisk
C-100992 PartyA_230 PartyB_68,MediumRisk
C-113273 PartyA_273 PartyB_39,MediumRisk
C-115871 PartyA_106 PartyB_32,MediumRisk
C-116149 PartyA_237 PartyB_141,MediumRisk
C-119303 PartyA_36 PartyB_117,HighRisk
C-115630 PartyA_215 PartyB_56,LowRisk
C-107366 PartyA_21 PartyB_276,LowRisk
C-117849 PartyA_176 PartyB_86,MediumRisk
C-123387 PartyA_126 PartyB_216,MediumRisk
C-103565 PartyA_254 PartyB_35,LowRisk
C-105840 PartyA_28 PartyB_51,HighRisk
C-116667 PartyA_120 PartyB_134,MediumRisk
C-124093 PartyA_16 PartyB_201,MediumRisk
C-112861 PartyA_190 PartyB_248,MediumRisk
C-108911 PartyA_294 PartyB_91,HighRisk
C-104151 PartyA_6 PartyB_3,MediumRisk
C-116075 PartyA_228 PartyB_263,HighRisk
C-114271 PartyA_36 PartyB_185,HighRisk
C-114130 PartyA_237 PartyB_34,LowRisk
C-124585 PartyA_44 PartyB_74,MediumRisk
C-113502 PartyA_214 PartyB_81,MediumRisk
C-110313 PartyA_78 PartyB_297,HighRisk
C-118590 PartyA_50 PartyB_154,LowRisk
C-118874 PartyA_68 PartyB_259,HighRisk
C-113204 PartyA_59 PartyB_126,MediumRisk
C-104321 PartyA_291 PartyB_78,MediumRisk
C-103161 PartyA_37 PartyB_84,HighRisk
C-102630 PartyA_226 PartyB_56,MediumRisk
C-103174 PartyA_105 PartyB_21,MediumRisk
C-102565 PartyA_162 PartyB_3,MediumRisk
C-122353 PartyA_257 PartyB_17,MediumRisk
C-117587 PartyA_209 PartyB_2,MediumRisk
C-122923 PartyA_224 PartyB_31,HighRisk
C-117000 PartyA_204 PartyB_157,LowRisk
C-103114 PartyA_77 PartyB_179,LowRisk
C-110833 PartyA_171 PartyB_42,MediumRisk
C-122632 PartyA_36 PartyB_153,LowRisk
C-113920 PartyA_116 PartyB_62,MediumRisk
C-118764 PartyA_123 PartyB_22,MediumRisk
C-102460 PartyA_106 PartyB_299,MediumRisk
C-114914 PartyA_189 PartyB_145,MediumRisk
C-111810 PartyA_105 PartyB_24,MediumRisk
C-122725 PartyA_98 PartyB_286,MediumRisk
C-108092 PartyA_264 PartyB_147,MediumRisk
C-117741 PartyA_168 PartyB_102,HighRisk
C-107798 PartyA_33 PartyB_11,HighRisk
C-108997 PartyA_240 PartyB_224,MediumRisk
C-112886 PartyA_225 PartyB_68,MediumRisk
C-122025 PartyA_41 PartyB_63,MediumRisk
C-107776 PartyA_50 PartyB_167,MediumRisk
C-114201 PartyA_131 PartyB_69,HighRisk
C-117974 PartyA_299 PartyB_144,HighRisk
C-115489 PartyA_61 PartyB_120,HighRisk
C-124643 PartyA_219 PartyB_122,MediumRisk
C-103140 PartyA_194 PartyB_18,MediumRisk
C-112472 PartyA_292 PartyB_53,LowRisk
C-105338 PartyA_209 PartyB_48,MediumRisk
C-118937 PartyA_260 PartyB_53,MediumRisk
C-116931 PartyA_40 PartyB_271,HighRisk
C-107118 PartyA_228 PartyB_100,MediumRisk
C-106937 PartyA_170 PartyB_87,MediumRisk
C-116410 PartyA_40 PartyB_285,MediumRisk
C-117451 PartyA_269 PartyB_267,MediumRisk
C-103918 PartyA_55 PartyB_172,MediumRisk
C-105529 PartyA_17 PartyB_274,LowRisk
C-105398 PartyA_171 PartyB_105,HighRisk
C-111360 PartyA_7 PartyB_154,MediumRisk
C-114380 PartyA_246 PartyB_286,LowRisk
C-117285 PartyA_235 PartyB_56,MediumRisk
C-120044 PartyA_144 PartyB_215,MediumRisk
C-110740 PartyA_128 PartyB_129,MediumRisk
C-116821 PartyA_256 PartyB_55,LowRisk
C-108320 PartyA_184 PartyB_24,MediumRisk
C-115699 PartyA_294 PartyB_160,HighRisk
C-111112 PartyA_248 PartyB_231,MediumRisk
C-105269 PartyA_42 PartyB_175,HighRisk
C-101861 PartyA_37 PartyB_19,HighRisk
C-110891 PartyA_25 PartyB_163,HighRisk
C-124839 PartyA_249 PartyB_125,HighRisk
C-117488 PartyA_110 PartyB_209,MediumRisk
C-109225 PartyA_54 PartyB_192,MediumRisk
C-100001 PartyA_113 PartyB_230,MediumRisk
C-102706 PartyA_256 PartyB_40,LowRisk
C-113327 PartyA_231 PartyB_53,HighRisk
C-110691 PartyA_11 PartyB_198,MediumRisk
C-109196 PartyA_124 PartyB_41,MediumRisk
C-106957 PartyA_235 PartyB_57,MediumRisk
C-102155 PartyA_13 PartyB_28,LowRisk
C-104011 PartyA_34 PartyB_59,HighRisk
C-100534 PartyA_234 PartyB_22,MediumRisk
C-111962 PartyA_87 PartyB_49,MediumRisk
C-105823 PartyA_25 PartyB_107,MediumRisk
C-116969 PartyA_65 PartyB_160,MediumRisk
C-111875 PartyA_197 PartyB_61,LowRisk
C-112352 PartyA_260 PartyB_286,HighRisk
C-115323 PartyA_241 PartyB_48,HighRisk
C-121099 PartyA_30 PartyB_8,HighRisk
C-119297 PartyA_147 PartyB_212,MediumRisk
C-120614 PartyA_127 PartyB_45,MediumRisk
C-108683 PartyA_98 PartyB_164,MediumRisk
C-109743 PartyA_78 PartyB_210,MediumRisk
C-114260 PartyA_60 PartyB_21,HighRisk
C-115124 PartyA_216 PartyB_61,HighRisk
C-109088 PartyA_79 PartyB_176,HighRisk
C-116562 PartyA_18 PartyB_42,MediumRisk
C-106464 PartyA_37 PartyB_209,HighRisk
C-122202 PartyA_154 PartyB_85,HighRisk
C-118300 PartyA_16 PartyB_199,MediumRisk
C-108107 PartyA_72 PartyB_200,MediumRisk
C-114904 PartyA_290 PartyB_24,MediumRisk
C-101910 PartyA_131 PartyB_154,MediumRisk
C-121317 PartyA_223 PartyB_156,MediumRisk
C-119231 PartyA_168 PartyB_56,MediumRisk
C-117517 PartyA_218 PartyB_29,MediumRisk
C-121053 PartyA_153 PartyB_213,HighRisk
C-119896 PartyA_41 PartyB_108,MediumRisk
C-101317 PartyA_106 PartyB_228,HighRisk
C-104368 PartyA_294 PartyB_181,MediumRisk
C-108313 PartyA_24 PartyB_254,MediumRisk
C-119005 PartyA_246 PartyB_171,MediumRisk
C-113854 PartyA_34 PartyB_170,MediumRisk
C-106080 PartyA_167 PartyB_48,MediumRisk
C-102601 PartyA_234 PartyB_209,MediumRisk
C-106568 PartyA_52 PartyB_1,MediumRisk
C-118557 PartyA_74 PartyB_17,HighRisk
C-124011 PartyA_15 PartyB_225,HighRisk
C-112746 PartyA_33 PartyB_189,HighRisk
C-113276 PartyA_70 PartyB_191,MediumRisk
C-107995 PartyA_164 PartyB_238,MediumRisk
C-109142 PartyA_182 PartyB_197,HighRisk
C-103768 PartyA_237 PartyB_203,MediumRisk
C-105077 PartyA_84 PartyB_9,MediumRisk
C-123759 PartyA_27 PartyB_235,MediumRisk
C-109599 PartyA_10 PartyB_256,MediumRisk
C-104631 PartyA_242 PartyB_273,MediumRisk
C-100240 PartyA_72 PartyB_41,HighRisk
C-116053 PartyA_77 PartyB_223,MediumRisk
C-115424 PartyA_184 PartyB_280,MediumRisk
C-122988 PartyA_32 PartyB_107,LowRisk
C-119177 PartyA_31 PartyB_272,MediumRisk
C-111461 PartyA_233 PartyB_43,MediumRisk
C-107465 PartyA_197 PartyB_182,LowRisk
C-101867 PartyA_5 PartyB_18,HighRisk
C-119172 PartyA_151 PartyB_205,MediumRisk
C-102521 PartyA_4 PartyB_224,HighRisk
C-101820 PartyA_167 PartyB_280,HighRisk
C-102410 PartyA_87 PartyB_220,HighRisk
C-108243 PartyA_64 PartyB_222,MediumRisk
C-106637 PartyA_220 PartyB_79,MediumRisk
C-116576 PartyA_32 PartyB_175,MediumRisk
C-104565 PartyA_265 PartyB_285,MediumRisk
C-114917 PartyA_83 PartyB_21,MediumRisk
C-113929 PartyA_41 PartyB_28,MediumRisk
C-122717 PartyA_165 PartyB_210,HighRisk
C-106391 PartyA_75 PartyB_50,MediumRisk
C-102118 PartyA_78 PartyB_18,MediumRisk
C-110050 PartyA_155 PartyB_61,MediumRisk
C-103779 PartyA_67 PartyB_143,MediumRisk
C-123280 PartyA_252 PartyB_85,MediumRisk
C-104961 PartyA_108 PartyB_239,HighRisk
C-102809 PartyA_79 PartyB_126,MediumRisk
C-100498 PartyA_37 PartyB_7,HighRisk
C-111445 PartyA_54 PartyB_161,MediumRisk
C-100918 PartyA_215 PartyB_79,HighRisk
C-113390 PartyA_237 PartyB_21,MediumRisk
C-113264 PartyA_59 PartyB_246,MediumRisk
C-104284 PartyA_256 PartyB_256,HighRisk
C-120668 PartyA_208 PartyB_94,MediumRisk
C-100228 PartyA_212 PartyB_24,MediumRisk
C-122236 PartyA_295 PartyB_187,HighRisk
C-102741 PartyA_246 PartyB_184,MediumRisk
C-113329 PartyA_165 PartyB_74,MediumRisk
C-111703 PartyA_157 PartyB_71,MediumRisk
C-114348 PartyA_115 PartyB_269,MediumRisk
C-109271 PartyA_299 PartyB_288,MediumRisk
C-119937 PartyA_198 PartyB_273,MediumRisk
C-111113 PartyA_18 PartyB_81,LowRisk
C-106001 PartyA_145 PartyB_34,MediumRisk
C-104897 PartyA_279 PartyB_24,HighRisk
C-105583 PartyA_6 PartyB_185,MediumRisk
C-107867 PartyA_2 PartyB_233,HighRisk
C-101128 PartyA_83 PartyB_189,MediumRisk
C-120137 PartyA_257 PartyB_280,MediumRisk
C-110400 PartyA_26 PartyB_88,MediumRisk
C-101567 PartyA_62 PartyB_17,LowRisk
C-110298 PartyA_98 PartyB_218,HighRisk
C-101706 PartyA_182 PartyB_91,MediumRisk
C-103153 PartyA_114 PartyB_137,HighRisk
C-110364 PartyA_174 PartyB_17,MediumRisk
C-111523 PartyA_110 PartyB_273,MediumRisk
C-107299 PartyA_84 PartyB_86,HighRisk
C-121155 PartyA_9 PartyB_212,MediumRisk
C-124510 PartyA_170 PartyB_10,MediumRisk
C-106240 PartyA_148 PartyB_295,MediumRisk
C-109824 PartyA_7 PartyB_36,HighRisk
C-102925 PartyA_186 PartyB_244,MediumRisk
C-110490 PartyA_209 PartyB_105,HighRisk
C-124691 PartyA_29 PartyB_25,HighRisk
C-112444 PartyA_81 PartyB_300,HighRisk
C-102721 PartyA_87 PartyB_152,MediumRisk
C-107509 PartyA_282 PartyB_21,MediumRisk
C-121904 PartyA_67 PartyB_134,MediumRisk
C-119828 PartyA_239 PartyB_271,MediumRisk
C-122047 PartyA_58 PartyB_105,HighRisk
C-113799 PartyA_68 PartyB_84,MediumRisk
C-115154 PartyA_181 PartyB_197,MediumRisk
C-120959 PartyA_226 PartyB_147,MediumRisk
C-114783 PartyA_123 PartyB_298,HighRisk
C-116344 PartyA_75 PartyB_99,HighRisk
C-110832 PartyA_78 PartyB_205,HighRisk
C-115749 PartyA_102 PartyB_153,HighRisk
C-109053 PartyA_82 PartyB_164,MediumRisk
C-101505 PartyA_25 PartyB_118,MediumRisk
C-106054 PartyA_220 PartyB_98,MediumRisk
C-120578 PartyA_69 PartyB_271,MediumRisk
C-104225 PartyA_41 PartyB_46,LowRisk
C-123587 PartyA_15 PartyB_25,LowRisk
C-123383 PartyA_84 PartyB_86,MediumRisk
C-106768 PartyA_251 PartyB_62,MediumRisk
C-103199 PartyA_3 PartyB_296,LowRisk
C-106449 PartyA_92 PartyB_283,HighRisk
C-107951 PartyA_13 PartyB_87,MediumRisk
C-114626 PartyA_199 PartyB_256,HighRisk
C-124659 PartyA_278 PartyB_239,HighRisk
C-115804 PartyA_1 PartyB_140,LowRisk
C-104435 PartyA_69 PartyB_75,MediumRisk
C-111357 PartyA_162 PartyB_203,MediumRisk
C-119401 PartyA_124 PartyB_50,MediumRisk
C-113668 PartyA_25 PartyB_203,MediumRisk
C-114645 PartyA_234 PartyB_8,HighRisk
C-115706 PartyA_59 PartyB_60,MediumRisk
C-118445 PartyA_8 PartyB_134,MediumRisk
C-103775 PartyA_3 PartyB_144,MediumRisk
C-116374 PartyA_226 PartyB_146,MediumRisk
C-105596 PartyA_131 PartyB_5,LowRisk
C-123734 PartyA_58 PartyB_245,HighRisk
C-109297 PartyA_122 PartyB_263,MediumRisk
C-123674 PartyA_217 PartyB_51,MediumRisk
C-104174 PartyA_296 PartyB_165,MediumRisk
C-120145 PartyA_270 PartyB_255,MediumRisk
C-108737 PartyA_51 PartyB_296,MediumRisk
C-109216 PartyA_82 PartyB_192,MediumRisk
C-124576 PartyA_47 PartyB_32,MediumRisk
C-115581 PartyA_208 PartyB_109,MediumRisk
C-110143 PartyA_185 PartyB_87,MediumRisk
C-123713 PartyA_51 PartyB_178,MediumRisk
C-108543 PartyA_289 PartyB_26,MediumRisk
C-100983 PartyA_293 PartyB_257,MediumRisk
C-108033 PartyA_197 PartyB_125,MediumRisk
C-105480 PartyA_254 PartyB_10,LowRisk
C-114894 PartyA_57 PartyB_91,HighRisk
C-110486 PartyA_149 PartyB_83,HighRisk
C-104657 PartyA_49 PartyB_275,HighRisk
C-106414 PartyA_111 PartyB_127,MediumRisk
C-115386 PartyA_143 PartyB_158,MediumRisk
C-103150 PartyA_65 PartyB_227,HighRisk
C-119827 PartyA_99 PartyB_224,MediumRisk
C-115861 PartyA_55 PartyB_22,MediumRisk
C-109265 PartyA_28 PartyB_68,MediumRisk
C-105969 PartyA_77 PartyB_122,MediumRisk
C-114998 PartyA_76 PartyB_191,LowRisk
C-111891 PartyA_110 PartyB_48,MediumRisk
C-115454 PartyA_42 PartyB_31,MediumRisk
C-117724 PartyA_82 PartyB_185,MediumRisk
C-124338 PartyA_64 PartyB_203,MediumRisk
C-101391 PartyA_36 PartyB_91,MediumRisk
C-120118 PartyA_8 PartyB_67,MediumRisk
C-107437 PartyA_198 PartyB_250,HighRisk
C-121186 PartyA_180 PartyB_47,MediumRisk
C-108802 PartyA_232 PartyB_52,MediumRisk
C-121369 PartyA_221 PartyB_143,MediumRisk
C-100371 PartyA_274 PartyB_25,MediumRisk
C-106146 PartyA_188 PartyB_209,MediumRisk
C-120928 PartyA_127 PartyB_27,MediumRisk
C-109775 PartyA_13 PartyB_294,HighRisk
C-117796 PartyA_251 PartyB_150,HighRisk
C-123488 PartyA_223 PartyB_194,HighRisk
C-118640 PartyA_155 PartyB_138,MediumRisk
C-121548 PartyA_58 PartyB_140,MediumRisk
C-102212 PartyA_238 PartyB_190,MediumRisk
C-105603 PartyA_258 PartyB_218,MediumRisk
C-108881 PartyA_144 PartyB_81,MediumRisk
C-105417 PartyA_71 PartyB_19,MediumRisk
C-104938 PartyA_209 PartyB_35,MediumRisk
C-113434 PartyA_52 PartyB_14,HighRisk
C-103158 PartyA_20 PartyB_151,HighRisk
C-109158 PartyA_184 PartyB_216,MediumRisk
C-100463 PartyA_196 PartyB_101,MediumRisk
C-118138 PartyA_170 PartyB_172,HighRisk
C-121647 PartyA_81 PartyB_202,MediumRisk
C-100615 PartyA_33 PartyB_62,MediumRisk
C-106380 PartyA_72 PartyB_23,MediumRisk
C-116762 PartyA_1 PartyB_248,HighRisk
C-111298 PartyA_49 PartyB_182,HighRisk
C-112995 PartyA_208 PartyB_97,HighRisk
C-108181 PartyA_68 PartyB_83,HighRisk
C-117719 PartyA_237 PartyB_267,HighRisk
C-113511 PartyA_105 PartyB_63,MediumRisk
C-116574 PartyA_249 PartyB_256,HighRisk
C-102716 PartyA_56 PartyB_236,HighRisk
C-123045 PartyA_282 PartyB_37,MediumRisk
C-120448 PartyA_5 PartyB_218,HighRisk
C-122918 PartyA_139 PartyB_93,HighRisk
C-110003 PartyA_45 PartyB_139,LowRisk
C-113639 PartyA_202 PartyB_181,LowRisk
C-119628 PartyA_66 PartyB_79,HighRisk
C-107389 PartyA_118 PartyB_20,HighRisk
C-118278 PartyA_258 PartyB_221,MediumRisk
C-114356 PartyA_165 PartyB_18,MediumRisk
C-122011 PartyA_62 PartyB_173,MediumRisk
C-107769 PartyA_145 PartyB_128,MediumRisk
C-106221 PartyA_44 PartyB_117,HighRisk
C-121344 PartyA_234 PartyB_94,HighRisk
C-122946 PartyA_103 PartyB_238,MediumRisk
C-107037 PartyA_138 PartyB_7,LowRisk
C-115474 PartyA_170 PartyB_245,HighRisk
C-111646 PartyA_35 PartyB_140,HighRisk
C-115897 PartyA_130 PartyB_82,MediumRisk
C-110570 PartyA_74 PartyB_21,MediumRisk
C-115511 PartyA_153 PartyB_150,MediumRisk
C-118958 PartyA_97 PartyB_237,MediumRisk
C-119175 PartyA_254 PartyB_150,MediumRisk
C-106358 PartyA_13 PartyB_264,MediumRisk
C-121619 PartyA_208 PartyB_295,MediumRisk
C-106691 PartyA_53 PartyB_244,MediumRisk
C-121960 PartyA_71 PartyB_242,HighRisk
C-115881 PartyA_87 PartyB_71,MediumRisk
C-101030 PartyA_240 PartyB_254,LowRisk
C-109164 PartyA_94 PartyB_144,MediumRisk
C-118604 PartyA_277 PartyB_229,LowRisk
C-109488 PartyA_239 PartyB_150,MediumRisk
C-101577 PartyA_281 PartyB_122,MediumRisk
C-115859 PartyA_75 PartyB_248,MediumRisk
C-109947 PartyA_204 PartyB_173,HighRisk
C-103793 PartyA_28 PartyB_93,MediumRisk
C-117551 PartyA_298 PartyB_108,MediumRisk
C-122630 PartyA_117 PartyB_125,LowRisk
C-102917 PartyA_15 PartyB_67,HighRisk
C-105586 PartyA_257 PartyB_209,MediumRisk
C-114605 PartyA_248 PartyB_110,HighRisk
C-106326 PartyA_45 PartyB_110,HighRisk
C-121444 PartyA_207 PartyB_41,MediumRisk
C-101515 PartyA_38 PartyB_189,HighRisk
C-102371 PartyA_44 PartyB_169,LowRisk
C-103432 PartyA_74 PartyB_101,MediumRisk
C-118647 PartyA_169 PartyB_156,MediumRisk
C-104239 PartyA_58 PartyB_230,HighRisk
C-101390 PartyA_300 PartyB_293,MediumRisk
C-100893 PartyA_244 PartyB_64,MediumRisk
C-117874 PartyA_121 PartyB_12,MediumRisk
C-122439 PartyA_139 PartyB_206,HighRisk
C-114037 PartyA_238 PartyB_170,MediumRisk
C-120099 PartyA_285 PartyB_97,MediumRisk
C-115187 PartyA_70 PartyB_147,MediumRisk
C-102933 PartyA_230 PartyB_157,MediumRisk
C-123352 PartyA_266 PartyB_254,MediumRisk
C-110937 PartyA_238 PartyB_164,HighRisk
C-122963 PartyA_295 PartyB_112,MediumRisk
C-123983 PartyA_81 PartyB_282,LowRisk
C-101129 PartyA_262 PartyB_261,MediumRisk
C-100731 PartyA_14 PartyB_146,MediumRisk
C-111110 PartyA_153 PartyB_222,MediumRisk
C-103084 PartyA_77 PartyB_278,HighRisk
C-107297 PartyA_31 PartyB_167,HighRisk
C-104588 PartyA_207 PartyB_204,MediumRisk
C-112496 PartyA_199 PartyB_270,MediumRisk
C-102795 PartyA_46 PartyB_152,MediumRisk
C-107601 PartyA_71 PartyB_297,MediumRisk
C-100798 PartyA_40 PartyB_276,MediumRisk
C-117118 PartyA_118 PartyB_113,MediumRisk
C-118628 PartyA_50 PartyB_285,HighRisk
C-100178 PartyA_31 PartyB_81,MediumRisk
C-111469 PartyA_175 PartyB_256,MediumRisk
C-117558 PartyA_90 PartyB_124,MediumRisk
C-113798 PartyA_139 PartyB_95,HighRisk
C-109830 PartyA_51 PartyB_212,MediumRisk
C-117174 PartyA_13 PartyB_104,MediumRisk
C-122450 PartyA_26 PartyB_88,MediumRisk
C-100198 PartyA_120 PartyB_27,HighRisk
C-114643 PartyA_151 PartyB_105,MediumRisk
C-116932 PartyA_205 PartyB_241,HighRisk
C-112940 PartyA_144 PartyB_104,LowRisk
C-116268 PartyA_136 PartyB_25,MediumRisk
C-111772 PartyA_156 PartyB_55,HighRisk
C-122919 PartyA_256 PartyB_74,HighRisk
C-120009 PartyA_299 PartyB_84,LowRisk
C-117524 PartyA_190 PartyB_279,MediumRisk
C-113277 PartyA_227 PartyB_166,HighRisk
C-122733 PartyA_264 PartyB_297,MediumRisk
C-115103 PartyA_224 PartyB_124,MediumRisk
C-107533 PartyA_164 PartyB_51,MediumRisk
C-120756 PartyA_63 PartyB_216,HighRisk
C-115855 PartyA_123 PartyB_36,MediumRisk
C-100066 PartyA_181 PartyB_233,MediumRisk
C-104712 PartyA_148 PartyB_40,HighRisk
C-111452 PartyA_68 PartyB_62,HighRisk
C-115689 PartyA_115 PartyB_13,HighRisk
C-123105 PartyA_60 PartyB_154,MediumRisk
C-105033 PartyA_124 PartyB_247,HighRisk
C-106915 PartyA_43 PartyB_211,LowRisk
C-102572 PartyA_33 PartyB_203,MediumRisk
C-120715 PartyA_135 PartyB_83,MediumRisk
C-117006 PartyA_38 PartyB_265,MediumRisk
C-122766 PartyA_298 PartyB_4,MediumRisk
C-106222 PartyA_198 PartyB_244,MediumRisk
C-100787 PartyA_93 PartyB_14,MediumRisk
C-103332 PartyA_183 PartyB_73,MediumRisk
C-124531 PartyA_8 PartyB_219,MediumRisk
C-106008 PartyA_287 PartyB_279,MediumRisk
C-108334 PartyA_11 PartyB_24,MediumRisk
C-116655 PartyA_227 PartyB_13,HighRisk
C-121011 PartyA_199 PartyB_300,HighRisk
C-113448 PartyA_114 PartyB_260,MediumRisk
C-121270 PartyA_167 PartyB_90,HighRisk
C-101191 PartyA_204 PartyB_23,MediumRisk
C-112478 PartyA_79 PartyB_70,HighRisk
C-100515 PartyA_188 PartyB_179,MediumRisk
C-116862 PartyA_259 PartyB_195,MediumRisk
C-104476 PartyA_96 PartyB_216,MediumRisk
C-110232 PartyA_73 PartyB_9,MediumRisk
C-120766 PartyA_96 PartyB_46,MediumRisk
C-117417 PartyA_134 PartyB_53,MediumRisk
C-119737 PartyA_207 PartyB_175,MediumRisk
C-114622 PartyA_130 PartyB_101,LowRisk
C-117898 PartyA_164 PartyB_73,HighRisk
C-106191 PartyA_279 PartyB_109,HighRisk
C-114175 PartyA_183 PartyB_65,MediumRisk
C-107237 PartyA_75 PartyB_188,MediumRisk
C-105753 PartyA_199 PartyB_259,HighRisk
C-102068 PartyA_237 PartyB_61,HighRisk
C-123217 PartyA_273 PartyB_292,MediumRisk
C-108236 PartyA_29 PartyB_240,MediumRisk
C-116252 PartyA_83 PartyB_150,MediumRisk
C-115905 PartyA_31 PartyB_118,HighRisk
C-101462 PartyA_180 PartyB_16,MediumRisk
C-115207 PartyA_123 PartyB_280,MediumRisk
C-118255 PartyA_165 PartyB_127,MediumRisk
C-104576 PartyA_280 PartyB_267,MediumRisk
C-109856 PartyA_28 PartyB_30,MediumRisk
C-120541 PartyA_189 PartyB_257,MediumRisk
C-107349 PartyA_227 PartyB_164,HighRisk
C-104818 PartyA_205 PartyB_39,MediumRisk
C-119577 PartyA_142 PartyB_222,MediumRisk
C-100220 PartyA_32 PartyB_286,MediumRisk
C-112632 PartyA_168 PartyB_173,HighRisk
C-119403 PartyA_232 PartyB_14,MediumRisk
C-118860 PartyA_94 PartyB_86,MediumRisk
C-104248 PartyA_121 PartyB_210,MediumRisk
C-118432 PartyA_121 PartyB_254,HighRisk
C-117442 PartyA_232 PartyB_185,MediumRisk
C-106487 PartyA_225 PartyB_73,MediumRisk
C-107036 PartyA_68 PartyB_259,HighRisk
C-109456 PartyA_59 PartyB_286,MediumRisk
C-112433 PartyA_225 PartyB_165,MediumRisk
C-105650 PartyA_217 PartyB_92,MediumRisk
C-117632 PartyA_85 PartyB_55,HighRisk
C-121289 PartyA_252 PartyB_272,MediumRisk
C-123982 PartyA_228 PartyB_164,MediumRisk
C-119749 PartyA_252 PartyB_224,MediumRisk
C-102881 PartyA_196 PartyB_3,MediumRisk
C-118061 PartyA_251 PartyB_90,LowRisk
C-119884 PartyA_191 PartyB_235,HighRisk
C-100901 PartyA_154 PartyB_82,LowRisk
C-118981 PartyA_159 PartyB_188,MediumRisk
C-107164 PartyA_7 PartyB_267,HighRisk
C-118680 PartyA_148 PartyB_51,MediumRisk
C-111594 PartyA_189 PartyB_133,MediumRisk
C-102181 PartyA_55 PartyB_219,MediumRisk
C-108488 PartyA_118 PartyB_89,MediumRisk
C-109713 PartyA_291 PartyB_119,MediumRisk
C-118369 PartyA_257 PartyB_160,HighRisk
C-108219 PartyA_264 PartyB_140,LowRisk
C-123564 PartyA_45 PartyB_184,HighRisk
C-121541 PartyA_111 PartyB_146,MediumRisk
C-106772 PartyA_259 PartyB_222,MediumRisk
C-121512 PartyA_39 PartyB_181,HighRisk
C-114436 PartyA_94 PartyB_127,MediumRisk
C-114678 PartyA_110 PartyB_219,HighRisk
C-111440 PartyA_225 PartyB_229,MediumRisk
C-124477 PartyA_164 PartyB_292,MediumRisk
C-116172 PartyA_127 PartyB_155,HighRisk
C-122309 PartyA_36 PartyB_290,MediumRisk
C-107257 PartyA_255 PartyB_77,MediumRisk
C-102580 PartyA_269 PartyB_261,HighRisk
C-107966 PartyA_57 PartyB_32,MediumRisk
C-122227 PartyA_72 PartyB_90,HighRisk
C-102156 PartyA_90 PartyB_103,MediumRisk
C-104340 PartyA_99 PartyB_131,HighRisk
C-109562 PartyA_195 PartyB_221,MediumRisk
C-124821 PartyA_226 PartyB_293,HighRisk
C-120225 PartyA_181 PartyB_237,MediumRisk
C-113743 PartyA_212 PartyB_169,MediumRisk
C-101073 PartyA_51 PartyB_134,MediumRisk
C-117065 PartyA_134 PartyB_91,MediumRisk
C-104530 PartyA_142 PartyB_291,HighRisk
C-103159 PartyA_147 PartyB_205,MediumRisk
C-121353 PartyA_53 PartyB_96,HighRisk
C-102987 PartyA_48 PartyB_102,MediumRisk
C-101882 PartyA_298 PartyB_192,MediumRisk
C-118324 PartyA_58 PartyB_54,HighRisk
C-105974 PartyA_23 PartyB_63,HighRisk
C-103729 PartyA_212 PartyB_251,MediumRisk
C-100490 PartyA_275 PartyB_55,HighRisk
C-101181 PartyA_131 PartyB_288,MediumRisk
C-101375 PartyA_115 PartyB_19,MediumRisk
C-105014 PartyA_120 PartyB_278,MediumRisk
C-116234 PartyA_230 PartyB_84,MediumRisk
C-117010 PartyA_27 PartyB_244,MediumRisk
C-104758 PartyA_227 PartyB_14,LowRisk
C-110304 PartyA_212 PartyB_139,MediumRisk
C-106040 PartyA_252 PartyB_116,MediumRisk
C-102841 PartyA_100 PartyB_211,MediumRisk
C-104180 PartyA_168 PartyB_182,MediumRisk
C-118645 PartyA_255 PartyB_118,MediumRisk
C-104086 PartyA_227 PartyB_247,MediumRisk
C-122713 PartyA_228 PartyB_130,MediumRisk
C-102887 PartyA_233 PartyB_299,MediumRisk
C-108876 PartyA_103 PartyB_4,MediumRisk
C-112271 PartyA_89 PartyB_136,HighRisk
C-106671 PartyA_262 PartyB_74,MediumRisk
C-114997 PartyA_97 PartyB_160,MediumRisk
C-109211 PartyA_214 PartyB_136,MediumRisk
C-117750 PartyA_216 PartyB_230,HighRisk
C-122358 PartyA_13 PartyB_189,MediumRisk
C-112581 PartyA_251 PartyB_162,LowRisk
C-119023 PartyA_289 PartyB_212,HighRisk
C-124333 PartyA_186 PartyB_222,MediumRisk
C-105602 PartyA_194 PartyB_207,HighRisk
C-124503 PartyA_2 PartyB_95,MediumRisk
C-113921 PartyA_179 PartyB_198,LowRisk
C-105730 PartyA_226 PartyB_207,MediumRisk
C-114745 PartyA_255 PartyB_217,MediumRisk
C-105296 PartyA_199 PartyB_61,HighRisk
C-112979 PartyA_139 PartyB_283,HighRisk
C-121688 PartyA_224 PartyB_6,MediumRisk
C-120713 PartyA_63 PartyB_275,HighRisk
C-117696 PartyA_11 PartyB_290,HighRisk
C-110171 PartyA_272 PartyB_202,MediumRisk
C-110065 PartyA_53 PartyB_198,HighRisk
C-111538 PartyA_218 PartyB_99,MediumRisk
C-107669 PartyA_248 PartyB_275,LowRisk
C-106869 PartyA_253 PartyB_32,MediumRisk
C-119787 PartyA_136 PartyB_241,MediumRisk
C-112992 PartyA_288 PartyB_45,MediumRisk
C-110472 PartyA_131 PartyB_256,MediumRisk
C-109943 PartyA_130 PartyB_115,MediumRisk
C-109643 PartyA_115 PartyB_281,MediumRisk
C-114892 PartyA_214 PartyB_40,HighRisk
C-112661 PartyA_186 PartyB_20,MediumRisk
C-124658 PartyA_26 PartyB_236,MediumRisk
C-106681 PartyA_160 PartyB_176,MediumRisk
C-105428 PartyA_101 PartyB_73,MediumRisk
C-109190 PartyA_19 PartyB_256,MediumRisk
C-103786 PartyA_145 PartyB_74,HighRisk
C-101784 PartyA_34 PartyB_228,HighRisk
C-107116 PartyA_53 PartyB_277,HighRisk
C-116878 PartyA_285 PartyB_98,HighRisk
C-104683 PartyA_36 PartyB_179,MediumRisk
C-110046 PartyA_95 PartyB_225,HighRisk
C-119138 PartyA_143 PartyB_236,MediumRisk
C-102038 PartyA_278 PartyB_154,HighRisk
C-109281 PartyA_185 PartyB_128,HighRisk
C-120241 PartyA_22 PartyB_209,MediumRisk
C-112435 PartyA_213 PartyB_279,HighRisk
C-123481 PartyA_141 PartyB_234,MediumRisk
C-107876 PartyA_234 PartyB_218,HighRisk
C-103340 PartyA_159 PartyB_236,MediumRisk
C-119037 PartyA_87 PartyB_254,MediumRisk
C-122705 PartyA_128 PartyB_123,HighRisk
C-105911 PartyA_210 PartyB_273,HighRisk
C-122864 PartyA_125 PartyB_167,HighRisk
C-119141 PartyA_133 PartyB_288,MediumRisk
C-108514 PartyA_246 PartyB_20,MediumRisk
C-102031 PartyA_257 PartyB_198,HighRisk
C-117197 PartyA_271 PartyB_184,MediumRisk
C-107235 PartyA_297 PartyB_166,MediumRisk
C-112755 PartyA_65 PartyB_257,HighRisk
C-115327 PartyA_175 PartyB_224,MediumRisk
C-113983 PartyA_155 PartyB_231,HighRisk
C-101079 PartyA_50 PartyB_149,LowRisk
C-118610 PartyA_207 PartyB_91,MediumRisk
C-115451 PartyA_194 PartyB_214,HighRisk
C-122146 PartyA_85 PartyB_277,MediumRisk
C-117726 PartyA_104 PartyB_217,MediumRisk
C-121996 PartyA_172 PartyB_164,MediumRisk
C-118203 PartyA_246 PartyB_199,MediumRisk
C-105649 PartyA_248 PartyB_163,MediumRisk
C-115300 PartyA_166 PartyB_81,MediumRisk
C-120566 PartyA_127 PartyB_245,MediumRisk
C-114506 PartyA_150 PartyB_61,MediumRisk
C-103862 PartyA_86 PartyB_296,MediumRisk
C-102936 PartyA_295 PartyB_20,MediumRisk
C-103917 PartyA_126 PartyB_66,MediumRisk
C-101689 PartyA_121 PartyB_279,HighRisk
C-114347 PartyA_100 PartyB_13,MediumRisk
C-100305 PartyA_252 PartyB_31,MediumRisk
C-104056 PartyA_231 PartyB_121,LowRisk
C-119971 PartyA_270 PartyB_144,HighRisk
C-109837 PartyA_219 PartyB_51,MediumRisk
C-117615 PartyA_73 PartyB_229,HighRisk
C-109706 PartyA_132 PartyB_98,MediumRisk
C-102313 PartyA_149 PartyB_153,MediumRisk
C-122478 PartyA_25 PartyB_8,MediumRisk
C-119478 PartyA_78 PartyB_270,MediumRisk
C-120743 PartyA_35 PartyB_153,HighRisk
C-109030 PartyA_37 PartyB_46,MediumRisk
C-102062 PartyA_66 PartyB_95,MediumRisk
C-106470 PartyA_107 PartyB_170,HighRisk
C-117400 PartyA_37 PartyB_296,HighRisk
C-106477 PartyA_224 PartyB_93,MediumRisk
C-105452 PartyA_267 PartyB_270,MediumRisk
C-111279 PartyA_126 PartyB_1,HighRisk
C-123281 PartyA_224 PartyB_28,LowRisk
C-109906 PartyA_173 PartyB_9,MediumRisk
C-104270 PartyA_128 PartyB_128,MediumRisk
C-108531 PartyA_152 PartyB_200,MediumRisk
C-123092 PartyA_84 PartyB_190,MediumRisk
C-109095 PartyA_105 PartyB_23,LowRisk
C-119962 PartyA_164 PartyB_125,MediumRisk
C-116972 PartyA_4 PartyB_220,MediumRisk
C-103365 PartyA_243 PartyB_103,MediumRisk
C-119054 PartyA_55 PartyB_104,LowRisk
C-105515 PartyA_74 PartyB_94,MediumRisk
C-111781 PartyA_110 PartyB_159,MediumRisk
C-124937 PartyA_71 PartyB_207,MediumRisk
C-115310 PartyA_55 PartyB_257,MediumRisk
C-102395 PartyA_272 PartyB_68,MediumRisk
C-119551 PartyA_97 PartyB_223,MediumRisk
C-105506 PartyA_177 PartyB_219,MediumRisk
C-118554 PartyA_247 PartyB_266,HighRisk
C-100924 PartyA_28 PartyB_190,LowRisk
C-108134 PartyA_7 PartyB_242,HighRisk
C-112070 PartyA_256 PartyB_173,MediumRisk
C-117737 PartyA_141 PartyB_138,HighRisk
C-111706 PartyA_140 PartyB_108,HighRisk
C-108671 PartyA_175 PartyB_185,MediumRisk
C-103124 PartyA_192 PartyB_125,MediumRisk
C-119158 PartyA_8 PartyB_243,HighRisk
C-107620 PartyA_163 PartyB_86,HighRisk
C-106559 PartyA_192 PartyB_296,HighRisk
C-119755 PartyA_116 PartyB_150,HighRisk
C-109145 PartyA_235 PartyB_283,MediumRisk
C-112720 PartyA_166 PartyB_171,MediumRisk
C-109846 PartyA_252 PartyB_5,MediumRisk
C-121809 PartyA_178 PartyB_17,MediumRisk
C-124217 PartyA_111 PartyB_113,MediumRisk
C-109627 PartyA_178 PartyB_21,MediumRisk
C-105798 PartyA_269 PartyB_62,MediumRisk
C-105882 PartyA_67 PartyB_165,MediumRisk
C-109782 PartyA_231 PartyB_125,LowRisk
C-111348 PartyA_184 PartyB_181,HighRisk
C-118565 PartyA_161 PartyB_283,MediumRisk
C-117857 PartyA_136 PartyB_138,MediumRisk
C-106103 PartyA_155 PartyB_64,LowRisk
C-106748 PartyA_52 PartyB_280,HighRisk
C-113009 PartyA_44 PartyB_229,MediumRisk
C-109082 PartyA_286 PartyB_223,HighRisk
C-121418 PartyA_97 PartyB_151,HighRisk
C-119339 PartyA_110 PartyB_281,LowRisk
C-115966 PartyA_53 PartyB_128,HighRisk
C-124121 PartyA_179 PartyB_205,HighRisk
C-105540 PartyA_261 PartyB_143,MediumRisk
C-100421 PartyA_162 PartyB_220,HighRisk
C-116081 PartyA_271 PartyB_75,HighRisk
C-118690 PartyA_257 PartyB_184,HighRisk
C-116555 PartyA_111 PartyB_86,MediumRisk
C-103956 PartyA_160 PartyB_127,MediumRisk
C-105606 PartyA_143 PartyB_240,HighRisk
C-122348 PartyA_90 PartyB_85,MediumRisk
C-111380 PartyA_135 PartyB_276,MediumRisk
C-101725 PartyA_219 PartyB_168,MediumRisk
C-101184 PartyA_85 PartyB_244,HighRisk
C-109974 PartyA_151 PartyB_117,HighRisk
C-116788 PartyA_150 PartyB_287,MediumRisk
C-119495 PartyA_255 PartyB_152,HighRisk
C-100904 PartyA_75 PartyB_108,MediumRisk
C-108346 PartyA_129 PartyB_268,LowRisk
C-117245 PartyA_300 PartyB_24,MediumRisk
C-107797 PartyA_160 PartyB_17,LowRisk
C-106089 PartyA_67 PartyB_112,LowRisk
C-102080 PartyA_88 PartyB_288,HighRisk
C-107928 PartyA_209 PartyB_275,MediumRisk
C-113853 PartyA_56 PartyB_217,MediumRisk
C-121673 PartyA_204 PartyB_99,MediumRisk
C-107933 PartyA_137 PartyB_197,MediumRisk
C-110846 PartyA_270 PartyB_282,MediumRisk
C-112177 PartyA_203 PartyB_160,HighRisk
C-109316 PartyA_89 PartyB_281,LowRisk
C-121133 PartyA_37 PartyB_62,HighRisk
C-121531 PartyA_240 PartyB_97,LowRisk
C-109927 PartyA_113 PartyB_244,HighRisk
C-107211 PartyA_42 PartyB_154,MediumRisk
C-106533 PartyA_218 PartyB_182,HighRisk
C-105209 PartyA_113 PartyB_284,HighRisk
C-102646 PartyA_183 PartyB_13,HighRisk
C-110073 PartyA_95 PartyB_258,HighRisk
C-116825 PartyA_36 PartyB_136,HighRisk
C-110622 PartyA_64 PartyB_44,MediumRisk
C-121422 PartyA_26 PartyB_173,HighRisk
C-124973 PartyA_23 PartyB_135,MediumRisk
C-101478 PartyA_75 PartyB_66,LowRisk
C-100692 PartyA_137 PartyB_11,MediumRisk
C-121110 PartyA_145 PartyB_52,HighRisk
C-106365 PartyA_177 PartyB_14,MediumRisk
C-122045 PartyA_89 PartyB_138,MediumRisk
C-118539 PartyA_94 PartyB_226,HighRisk
C-107370 PartyA_102 PartyB_170,MediumRisk
C-101301 PartyA_69 PartyB_1,MediumRisk
C-107837 PartyA_184 PartyB_300,MediumRisk
C-114877 PartyA_81 PartyB_31,MediumRisk
C-103715 PartyA_51 PartyB_234,HighRisk
C-123167 PartyA_89 PartyB_271,MediumRisk
C-105037 PartyA_135 PartyB_298,MediumRisk
C-104399 PartyA_167 PartyB_229,MediumRisk
C-113840 PartyA_187 PartyB_42,HighRisk
C-111294 PartyA_245 PartyB_197,MediumRisk
C-107354 PartyA_226 PartyB_189,HighRisk
C-116122 PartyA_148 PartyB_230,HighRisk
C-108750 PartyA_44 PartyB_153,MediumRisk
C-120834 PartyA_91 PartyB_297,MediumRisk
C-101436 PartyA_204 PartyB_109,HighRisk
C-100507 PartyA_48 PartyB_293,MediumRisk
C-116017 PartyA_138 PartyB_25,MediumRisk
C-105402 PartyA_237 PartyB_170,HighRisk
C-105930 PartyA_50 PartyB_284,HighRisk
C-123837 PartyA_128 PartyB_89,HighRisk
C-108947 PartyA_136 PartyB_108,MediumRisk
C-124722 PartyA_268 PartyB_55,MediumRisk
C-118723 PartyA_52 PartyB_74,MediumRisk
C-112242 PartyA_290 PartyB_149,MediumRisk
C-117303 PartyA_51 PartyB_88,HighRisk
C-104386 PartyA_232 PartyB_79,MediumRisk
C-112744 PartyA_44 PartyB_48,HighRisk
C-110310 PartyA_142 PartyB_63,MediumRisk
C-117667 PartyA_191 PartyB_202,HighRisk
C-121787 PartyA_87 PartyB_72,HighRisk
C-108693 PartyA_105 PartyB_219,MediumRisk
C-117027 PartyA_90 PartyB_258,MediumRisk
C-101539 PartyA_34 PartyB_237,HighRisk
C-109121 PartyA_284 PartyB_22,MediumRisk
C-101211 PartyA_1 PartyB_76,MediumRisk
C-115284 PartyA_104 PartyB_191,HighRisk
C-121501 PartyA_240 PartyB_213,MediumRisk
C-102560 PartyA_292 PartyB_37,MediumRisk
C-113107 PartyA_162 PartyB_5,MediumRisk
C-113029 PartyA_137 PartyB_227,MediumRisk
C-111569 PartyA_87 PartyB_117,HighRisk
C-112668 PartyA_103 PartyB_290,MediumRisk
C-100390 PartyA_55 PartyB_24,MediumRisk
C-117848 PartyA_35 PartyB_25,MediumRisk
C-117576 PartyA_247 PartyB_264,MediumRisk
C-110064 PartyA_280 PartyB_232,MediumRisk
C-103590 PartyA_195 PartyB_11,HighRisk
C-111350 PartyA_210 PartyB_220,MediumRisk
C-108435 PartyA_264 PartyB_232,MediumRisk
C-106719 PartyA_168 PartyB_53,MediumRisk
C-115540 PartyA_266 PartyB_27,HighRisk
C-116890 PartyA_144 PartyB_292,HighRisk
C-114693 PartyA_86 PartyB_174,MediumRisk
C-100946 PartyA_165 PartyB_109,LowRisk
C-115576 PartyA_175 PartyB_90,HighRisk
C-114327 PartyA_115 PartyB_11,MediumRisk
C-123216 PartyA_197 PartyB_299,HighRisk
C-119721 PartyA_67 PartyB_172,HighRisk
C-102547 PartyA_253 PartyB_33,LowRisk
C-118157 PartyA_124 PartyB_129,MediumRisk
C-113007 PartyA_37 PartyB_65,MediumRisk
C-100272 PartyA_179 PartyB_45,MediumRisk
C-103618 PartyA_150 PartyB_202,MediumRisk
C-118765 PartyA_208 PartyB_233,MediumRisk
C-120984 PartyA_117 PartyB_80,MediumRisk
C-107008 PartyA_19 PartyB_26,MediumRisk
C-121739 PartyA_243 PartyB_4,HighRisk
C-109269 PartyA_14 PartyB_41,MediumRisk
C-123407 PartyA_285 PartyB_244,MediumRisk
C-104633 PartyA_11 PartyB_116,MediumRisk
C-117130 PartyA_231 PartyB_117,HighRisk
C-107707 PartyA_95 PartyB_112,MediumRisk
C-108982 PartyA_288 PartyB_204,MediumRisk
C-120218 PartyA_1 PartyB_257,HighRisk
C-114312 PartyA_100 PartyB_297,HighRisk
C-110762 PartyA_205 PartyB_272,HighRisk
C-113945 PartyA_234 PartyB_250,MediumRisk
C-114342 PartyA_9 PartyB_155,MediumRisk
C-105599 PartyA_204 PartyB_169,HighRisk
C-109290 PartyA_285 PartyB_263,HighRisk
C-115989 PartyA_17 PartyB_255,MediumRisk
C-110355 PartyA_61 PartyB_227,LowRisk
C-103637 PartyA_257 PartyB_224,MediumRisk
C-121055 PartyA_162 PartyB_94,MediumRisk
C-118296 PartyA_165 PartyB_147,HighRisk
C-100599 PartyA_45 PartyB_67,HighRisk
C-101652 PartyA_152 PartyB_283,HighRisk
C-120280 PartyA_87 PartyB_258,MediumRisk
C-108106 PartyA_78 PartyB_120,MediumRisk
C-101893 PartyA_268 PartyB_294,MediumRisk
C-107833 PartyA_7 PartyB_145,MediumRisk
C-124225 PartyA_56 PartyB_125,MediumRisk
C-122609 PartyA_189 PartyB_266,MediumRisk
C-100262 PartyA_3 PartyB_110,MediumRisk
C-100375 PartyA_83 PartyB_21,MediumRisk
C-118350 PartyA_62 PartyB_210,MediumRisk
C-101466 PartyA_260 PartyB_228,LowRisk
C-112615 PartyA_165 PartyB_70,MediumRisk
C-113543 PartyA_223 PartyB_210,HighRisk
C-116226 PartyA_226 PartyB_279,HighRisk
C-105696 PartyA_124 PartyB_54,MediumRisk
C-117627 PartyA_117 PartyB_38,LowRisk
C-121793 PartyA_155 PartyB_145,MediumRisk
C-122487 PartyA_170 PartyB_20,HighRisk
C-120873 PartyA_187 PartyB_24,MediumRisk
C-100941 PartyA_128 PartyB_144,HighRisk
C-120818 PartyA_113 PartyB_197,MediumRisk
C-109663 PartyA_105 PartyB_32,HighRisk
C-119041 PartyA_182 PartyB_195,HighRisk
C-115882 PartyA_216 PartyB_75,HighRisk
C-113353 PartyA_147 PartyB_217,LowRisk
C-110905 PartyA_79 PartyB_128,HighRisk
C-118186 PartyA_37 PartyB_161,MediumRisk
C-123489 PartyA_212 PartyB_10,MediumRisk
C-122363 PartyA_250 PartyB_245,HighRisk
C-106578 PartyA_41 PartyB_150,LowRisk
C-119183 PartyA_43 PartyB_210,HighRisk
C-124086 PartyA_122 PartyB_298,MediumRisk
C-121994 PartyA_224 PartyB_57,HighRisk
C-100298 PartyA_53 PartyB_294,MediumRisk
C-123472 PartyA_100 PartyB_139,MediumRisk
C-117241 PartyA_278 PartyB_251,MediumRisk
C-107977 PartyA_121 PartyB_129,MediumRisk
C-111463 PartyA_26 PartyB_273,HighRisk
C-102035 PartyA_198 PartyB_49,MediumRisk
C-110450 PartyA_138 PartyB_123,MediumRisk
C-110164 PartyA_281 PartyB_236,HighRisk
C-118542 PartyA_255 PartyB_286,MediumRisk
C-110291 PartyA_184 PartyB_168,MediumRisk
C-117883 PartyA_153 PartyB_153,HighRisk
C-113397 PartyA_187 PartyB_177,MediumRisk
C-124903 PartyA_141 PartyB_226,HighRisk
C-114220 PartyA_208 PartyB_36,LowRisk
C-108844 PartyA_129 PartyB_266,HighRisk
C-106828 PartyA_182 PartyB_245,MediumRisk
C-107130 PartyA_291 PartyB_169,MediumRisk
C-121495 PartyA_52 PartyB_280,MediumRisk
C-107954 PartyA_228 PartyB_137,HighRisk
C-116626 PartyA_241 PartyB_166,MediumRisk
C-122514 PartyA_119 PartyB_101,MediumRisk
C-113990 PartyA_163 PartyB_96,MediumRisk
C-103144 PartyA_153 PartyB_178,MediumRisk
C-118028 PartyA_299 PartyB_119,HighRisk
C-114547 PartyA_126 PartyB_188,HighRisk
C-107371 PartyA_96 PartyB_6,MediumRisk
C-122178 PartyA_247 PartyB_297,MediumRisk
C-105594 PartyA_160 PartyB_164,MediumRisk
C-120097 PartyA_45 PartyB_46,MediumRisk
C-114466 PartyA_150 PartyB_235,LowRisk
C-121713 PartyA_163 PartyB_201,MediumRisk
C-120746 PartyA_292 PartyB_6,MediumRisk
C-102076 PartyA_295 PartyB_132,HighRisk
C-104103 PartyA_179 PartyB_113,HighRisk
C-107493 PartyA_80 PartyB_150,MediumRisk
C-105968 PartyA_204 PartyB_41,HighRisk
C-115470 PartyA_18 PartyB_102,MediumRisk
C-120856 PartyA_125 PartyB_97,MediumRisk
C-124740 PartyA_20 PartyB_280,HighRisk
C-117965 PartyA_220 PartyB_89,HighRisk
C-106754 PartyA_135 PartyB_144,HighRisk
C-102575 PartyA_232 PartyB_296,MediumRisk
C-114389 PartyA_23 PartyB_117,MediumRisk
C-116284 PartyA_217 PartyB_206,HighRisk
C-104042 PartyA_80 PartyB_113,HighRisk
C-117751 PartyA_207 PartyB_208,MediumRisk
C-112853 PartyA_284 PartyB_73,LowRisk
C-104078 PartyA_73 PartyB_224,MediumRisk
C-114246 PartyA_230 PartyB_208,MediumRisk
C-107754 PartyA_238 PartyB_11,MediumRisk
C-114166 PartyA_216 PartyB_66,MediumRisk
C-109462 PartyA_73 PartyB_20,HighRisk
C-115960 PartyA_23 PartyB_4,MediumRisk
C-119162 PartyA_157 PartyB_281,MediumRisk
C-104603 PartyA_260 PartyB_146,HighRisk
C-114252 PartyA_209 PartyB_105,MediumRisk
C-101985 PartyA_259 PartyB_203,MediumRisk
C-107774 PartyA_245 PartyB_147,MediumRisk
C-109726 PartyA_35 PartyB_113,HighRisk
C-116709 PartyA_83 PartyB_151,LowRisk
C-116156 PartyA_116 PartyB_245,MediumRisk
C-115560 PartyA_134 PartyB_56,HighRisk
C-110530 PartyA_3 PartyB_288,MediumRisk
C-112172 PartyA_199 PartyB_43,HighRisk
C-121709 PartyA_202 PartyB_236,MediumRisk
C-104054 PartyA_26 PartyB_166,MediumRisk
C-118621 PartyA_247 PartyB_104,HighRisk
C-123032 PartyA_198 PartyB_61,HighRisk
C-105229 PartyA_4 PartyB_263,MediumRisk
C-112370 PartyA_230 PartyB_272,MediumRisk
C-113666 PartyA_16 PartyB_202,HighRisk
C-107454 PartyA_76 PartyB_108,HighRisk
C-101268 PartyA_34 PartyB_222,HighRisk
C-100864 PartyA_152 PartyB_104,LowRisk
C-122535 PartyA_116 PartyB_43,HighRisk
C-104942 PartyA_227 PartyB_29,MediumRisk
C-102253 PartyA_26 PartyB_44,MediumRisk
C-120254 PartyA_65 PartyB_147,MediumRisk
C-116755 PartyA_93 PartyB_135,MediumRisk
C-121219 PartyA_238 PartyB_69,MediumRisk
C-110348 PartyA_239 PartyB_25,HighRisk
C-107940 PartyA_141 PartyB_68,MediumRisk
C-100609 PartyA_99 PartyB_13,MediumRisk
C-104651 PartyA_39 PartyB_47,MediumRisk
C-122903 PartyA_178 PartyB_139,MediumRisk
C-115886 PartyA_220 PartyB_216,MediumRisk
C-105919 PartyA_243 PartyB_127,LowRisk
C-114022 PartyA_277 PartyB_153,MediumRisk
C-118748 PartyA_152 PartyB_234,MediumRisk
C-107148 PartyA_115 PartyB_14,MediumRisk
C-113648 PartyA_88 PartyB_182,MediumRisk
C-110635 PartyA_123 PartyB_81,HighRisk
C-123732 PartyA_54 PartyB_73,MediumRisk
C-121413 PartyA_143 PartyB_93,MediumRisk
C-105581 PartyA_95 PartyB_243,HighRisk
C-122485 PartyA_195 PartyB_270,LowRisk
C-105060 PartyA_285 PartyB_90,MediumRisk
C-124042 PartyA_198 PartyB_192,MediumRisk
C-109615 PartyA_165 PartyB_133,MediumRisk
C-108044 PartyA_13 PartyB_102,MediumRisk
C-117046 PartyA_231 PartyB_264,MediumRisk
C-108386 PartyA_164 PartyB_56,HighRisk
C-114629 PartyA_125 PartyB_23,MediumRisk
C-120649 PartyA_272 PartyB_81,MediumRisk
C-109311 PartyA_49 PartyB_282,HighRisk
C-102776 PartyA_40 PartyB_259,MediumRisk
C-113667 PartyA_142 PartyB_96,MediumRisk
C-120601 PartyA_293 PartyB_110,MediumRisk
C-121046 PartyA_99 PartyB_229,MediumRisk
C-124936 PartyA_183 PartyB_109,MediumRisk
C-107189 PartyA_76 PartyB_114,MediumRisk
C-113731 PartyA_244 PartyB_45,HighRisk
C-105573 PartyA_84 PartyB_138,MediumRisk
C-106135 PartyA_11 PartyB_53,MediumRisk
C-110553 PartyA_141 PartyB_194,HighRisk
C-105247 PartyA_216 PartyB_81,MediumRisk
C-103981 PartyA_178 PartyB_290,HighRisk
C-111085 PartyA_110 PartyB_210,LowRisk
C-119053 PartyA_167 PartyB_144,HighRisk
C-116663 PartyA_167 PartyB_100,MediumRisk
C-113158 PartyA_249 PartyB_37,MediumRisk
C-102172 PartyA_94 PartyB_47,MediumRisk
C-123235 PartyA_22 PartyB_25,MediumRisk
C-108718 PartyA_124 PartyB_249,MediumRisk
C-107452 PartyA_12 PartyB_294,MediumRisk
C-115553 PartyA_109 PartyB_222,HighRisk
C-105197 PartyA_102 PartyB_260,MediumRisk
C-117793 PartyA_96 PartyB_181,HighRisk
C-113210 PartyA_47 PartyB_71,MediumRisk
C-111671 PartyA_118 PartyB_21,MediumRisk
C-122715 PartyA_203 PartyB_70,MediumRisk
C-115995 PartyA_28 PartyB_282,HighRisk
C-123950 PartyA_259 PartyB_164,HighRisk
C-123420 PartyA_266 PartyB_96,MediumRisk
C-103809 PartyA_193 PartyB_232,MediumRisk
C-120386 PartyA_168 PartyB_170,MediumRisk
C-110079 PartyA_237 PartyB_69,MediumRisk
C-112488 PartyA_262 PartyB_40,MediumRisk
C-118265 PartyA_16 PartyB_64,MediumRisk
C-105543 PartyA_83 PartyB_219,HighRisk
C-115681 PartyA_181 PartyB_146,HighRisk
C-111864 PartyA_153 PartyB_175,MediumRisk
C-115519 PartyA_135 PartyB_295,MediumRisk
C-110401 PartyA_264 PartyB_35,HighRisk
C-119693 PartyA_199 PartyB_145,MediumRisk
C-119859 PartyA_195 PartyB_206,MediumRisk
C-117653 PartyA_274 PartyB_112,MediumRisk
C-118734 PartyA_236 PartyB_16,MediumRisk
C-108745 PartyA_296 PartyB_82,MediumRisk
C-101384 PartyA_295 PartyB_102,MediumRisk
C-119803 PartyA_279 PartyB_216,HighRisk
C-109036 PartyA_264 PartyB_101,MediumRisk
C-113095 PartyA_202 PartyB_96,MediumRisk
C-100297 PartyA_255 PartyB_234,MediumRisk
C-108635 PartyA_154 PartyB_252,MediumRisk
C-123475 PartyA_246 PartyB_275,MediumRisk
C-120091 PartyA_65 PartyB_122,HighRisk
C-103867 PartyA_93 PartyB_198,HighRisk
C-120062 PartyA_48 PartyB_43,HighRisk
C-102077 PartyA_19 PartyB_58,MediumRisk
C-115029 PartyA_41 PartyB_77,LowRisk
C-115675 PartyA_192 PartyB_126,MediumRisk
C-114209 PartyA_123 PartyB_255,MediumRisk
C-124598 PartyA_87 PartyB_38,MediumRisk
C-118613 PartyA_262 PartyB_275,MediumRisk
C-115216 PartyA_184 PartyB_168,HighRisk
C-119226 PartyA_270 PartyB_269,HighRisk
C-102537 PartyA_289 PartyB_194,MediumRisk
C-116578 PartyA_21 PartyB_189,MediumRisk
C-116395 PartyA_11 PartyB_273,LowRisk
C-107362 PartyA_274 PartyB_211,MediumRisk
C-106636 PartyA_21 PartyB_31,MediumRisk
C-107498 PartyA_230 PartyB_81,HighRisk
C-113482 PartyA_5 PartyB_292,HighRisk
C-109009 PartyA_152 PartyB_125,MediumRisk
C-123780 PartyA_140 PartyB_137,HighRisk
C-106553 PartyA_253 PartyB_276,HighRisk
C-110770 PartyA_207 PartyB_241,MediumRisk
C-116131 PartyA_61 PartyB_210,MediumRisk
C-104654 PartyA_180 PartyB_43,MediumRisk
C-100320 PartyA_137 PartyB_274,MediumRisk
C-107135 PartyA_213 PartyB_123,MediumRisk
C-117755 PartyA_154 PartyB_162,MediumRisk
C-111984 PartyA_279 PartyB_200,MediumRisk
C-102654 PartyA_57 PartyB_27,MediumRisk
C-112142 PartyA_77 PartyB_270,LowRisk
C-113721 PartyA_246 PartyB_262,HighRisk
C-100886 PartyA_162 PartyB_123,MediumRisk
C-105002 PartyA_134 PartyB_109,MediumRisk
C-121057 PartyA_202 PartyB_253,MediumRisk
C-122944 PartyA_231 PartyB_29,MediumRisk
C-117310 PartyA_40 PartyB_297,LowRisk
C-100244 PartyA_228 PartyB_185,MediumRisk
C-114758 PartyA_87 PartyB_175,MediumRisk
C-108207 PartyA_177 PartyB_144,MediumRisk
C-116527 PartyA_31 PartyB_201,MediumRisk
C-105983 PartyA_256 PartyB_24,HighRisk
C-102363 PartyA_203 PartyB_281,MediumRisk
C-116513 PartyA_187 PartyB_116,MediumRisk
C-101161 PartyA_192 PartyB_170,HighRisk
C-118291 PartyA_61 PartyB_255,MediumRisk
C-100287 PartyA_72 PartyB_127,MediumRisk
C-113650 PartyA_263 PartyB_166,HighRisk
C-119805 PartyA_280 PartyB_254,MediumRisk
C-110068 PartyA_3 PartyB_49,LowRisk
C-110680 PartyA_20 PartyB_263,MediumRisk
C-112450 PartyA_218 PartyB_87,HighRisk
C-121092 PartyA_183 PartyB_251,HighRisk
C-108681 PartyA_190 PartyB_291,HighRisk
C-101170 PartyA_268 PartyB_291,LowRisk
C-123341 PartyA_66 PartyB_67,MediumRisk
C-110374 PartyA_64 PartyB_230,MediumRisk
C-123976 PartyA_210 PartyB_265,HighRisk
C-106792 PartyA_43 PartyB_127,MediumRisk
C-123892 PartyA_112 PartyB_131,HighRisk
C-118243 PartyA_135 PartyB_109,MediumRisk
C-100277 PartyA_233 PartyB_250,MediumRisk
C-120362 PartyA_109 PartyB_35,MediumRisk
C-115946 PartyA_50 PartyB_90,HighRisk
C-120663 PartyA_169 PartyB_188,HighRisk
C-103121 PartyA_235 PartyB_155,MediumRisk
C-108579 PartyA_23 PartyB_179,HighRisk
C-117695 PartyA_39 PartyB_106,MediumRisk
C-117416 PartyA_163 PartyB_250,MediumRisk
C-108339 PartyA_65 PartyB_54,MediumRisk
C-103406 PartyA_131 PartyB_148,HighRisk
C-115475 PartyA_141 PartyB_144,MediumRisk
C-113861 PartyA_116 PartyB_263,MediumRisk
C-122254 PartyA_182 PartyB_15,MediumRisk
C-113128 PartyA_2 PartyB_23,MediumRisk
C-100931 PartyA_154 PartyB_248,HighRisk
C-100691 PartyA_34 PartyB_157,MediumRisk
C-120480 PartyA_36 PartyB_275,MediumRisk
C-106364 PartyA_186 PartyB_279,MediumRisk
C-118293 PartyA_163 PartyB_230,HighRisk
C-109021 PartyA_54 PartyB_93,MediumRisk
C-110273 PartyA_180 PartyB_241,MediumRisk
C-124316 PartyA_109 PartyB_207,MediumRisk
C-116428 PartyA_71 PartyB_93,HighRisk
C-109141 PartyA_282 PartyB_42,MediumRisk
C-107108 PartyA_178 PartyB_75,MediumRisk
C-108975 PartyA_45 PartyB_253,HighRisk
C-104319 PartyA_141 PartyB_192,LowRisk
C-102965 PartyA_128 PartyB_46,MediumRisk
C-103969 PartyA_186 PartyB_39,MediumRisk
C-104926 PartyA_227 PartyB_58,MediumRisk
C-120369 PartyA_190 PartyB_269,MediumRisk
C-114616 PartyA_250 PartyB_126,MediumRisk
C-113971 PartyA_90 PartyB_196,MediumRisk
C-103092 PartyA_235 PartyB_224,MediumRisk
C-112748 PartyA_99 PartyB_242,MediumRisk
C-123295 PartyA_44 PartyB_221,MediumRisk
C-115790 PartyA_60 PartyB_176,MediumRisk
C-112515 PartyA_247 PartyB_151,MediumRisk
C-103982 PartyA_300 PartyB_165,MediumRisk
C-101404 PartyA_64 PartyB_39,HighRisk
C-119579 PartyA_148 PartyB_179,MediumRisk
C-106124 PartyA_279 PartyB_156,HighRisk
C-101094 PartyA_90 PartyB_165,MediumRisk
C-117353 PartyA_151 PartyB_218,LowRisk
C-115972 PartyA_32 PartyB_238,MediumRisk
C-102843 PartyA_126 PartyB_149,MediumRisk
C-119235 PartyA_199 PartyB_52,MediumRisk
C-104815 PartyA_2 PartyB_60,MediumRisk
C-116473 PartyA_282 PartyB_3,MediumRisk
C-105956 PartyA_136 PartyB_135,MediumRisk
C-124841 PartyA_12 PartyB_289,MediumRisk
C-120213 PartyA_176 PartyB_160,MediumRisk
C-113374 PartyA_176 PartyB_108,HighRisk
C-122454 PartyA_203 PartyB_66,MediumRisk
C-118173 PartyA_134 PartyB_12,MediumRisk
C-122779 PartyA_194 PartyB_60,MediumRisk
C-118443 PartyA_14 PartyB_49,MediumRisk
C-113179 PartyA_72 PartyB_27,MediumRisk
C-112205 PartyA_13 PartyB_38,HighRisk
C-118286 PartyA_14 PartyB_276,MediumRisk
C-114407 PartyA_41 PartyB_64,HighRisk
C-104686 PartyA_180 PartyB_46,MediumRisk
C-118714 PartyA_295 PartyB_62,MediumRisk
C-104922 PartyA_172 PartyB_71,HighRisk
C-115833 PartyA_42 PartyB_163,LowRisk
C-106785 PartyA_209 PartyB_47,MediumRisk
C-105877 PartyA_114 PartyB_60,HighRisk
C-109548 PartyA_148 PartyB_7,MediumRisk
C-116459 PartyA_19 PartyB_72,LowRisk
C-102345 PartyA_285 PartyB_230,MediumRisk
C-108430 PartyA_113 PartyB_52,HighRisk
C-104586 PartyA_207 PartyB_120,HighRisk
C-121974 PartyA_108 PartyB_4,MediumRisk
C-114597 PartyA_172 PartyB_224,HighRisk
C-124530 PartyA_170 PartyB_163,HighRisk
C-120096 PartyA_164 PartyB_113,MediumRisk
C-108378 PartyA_255 PartyB_193,HighRisk
C-122616 PartyA_223 PartyB_190,MediumRisk
C-117937 PartyA_201 PartyB_32,HighRisk
C-122833 PartyA_63 PartyB_217,MediumRisk
C-106197 PartyA_15 PartyB_286,MediumRisk
C-113097 PartyA_55 PartyB_260,MediumRisk
C-114456 PartyA_213 PartyB_281,HighRisk
C-115179 PartyA_93 PartyB_77,MediumRisk
C-106401 PartyA_40 PartyB_150,MediumRisk
C-105695 PartyA_207 PartyB_200,HighRisk
C-102941 PartyA_172 PartyB_234,HighRisk
C-107381 PartyA_31 PartyB_113,MediumRisk
C-122489 PartyA_236 PartyB_57,MediumRisk
C-118004 PartyA_255 PartyB_277,HighRisk
C-113834 PartyA_184 PartyB_257,MediumRisk
C-105578 PartyA_260 PartyB_188,HighRisk
C-110338 PartyA_299 PartyB_139,MediumRisk
C-109993 PartyA_257 PartyB_9,HighRisk
C-107905 PartyA_16 PartyB_261,MediumRisk
C-121041 PartyA_29 PartyB_104,MediumRisk
C-122201 PartyA_50 PartyB_215,MediumRisk
C-101048 PartyA_31 PartyB_109,MediumRisk
C-106782 PartyA_100 PartyB_260,MediumRisk
C-112662 PartyA_11 PartyB_300,HighRisk
C-120498 PartyA_98 PartyB_136,HighRisk
C-101609 PartyA_65 PartyB_124,HighRisk
C-119480 PartyA_12 PartyB_278,MediumRisk
C-102415 PartyA_78 PartyB_88,MediumRisk
C-102017 PartyA_81 PartyB_33,MediumRisk
C-102971 PartyA_267 PartyB_262,HighRisk
C-112317 PartyA_49 PartyB_98,MediumRisk
C-114038 PartyA_299 PartyB_70,MediumRisk
C-113567 PartyA_223 PartyB_50,MediumRisk
C-102931 PartyA_203 PartyB_160,MediumRisk
C-115406 PartyA_290 PartyB_237,MediumRisk
C-122860 PartyA_5 PartyB_108,MediumRisk
C-119630 PartyA_93 PartyB_123,MediumRisk
C-116508 PartyA_89 PartyB_105,MediumRisk
C-117490 PartyA_23 PartyB_199,MediumRisk
C-113001 PartyA_149 PartyB_67,HighRisk
C-101814 PartyA_159 PartyB_66,HighRisk
C-114586 PartyA_235 PartyB_3,MediumRisk
C-114448 PartyA_255 PartyB_84,LowRisk
C-123946 PartyA_17 PartyB_228,MediumRisk
C-111533 PartyA_25 PartyB_102,MediumRisk
C-102123 PartyA_62 PartyB_13,HighRisk
C-113704 PartyA_202 PartyB_50,HighRisk
C-121200 PartyA_210 PartyB_201,HighRisk
C-124584 PartyA_164 PartyB_18,MediumRisk
C-124386 PartyA_107 PartyB_80,MediumRisk
C-118581 PartyA_85 PartyB_130,MediumRisk
C-117600 PartyA_124 PartyB_134,HighRisk
C-107701 PartyA_178 PartyB_185,MediumRisk
C-121936 PartyA_15 PartyB_281,MediumRisk
C-117109 PartyA_197 PartyB_13,HighRisk
C-119881 PartyA_283 PartyB_114,MediumRisk
C-109170 PartyA_8 PartyB_156,MediumRisk
C-100808 PartyA_243 PartyB_123,MediumRisk
C-121722 PartyA_23 PartyB_243,LowRisk
C-119756 PartyA_15 PartyB_212,LowRisk
C-120910 PartyA_60 PartyB_124,MediumRisk
C-104906 PartyA_208 PartyB_176,MediumRisk
C-103722 PartyA_197 PartyB_83,LowRisk
C-123787 PartyA_239 PartyB_233,LowRisk
C-113122 PartyA_199 PartyB_221,HighRisk
C-112734 PartyA_192 PartyB_275,MediumRisk
C-103962 PartyA_86 PartyB_257,HighRisk
C-122071 PartyA_72 PartyB_286,MediumRisk
C-102671 PartyA_165 PartyB_227,MediumRisk
C-124119 PartyA_101 PartyB_164,MediumRisk
C-109417 PartyA_27 PartyB_208,MediumRisk
C-118148 PartyA_3 PartyB_135,MediumRisk
C-104552 PartyA_120 PartyB_225,MediumRisk
C-116991 PartyA_144 PartyB_183,HighRisk
C-106009 PartyA_60 PartyB_120,MediumRisk
C-117831 PartyA_111 PartyB_102,MediumRisk
C-119601 PartyA_139 PartyB_20,HighRisk
C-105737 PartyA_203 PartyB_209,MediumRisk
C-108479 PartyA_70 PartyB_145,MediumRisk
C-118437 PartyA_120 PartyB_167,HighRisk
C-103164 PartyA_25 PartyB_116,HighRisk
C-120979 PartyA_13 PartyB_264,HighRisk
C-106763 PartyA_102 PartyB_236,MediumRisk
C-123590 PartyA_278 PartyB_161,MediumRisk
C-101657 PartyA_167 PartyB_186,HighRisk
C-123977 PartyA_18 PartyB_261,MediumRisk
C-119094 PartyA_201 PartyB_57,MediumRisk
C-107549 PartyA_30 PartyB_140,MediumRisk
C-104266 PartyA_41 PartyB_88,HighRisk
C-123338 PartyA_258 PartyB_265,MediumRisk
C-116806 PartyA_248 PartyB_36,HighRisk
C-124502 PartyA_72 PartyB_58,MediumRisk
C-105316 PartyA_272 PartyB_75,HighRisk
C-109673 PartyA_153 PartyB_75,MediumRisk
C-119229 PartyA_270 PartyB_136,MediumRisk
C-124941 PartyA_41 PartyB_249,MediumRisk
C-101001 PartyA_143 PartyB_233,MediumRisk
C-104198 PartyA_246 PartyB_87,HighRisk
C-102418 PartyA_264 PartyB_34,LowRisk
C-103575 PartyA_139 PartyB_102,MediumRisk
C-117345 PartyA_265 PartyB_121,LowRisk
C-109772 PartyA_269 PartyB_14,LowRisk
C-103558 PartyA_160 PartyB_21,MediumRisk
C-121445 PartyA_156 PartyB_130,HighRisk
C-112458 PartyA_167 PartyB_151,LowRisk
C-103854 PartyA_109 PartyB_49,MediumRisk
C-104887 PartyA_43 PartyB_175,MediumRisk
C-117141 PartyA_151 PartyB_171,MediumRisk
C-113058 PartyA_224 PartyB_6,MediumRisk
C-122865 PartyA_12 PartyB_295,MediumRisk
C-105313 PartyA_283 PartyB_41,HighRisk
C-118668 PartyA_3 PartyB_87,MediumRisk
C-116223 PartyA_17 PartyB_109,MediumRisk
C-121230 PartyA_256 PartyB_166,MediumRisk
C-104524 PartyA_24 PartyB_64,HighRisk
C-113699 PartyA_224 PartyB_187,MediumRisk
C-104827 PartyA_82 PartyB_58,MediumRisk
C-121790 PartyA_77 PartyB_84,MediumRisk
C-100807 PartyA_160 PartyB_33,MediumRisk
C-103907 PartyA_238 PartyB_88,MediumRisk
C-114333 PartyA_261 PartyB_174,MediumRisk
C-122846 PartyA_174 PartyB_298,LowRisk
C-107023 PartyA_52 PartyB_142,MediumRisk
C-101956 PartyA_77 PartyB_158,MediumRisk
C-110637 PartyA_252 PartyB_52,MediumRisk
C-109343 PartyA_200 PartyB_61,HighRisk
C-115161 PartyA_69 PartyB_237,HighRisk
C-111404 PartyA_164 PartyB_170,MediumRisk
C-122618 PartyA_163 PartyB_33,HighRisk
C-102402 PartyA_108 PartyB_186,MediumRisk
C-105184 PartyA_111 PartyB_70,HighRisk
C-117457 PartyA_213 PartyB_14,MediumRisk
C-114698 PartyA_126 PartyB_248,MediumRisk
C-123914 PartyA_59 PartyB_210,MediumRisk
C-123087 PartyA_17 PartyB_298,MediumRisk
C-110283 PartyA_107 PartyB_94,HighRisk
C-112719 PartyA_81 PartyB_90,MediumRisk
C-108095 PartyA_68 PartyB_63,MediumRisk
C-109890 PartyA_298 PartyB_233,HighRisk
C-122801 PartyA_129 PartyB_111,MediumRisk
C-118323 PartyA_162 PartyB_34,MediumRisk
C-121678 PartyA_266 PartyB_217,MediumRisk
C-117387 PartyA_155 PartyB_300,MediumRisk
C-115086 PartyA_74 PartyB_181,MediumRisk
C-121441 PartyA_179 PartyB_129,MediumRisk
C-107566 PartyA_103 PartyB_126,HighRisk
C-111126 PartyA_39 PartyB_129,HighRisk
C-114719 PartyA_276 PartyB_35,MediumRisk
C-124043 PartyA_90 PartyB_92,MediumRisk
C-105368 PartyA_50 PartyB_100,MediumRisk
C-106928 PartyA_193 PartyB_116,HighRisk
C-109603 PartyA_157 PartyB_132,HighRisk
C-120431 PartyA_2 PartyB_136,MediumRisk
C-108901 PartyA_25 PartyB_240,HighRisk
C-119977 PartyA_88 PartyB_205,LowRisk
C-111795 PartyA_128 PartyB_69,MediumRisk
C-117369 PartyA_59 PartyB_115,MediumRisk
C-111268 PartyA_79 PartyB_275,MediumRisk
C-107384 PartyA_231 PartyB_70,MediumRisk
C-120907 PartyA_118 PartyB_82,MediumRisk
C-124085 PartyA_10 PartyB_9,MediumRisk
C-120179 PartyA_284 PartyB_179,HighRisk
C-124219 PartyA_209 PartyB_21,MediumRisk
C-109460 PartyA_171 PartyB_180,MediumRisk
C-102462 PartyA_269 PartyB_164,MediumRisk
C-121148 PartyA_279 PartyB_154,LowRisk
C-116652 PartyA_259 PartyB_103,MediumRisk
C-112942 PartyA_278 PartyB_53,MediumRisk
C-111708 PartyA_221 PartyB_115,MediumRisk
C-116455 PartyA_104 PartyB_252,MediumRisk
C-109454 PartyA_32 PartyB_69,HighRisk
C-122582 PartyA_221 PartyB_261,MediumRisk
C-106509 PartyA_37 PartyB_133,MediumRisk
C-119205 PartyA_138 PartyB_272,MediumRisk
C-100589 PartyA_259 PartyB_40,HighRisk
C-113136 PartyA_181 PartyB_111,HighRisk
C-116549 PartyA_220 PartyB_144,HighRisk
C-108848 PartyA_230 PartyB_131,MediumRisk
C-104624 PartyA_294 PartyB_113,MediumRisk
C-106845 PartyA_122 PartyB_216,HighRisk
C-114343 PartyA_76 PartyB_165,MediumRisk
C-118412 PartyA_91 PartyB_141,LowRisk
C-110850 PartyA_244 PartyB_54,MediumRisk
C-108869 PartyA_140 PartyB_118,MediumRisk
C-120774 PartyA_29 PartyB_23,MediumRisk
C-109424 PartyA_56 PartyB_258,MediumRisk
C-105454 PartyA_20 PartyB_125,MediumRisk
C-101449 PartyA_13 PartyB_140,MediumRisk
C-120269 PartyA_102 PartyB_68,MediumRisk
C-115849 PartyA_131 PartyB_78,MediumRisk
C-111454 PartyA_122 PartyB_275,MediumRisk
C-118816 PartyA_149 PartyB_294,HighRisk
C-123645 PartyA_43 PartyB_132,MediumRisk
C-117280 PartyA_258 PartyB_86,MediumRisk
C-109803 PartyA_178 PartyB_4,HighRisk
C-101587 PartyA_142 PartyB_245,HighRisk
C-106686 PartyA_19 PartyB_62,MediumRisk
C-113558 PartyA_52 PartyB_292,MediumRisk
C-118103 PartyA_289 PartyB_59,HighRisk
C-108806 PartyA_153 PartyB_94,HighRisk
C-121973 PartyA_155 PartyB_3,LowRisk
C-103961 PartyA_92 PartyB_143,HighRisk
C-108923 PartyA_43 PartyB_294,MediumRisk
C-106078 PartyA_192 PartyB_213,HighRisk
C-117274 PartyA_56 PartyB_3,MediumRisk
C-110956 PartyA_188 PartyB_180,MediumRisk
C-123750 PartyA_3 PartyB_95,MediumRisk
C-104006 PartyA_91 PartyB_9,HighRisk
C-104939 PartyA_148 PartyB_214,MediumRisk
C-122329 PartyA_30 PartyB_65,MediumRisk
C-118395 PartyA_66 PartyB_18,MediumRisk
C-105898 PartyA_11 PartyB_142,MediumRisk
C-114365 PartyA_291 PartyB_51,MediumRisk
C-121751 PartyA_148 PartyB_231,MediumRisk
C-114011 PartyA_176 PartyB_104,LowRisk
C-116968 PartyA_123 PartyB_68,LowRisk
C-111460 PartyA_149 PartyB_138,MediumRisk
C-113157 PartyA_127 PartyB_242,MediumRisk
C-101260 PartyA_29 PartyB_229,MediumRisk
C-114391 PartyA_32 PartyB_12,HighRisk
C-100310 PartyA_21 PartyB_111,MediumRisk
C-101716 PartyA_188 PartyB_264,HighRisk
C-102052 PartyA_105 PartyB_9,MediumRisk
C-104668 PartyA_277 PartyB_91,MediumRisk
C-104298 PartyA_101 PartyB_217,HighRisk
C-103783 PartyA_87 PartyB_81,MediumRisk
C-101008 PartyA_65 PartyB_231,HighRisk
C-107347 PartyA_199 PartyB_248,MediumRisk
C-110377 PartyA_195 PartyB_167,HighRisk
C-121835 PartyA_248 PartyB_214,MediumRisk
C-109878 PartyA_22 PartyB_18,MediumRisk
C-113159 PartyA_108 PartyB_27,MediumRisk
C-102773 PartyA_86 PartyB_134,LowRisk
C-113026 PartyA_255 PartyB_198,MediumRisk
C-112948 PartyA_171 PartyB_29,HighRisk
C-116474 PartyA_6 PartyB_114,MediumRisk
C-101987 PartyA_239 PartyB_135,MediumRisk
C-121314 PartyA_57 PartyB_140,MediumRisk
C-107279 PartyA_49 PartyB_270,HighRisk
C-102672 PartyA_250 PartyB_1,LowRisk
C-116260 PartyA_91 PartyB_95,MediumRisk
C-109175 PartyA_26 PartyB_243,MediumRisk
C-117358 PartyA_92 PartyB_162,MediumRisk
C-119309 PartyA_285 PartyB_11,MediumRisk
C-100249 PartyA_203 PartyB_171,MediumRisk
C-108185 PartyA_86 PartyB_11,MediumRisk
C-105884 PartyA_134 PartyB_161,MediumRisk
C-118725 PartyA_271 PartyB_209,MediumRisk
C-122073 PartyA_114 PartyB_161,MediumRisk
C-121831 PartyA_238 PartyB_283,MediumRisk
C-106589 PartyA_298 PartyB_64,HighRisk
C-113780 PartyA_38 PartyB_17,MediumRisk
C-119955 PartyA_77 PartyB_1,HighRisk
C-100627 PartyA_66 PartyB_17,MediumRisk
C-120532 PartyA_36 PartyB_222,MediumRisk
C-113272 PartyA_119 PartyB_228,HighRisk
C-104765 PartyA_285 PartyB_196,MediumRisk
C-124303 PartyA_198 PartyB_30,HighRisk
C-116512 PartyA_161 PartyB_284,MediumRisk
C-122410 PartyA_150 PartyB_33,MediumRisk
C-120887 PartyA_255 PartyB_249,LowRisk
C-113782 PartyA_136 PartyB_176,MediumRisk
C-112427 PartyA_60 PartyB_296,MediumRisk
C-106995 PartyA_201 PartyB_212,MediumRisk
C-121175 PartyA_273 PartyB_147,HighRisk
C-118782 PartyA_65 PartyB_291,HighRisk
C-106305 PartyA_239 PartyB_193,MediumRisk
C-123202 PartyA_66 PartyB_121,HighRisk
C-124061 PartyA_26 PartyB_128,HighRisk
C-121218 PartyA_213 PartyB_191,MediumRisk
C-112392 PartyA_177 PartyB_210,MediumRisk
C-117570 PartyA_23 PartyB_154,MediumRisk
C-120993 PartyA_98 PartyB_151,HighRisk
C-115472 PartyA_155 PartyB_129,MediumRisk
C-110703 PartyA_10 PartyB_277,MediumRisk
C-124650 PartyA_292 PartyB_190,HighRisk
C-109220 PartyA_21 PartyB_58,MediumRisk
C-104247 PartyA_260 PartyB_285,MediumRisk
C-124445 PartyA_268 PartyB_191,MediumRisk
C-111273 PartyA_175 PartyB_74,HighRisk
C-109107 PartyA_4 PartyB_230,HighRisk
C-109497 PartyA_285 PartyB_8,HighRisk
C-117480 PartyA_277 PartyB_257,MediumRisk
C-111241 PartyA_160 PartyB_208,HighRisk
C-101273 PartyA_3 PartyB_207,HighRisk
C-105698 PartyA_115 PartyB_168,HighRisk
C-107678 PartyA_255 PartyB_151,MediumRisk
C-110988 PartyA_96 PartyB_113,MediumRisk
C-109590 PartyA_212 PartyB_20,MediumRisk
C-103358 PartyA_160 PartyB_293,MediumRisk
C-116567 PartyA_57 PartyB_159,MediumRisk
C-120111 PartyA_130 PartyB_214,MediumRisk
C-123002 PartyA_160 PartyB_121,HighRisk
C-115235 PartyA_125 PartyB_268,MediumRisk
C-106513 PartyA_40 PartyB_54,MediumRisk
C-116079 PartyA_70 PartyB_123,HighRisk
C-104567 PartyA_231 PartyB_29,HighRisk
C-113255 PartyA_293 PartyB_88,HighRisk
C-110848 PartyA_50 PartyB_234,HighRisk
C-119247 PartyA_81 PartyB_300,MediumRisk
C-121693 PartyA_268 PartyB_171,MediumRisk
C-101961 PartyA_263 PartyB_297,MediumRisk
C-104992 PartyA_33 PartyB_194,MediumRisk
C-104891 PartyA_23 PartyB_136,MediumRisk
C-114330 PartyA_196 PartyB_217,HighRisk
C-106226 PartyA_74 PartyB_291,LowRisk
C-122102 PartyA_186 PartyB_299,HighRisk
C-121097 PartyA_238 PartyB_124,MediumRisk
C-101251 PartyA_134 PartyB_176,HighRisk
C-103176 PartyA_87 PartyB_146,MediumRisk
C-103359 PartyA_237 PartyB_119,MediumRisk
C-100307 PartyA_150 PartyB_134,MediumRisk
C-122064 PartyA_71 PartyB_75,HighRisk
C-123223 PartyA_249 PartyB_164,HighRisk
C-121336 PartyA_39 PartyB_222,HighRisk
C-112580 PartyA_56 PartyB_40,MediumRisk
C-123620 PartyA_63 PartyB_96,HighRisk
C-121811 PartyA_293 PartyB_141,HighRisk
C-112225 PartyA_270 PartyB_52,MediumRisk
C-101051 PartyA_158 PartyB_296,MediumRisk
C-114519 PartyA_94 PartyB_261,MediumRisk
C-111410 PartyA_213 PartyB_56,MediumRisk
C-109221 PartyA_125 PartyB_294,MediumRisk
C-110234 PartyA_128 PartyB_219,HighRisk
C-104763 PartyA_287 PartyB_216,LowRisk
C-109062 PartyA_189 PartyB_253,MediumRisk
C-101874 PartyA_238 PartyB_282,HighRisk
C-120343 PartyA_32 PartyB_143,LowRisk
C-113682 PartyA_224 PartyB_131,LowRisk
C-124074 PartyA_44 PartyB_12,HighRisk
C-105831 PartyA_88 PartyB_88,MediumRisk
C-122566 PartyA_300 PartyB_167,MediumRisk
C-100191 PartyA_294 PartyB_57,MediumRisk
C-112901 PartyA_50 PartyB_132,MediumRisk
C-113233 PartyA_111 PartyB_286,MediumRisk
C-112629 PartyA_56 PartyB_234,MediumRisk
C-104485 PartyA_11 PartyB_72,MediumRisk
C-109783 PartyA_95 PartyB_246,MediumRisk
C-103924 PartyA_279 PartyB_1,LowRisk
C-109940 PartyA_294 PartyB_243,HighRisk
C-124348 PartyA_42 PartyB_240,MediumRisk
C-120513 PartyA_135 PartyB_96,MediumRisk
C-119992 PartyA_139 PartyB_122,MediumRisk
C-115198 PartyA_49 PartyB_144,LowRisk
C-116061 PartyA_114 PartyB_158,HighRisk
C-119497 PartyA_14 PartyB_214,MediumRisk
C-103303 PartyA_256 PartyB_53,MediumRisk
C-115549 PartyA_76 PartyB_140,MediumRisk
C-118074 PartyA_130 PartyB_229,HighRisk
C-113304 PartyA_212 PartyB_133,MediumRisk
C-119692 PartyA_265 PartyB_50,MediumRisk
C-117888 PartyA_25 PartyB_25,MediumRisk
C-101806 PartyA_118 PartyB_28,HighRisk
C-103871 PartyA_184 PartyB_258,MediumRisk
C-103791 PartyA_53 PartyB_34,MediumRisk
C-123445 PartyA_264 PartyB_297,MediumRisk
C-114154 PartyA_7 PartyB_141,MediumRisk
C-102786 PartyA_185 PartyB_282,MediumRisk
C-109259 PartyA_19 PartyB_245,MediumRisk
C-123703 PartyA_26 PartyB_16,MediumRisk
C-101717 PartyA_69 PartyB_98,MediumRisk
C-102696 PartyA_86 PartyB_248,MediumRisk
C-101848 PartyA_172 PartyB_263,LowRisk
C-110623 PartyA_42 PartyB_95,MediumRisk
C-120267 PartyA_123 PartyB_129,LowRisk
C-112852 PartyA_253 PartyB_15,HighRisk
C-106622 PartyA_288 PartyB_126,MediumRisk
C-103435 PartyA_71 PartyB_96,MediumRisk
C-120837 PartyA_262 PartyB_251,HighRisk
C-116526 PartyA_136 PartyB_121,MediumRisk
C-106771 PartyA_25 PartyB_248,HighRisk
C-121784 PartyA_81 PartyB_259,MediumRisk
C-106992 PartyA_163 PartyB_168,HighRisk
C-120270 PartyA_94 PartyB_101,HighRisk
C-120582 PartyA_261 PartyB_25,HighRisk
C-122708 PartyA_26 PartyB_232,HighRisk
C-121376 PartyA_253 PartyB_220,MediumRisk
C-111601 PartyA_248 PartyB_7,HighRisk
C-101117 PartyA_175 PartyB_223,HighRisk
C-101756 PartyA_279 PartyB_7,MediumRisk
C-116881 PartyA_94 PartyB_98,MediumRisk
C-106751 PartyA_271 PartyB_74,MediumRisk
C-100870 PartyA_140 PartyB_247,HighRisk
C-119741 PartyA_112 PartyB_148,MediumRisk
C-109104 PartyA_95 PartyB_183,HighRisk
C-100721 PartyA_128 PartyB_190,MediumRisk
C-110997 PartyA_83 PartyB_31,HighRisk
C-117270 PartyA_226 PartyB_21,MediumRisk
C-119727 PartyA_11 PartyB_184,HighRisk
C-121461 PartyA_12 PartyB_266,MediumRisk
C-122820 PartyA_8 PartyB_74,MediumRisk
C-108347 PartyA_253 PartyB_121,MediumRisk
C-115588 PartyA_21 PartyB_49,MediumRisk
C-110938 PartyA_52 PartyB_217,MediumRisk
C-120703 PartyA_27 PartyB_37,MediumRisk
C-120784 PartyA_63 PartyB_246,MediumRisk
C-100314 PartyA_63 PartyB_22,MediumRisk
C-123665 PartyA_257 PartyB_218,MediumRisk
C-120680 PartyA_245 PartyB_221,MediumRisk
C-121666 PartyA_50 PartyB_145,MediumRisk
C-105850 PartyA_37 PartyB_139,HighRisk
C-106129 PartyA_115 PartyB_74,MediumRisk
C-105447 PartyA_73 PartyB_26,MediumRisk
C-103129 PartyA_152 PartyB_280,MediumRisk
C-116279 PartyA_13 PartyB_25,MediumRisk
C-115632 PartyA_271 PartyB_62,MediumRisk
C-118380 PartyA_50 PartyB_67,MediumRisk
C-100910 PartyA_208 PartyB_11,HighRisk
C-103968 PartyA_18 PartyB_197,MediumRisk
C-120759 PartyA_227 PartyB_201,MediumRisk
C-122306 PartyA_279 PartyB_244,MediumRisk
C-110165 PartyA_92 PartyB_56,MediumRisk
C-100336 PartyA_45 PartyB_151,LowRisk
C-122307 PartyA_151 PartyB_73,MediumRisk
C-122913 PartyA_239 PartyB_80,MediumRisk
C-120859 PartyA_119 PartyB_179,MediumRisk
C-102985 PartyA_53 PartyB_298,MediumRisk
C-110878 PartyA_3 PartyB_209,LowRisk
C-115916 PartyA_203 PartyB_241,LowRisk
C-111669 PartyA_69 PartyB_88,MediumRisk
C-119942 PartyA_278 PartyB_58,MediumRisk
C-113907 PartyA_218 PartyB_184,MediumRisk
C-111001 PartyA_221 PartyB_98,MediumRisk
C-104820 PartyA_183 PartyB_170,MediumRisk
C-119800 PartyA_211 PartyB_267,HighRisk
C-116691 PartyA_220 PartyB_176,LowRisk
C-112100 PartyA_92 PartyB_289,MediumRisk
C-116732 PartyA_52 PartyB_285,MediumRisk
C-123460 PartyA_76 PartyB_138,MediumRisk
C-107243 PartyA_126 PartyB_164,MediumRisk
C-124782 PartyA_262 PartyB_104,HighRisk
C-114079 PartyA_240 PartyB_184,HighRisk
C-111874 PartyA_26 PartyB_236,HighRisk
C-114520 PartyA_93 PartyB_2,MediumRisk
C-108263 PartyA_243 PartyB_161,MediumRisk
C-118678 PartyA_279 PartyB_262,MediumRisk
C-106855 PartyA_107 PartyB_61,HighRisk
C-108597 PartyA_280 PartyB_174,HighRisk
C-121203 PartyA_184 PartyB_86,MediumRisk
C-122808 PartyA_147 PartyB_240,HighRisk
C-106901 PartyA_69 PartyB_231,MediumRisk
C-118050 PartyA_210 PartyB_235,HighRisk
C-109949 PartyA_278 PartyB_124,MediumRisk
C-116436 PartyA_273 PartyB_170,HighRisk
C-101445 PartyA_12 PartyB_153,MediumRisk
C-120283 PartyA_284 PartyB_180,MediumRisk
C-114821 PartyA_205 PartyB_3,HighRisk
C-120661 PartyA_278 PartyB_109,MediumRisk
C-101695 PartyA_94 PartyB_269,MediumRisk
C-111084 PartyA_127 PartyB_278,MediumRisk
C-116152 PartyA_246 PartyB_199,MediumRisk
C-113383 PartyA_269 PartyB_185,MediumRisk
C-117958 PartyA_30 PartyB_188,MediumRisk
C-101630 PartyA_142 PartyB_170,HighRisk
C-100269 PartyA_290 PartyB_16,MediumRisk
C-101881 PartyA_257 PartyB_137,MediumRisk
C-114523 PartyA_174 PartyB_122,MediumRisk
C-113900 PartyA_217 PartyB_69,MediumRisk
C-105074 PartyA_290 PartyB_278,MediumRisk
C-105509 PartyA_95 PartyB_3,MediumRisk
C-123510 PartyA_137 PartyB_155,MediumRisk
C-120629 PartyA_175 PartyB_279,MediumRisk
C-121130 PartyA_168 PartyB_145,LowRisk
C-102535 PartyA_233 PartyB_65,MediumRisk
C-111069 PartyA_42 PartyB_105,MediumRisk
C-123308 PartyA_136 PartyB_89,HighRisk
C-114680 PartyA_45 PartyB_29,HighRisk
C-100186 PartyA_74 PartyB_102,MediumRisk
C-111971 PartyA_136 PartyB_165,MediumRisk
C-105558 PartyA_97 PartyB_298,HighRisk
C-124479 PartyA_249 PartyB_84,HighRisk
C-121984 PartyA_46 PartyB_259,MediumRisk
C-106587 PartyA_266 PartyB_59,MediumRisk
C-117618 PartyA_12 PartyB_280,HighRisk
C-123231 PartyA_42 PartyB_203,MediumRisk
C-124940 PartyA_174 PartyB_245,MediumRisk
C-103915 PartyA_25 PartyB_119,MediumRisk
C-100446 PartyA_197 PartyB_206,MediumRisk
C-123527 PartyA_44 PartyB_62,HighRisk
C-114031 PartyA_58 PartyB_211,MediumRisk
C-117228 PartyA_225 PartyB_38,MediumRisk
C-107124 PartyA_110 PartyB_117,MediumRisk
C-102440 PartyA_43 PartyB_250,MediumRisk
C-103103 PartyA_263 PartyB_76,HighRisk
C-111088 PartyA_34 PartyB_180,HighRisk
C-107692 PartyA_276 PartyB_215,HighRisk
C-106094 PartyA_190 PartyB_252,MediumRisk
C-109486 PartyA_203 PartyB_177,HighRisk
C-118537 PartyA_116 PartyB_246,HighRisk
C-122440 PartyA_221 PartyB_188,MediumRisk
C-113223 PartyA_45 PartyB_38,HighRisk
C-116913 PartyA_238 PartyB_196,MediumRisk
C-100687 PartyA_252 PartyB_221,HighRisk
C-105208 PartyA_73 PartyB_151,MediumRisk
C-117160 PartyA_102 PartyB_29,MediumRisk
C-108417 PartyA_225 PartyB_62,MediumRisk
C-110345 PartyA_36 PartyB_211,MediumRisk
C-104920 PartyA_31 PartyB_71,HighRisk
C-123349 PartyA_283 PartyB_282,MediumRisk
C-124372 PartyA_176 PartyB_64,MediumRisk
C-121058 PartyA_265 PartyB_99,MediumRisk
C-119520 PartyA_197 PartyB_131,HighRisk
C-119600 PartyA_176 PartyB_80,LowRisk
C-105462 PartyA_204 PartyB_288,MediumRisk
C-113757 PartyA_160 PartyB_279,MediumRisk
C-122179 PartyA_28 PartyB_184,HighRisk
C-119567 PartyA_267 PartyB_41,HighRisk
C-119583 PartyA_17 PartyB_234,MediumRisk
C-121821 PartyA_43 PartyB_64,MediumRisk
C-101289 PartyA_168 PartyB_162,MediumRisk
C-112773 PartyA_74 PartyB_124,MediumRisk
C-123237 PartyA_76 PartyB_81,MediumRisk
C-110692 PartyA_32 PartyB_58,MediumRisk
C-110335 PartyA_73 PartyB_73,MediumRisk
C-124435 PartyA_155 PartyB_177,MediumRisk
C-121618 PartyA_141 PartyB_100,HighRisk
C-123813 PartyA_269 PartyB_96,MediumRisk
C-111905 PartyA_91 PartyB_101,LowRisk
C-124495 PartyA_170 PartyB_79,MediumRisk
C-115830 PartyA_50 PartyB_109,HighRisk
C-115735 PartyA_184 PartyB_265,LowRisk
C-112158 PartyA_34 PartyB_172,MediumRisk
C-118263 PartyA_248 PartyB_240,HighRisk
C-118814 PartyA_293 PartyB_72,HighRisk
C-112453 PartyA_286 PartyB_40,MediumRisk
C-106079 PartyA_288 PartyB_14,HighRisk
C-105457 PartyA_246 PartyB_55,MediumRisk
C-121129 PartyA_181 PartyB_134,MediumRisk
C-111349 PartyA_16 PartyB_260,MediumRisk
C-112057 PartyA_121 PartyB_91,MediumRisk
C-118532 PartyA_189 PartyB_86,MediumRisk
C-104131 PartyA_246 PartyB_298,MediumRisk
C-116351 PartyA_80 PartyB_183,MediumRisk
C-117420 PartyA_51 PartyB_149,HighRisk
C-115408 PartyA_46 PartyB_224,MediumRisk
C-123188 PartyA_129 PartyB_195,MediumRisk
C-104134 PartyA_227 PartyB_116,MediumRisk
C-117033 PartyA_293 PartyB_251,MediumRisk
C-109275 PartyA_41 PartyB_208,MediumRisk
C-100861 PartyA_199 PartyB_69,LowRisk
C-113404 PartyA_1 PartyB_176,MediumRisk
C-116575 PartyA_281 PartyB_286,MediumRisk
C-101942 PartyA_196 PartyB_20,HighRisk
C-110295 PartyA_95 PartyB_148,MediumRisk
C-104331 PartyA_219 PartyB_104,MediumRisk
C-114119 PartyA_82 PartyB_300,MediumRisk
C-103970 PartyA_233 PartyB_102,HighRisk
C-121686 PartyA_30 PartyB_182,HighRisk
C-122384 PartyA_37 PartyB_109,MediumRisk
C-112851 PartyA_231 PartyB_52,HighRisk
C-113193 PartyA_110 PartyB_224,MediumRisk
C-102775 PartyA_276 PartyB_209,MediumRisk
C-104145 PartyA_145 PartyB_99,MediumRisk
C-122777 PartyA_226 PartyB_193,MediumRisk
C-119001 PartyA_50 PartyB_57,HighRisk
C-102411 PartyA_247 PartyB_150,MediumRisk
C-117478 PartyA_146 PartyB_138,HighRisk
C-115457 PartyA_146 PartyB_264,MediumRisk
C-101546 PartyA_69 PartyB_168,MediumRisk
C-106953 PartyA_232 PartyB_55,MediumRisk
C-103135 PartyA_3 PartyB_60,MediumRisk
C-113232 PartyA_128 PartyB_252,MediumRisk
C-115627 PartyA_141 PartyB_2,HighRisk
C-124023 PartyA_88 PartyB_147,HighRisk
C-114715 PartyA_189 PartyB_189,MediumRisk
C-103805 PartyA_184 PartyB_43,MediumRisk
C-123371 PartyA_196 PartyB_33,HighRisk
C-120372 PartyA_5 PartyB_274,MediumRisk
C-115160 PartyA_290 PartyB_145,HighRisk
C-106774 PartyA_62 PartyB_178,HighRisk
C-119678 PartyA_23 PartyB_293,MediumRisk
C-114062 PartyA_82 PartyB_218,MediumRisk
C-116848 PartyA_74 PartyB_172,HighRisk
C-117641 PartyA_267 PartyB_221,LowRisk
C-110020 PartyA_95 PartyB_107,MediumRisk
C-118643 PartyA_35 PartyB_84,MediumRisk
C-103327 PartyA_262 PartyB_242,HighRisk
C-107382 PartyA_182 PartyB_231,MediumRisk
C-101262 PartyA_32 PartyB_107,MediumRisk
C-117359 PartyA_288 PartyB_27,LowRisk
C-121208 PartyA_132 PartyB_225,HighRisk
C-113117 PartyA_226 PartyB_67,HighRisk
C-113455 PartyA_37 PartyB_291,MediumRisk
C-106582 PartyA_160 PartyB_139,MediumRisk
C-118771 PartyA_210 PartyB_197,HighRisk
C-105021 PartyA_60 PartyB_224,MediumRisk
C-112583 PartyA_58 PartyB_258,MediumRisk
C-114995 PartyA_114 PartyB_123,MediumRisk
C-111413 PartyA_42 PartyB_70,HighRisk
C-109802 PartyA_222 PartyB_185,MediumRisk
C-119173 PartyA_279 PartyB_89,MediumRisk
C-118241 PartyA_207 PartyB_26,MediumRisk
C-119404 PartyA_298 PartyB_240,HighRisk
C-104108 PartyA_189 PartyB_132,MediumRisk
C-105213 PartyA_242 PartyB_247,HighRisk
C-103255 PartyA_293 PartyB_198,MediumRisk
C-107323 PartyA_109 PartyB_48,HighRisk
C-102690 PartyA_72 PartyB_112,HighRisk
C-114501 PartyA_90 PartyB_25,HighRisk
C-104627 PartyA_20 PartyB_282,HighRisk
C-121637 PartyA_83 PartyB_6,HighRisk
C-101319 PartyA_140 PartyB_21,MediumRisk
C-116590 PartyA_29 PartyB_143,MediumRisk
C-105162 PartyA_194 PartyB_49,MediumRisk
C-107226 PartyA_134 PartyB_135,MediumRisk
C-120832 PartyA_108 PartyB_50,HighRisk
C-112192 PartyA_105 PartyB_165,MediumRisk
C-117519 PartyA_296 PartyB_202,MediumRisk
C-104529 PartyA_104 PartyB_267,HighRisk
C-111667 PartyA_3 PartyB_142,HighRisk
C-119889 PartyA_124 PartyB_184,HighRisk
C-112380 PartyA_276 PartyB_269,LowRisk
C-109941 PartyA_147 PartyB_93,HighRisk
C-120409 PartyA_37 PartyB_116,HighRisk
C-118062 PartyA_183 PartyB_150,MediumRisk
C-106336 PartyA_285 PartyB_256,MediumRisk
C-106982 PartyA_190 PartyB_9,MediumRisk
C-110066 PartyA_167 PartyB_217,LowRisk
C-100917 PartyA_131 PartyB_218,MediumRisk
C-118889 PartyA_229 PartyB_119,MediumRisk
C-113288 PartyA_71 PartyB_196,MediumRisk
C-119288 PartyA_12 PartyB_267,MediumRisk
C-100570 PartyA_261 PartyB_53,HighRisk
C-117832 PartyA_86 PartyB_101,MediumRisk
C-103414 PartyA_80 PartyB_79,MediumRisk
C-122491 PartyA_25 PartyB_264,HighRisk
C-114806 PartyA_36 PartyB_133,MediumRisk
C-107031 PartyA_107 PartyB_261,MediumRisk
C-106837 PartyA_149 PartyB_257,MediumRisk
C-113878 PartyA_296 PartyB_118,HighRisk
C-119610 PartyA_253 PartyB_224,MediumRisk
C-119345 PartyA_76 PartyB_14,MediumRisk
C-114026 PartyA_65 PartyB_42,MediumRisk
C-114232 PartyA_186 PartyB_207,MediumRisk
C-119923 PartyA_173 PartyB_253,MediumRisk
C-102217 PartyA_42 PartyB_205,HighRisk
C-123693 PartyA_195 PartyB_137,HighRisk
C-120864 PartyA_290 PartyB_236,HighRisk
C-102827 PartyA_134 PartyB_112,LowRisk
C-122748 PartyA_2 PartyB_166,MediumRisk
C-104996 PartyA_93 PartyB_75,HighRisk
C-117722 PartyA_48 PartyB_134,MediumRisk
C-103262 PartyA_254 PartyB_214,MediumRisk
C-121290 PartyA_141 PartyB_6,HighRisk
C-106838 PartyA_7 PartyB_203,HighRisk
C-123249 PartyA_21 PartyB_236,HighRisk
C-105741 PartyA_287 PartyB_52,LowRisk
C-100650 PartyA_294 PartyB_76,MediumRisk
C-111094 PartyA_118 PartyB_63,HighRisk
C-118642 PartyA_263 PartyB_266,MediumRisk
C-115407 PartyA_99 PartyB_236,HighRisk
C-105395 PartyA_292 PartyB_293,MediumRisk
C-107082 PartyA_5 PartyB_102,MediumRisk
C-122111 PartyA_147 PartyB_150,MediumRisk
C-103521 PartyA_279 PartyB_129,HighRisk
C-110922 PartyA_291 PartyB_46,MediumRisk
C-121737 PartyA_141 PartyB_197,MediumRisk
C-104478 PartyA_16 PartyB_203,HighRisk
C-105660 PartyA_26 PartyB_195,MediumRisk
C-109788 PartyA_9 PartyB_100,HighRisk
C-100067 PartyA_99 PartyB_111,HighRisk
C-110776 PartyA_156 PartyB_102,MediumRisk
C-113519 PartyA_132 PartyB_269,HighRisk
C-120434 PartyA_75 PartyB_79,MediumRisk
C-117642 PartyA_134 PartyB_265,MediumRisk
C-103839 PartyA_3 PartyB_38,HighRisk
C-115715 PartyA_172 PartyB_283,HighRisk
C-117375 PartyA_74 PartyB_156,LowRisk
C-119888 PartyA_46 PartyB_240,MediumRisk
C-108305 PartyA_156 PartyB_67,MediumRisk
C-100919 PartyA_273 PartyB_57,MediumRisk
C-110701 PartyA_300 PartyB_80,MediumRisk
C-100165 PartyA_121 PartyB_188,MediumRisk
C-122305 PartyA_251 PartyB_294,MediumRisk
C-120366 PartyA_159 PartyB_297,MediumRisk
C-106644 PartyA_10 PartyB_209,MediumRisk
C-114334 PartyA_292 PartyB_95,MediumRisk
C-116285 PartyA_266 PartyB_214,MediumRisk
C-114282 PartyA_295 PartyB_258,MediumRisk
C-104594 PartyA_75 PartyB_237,MediumRisk
C-119348 PartyA_275 PartyB_101,MediumRisk
C-110698 PartyA_203 PartyB_35,MediumRisk
C-113299 PartyA_233 PartyB_132,HighRisk
C-102850 PartyA_119 PartyB_177,HighRisk
C-119212 PartyA_195 PartyB_210,HighRisk
C-112638 PartyA_55 PartyB_228,MediumRisk
C-124886 PartyA_228 PartyB_133,HighRisk
C-104460 PartyA_16 PartyB_269,MediumRisk
C-121650 PartyA_110 PartyB_4,HighRisk
C-114908 PartyA_49 PartyB_274,HighRisk
C-106623 PartyA_180 PartyB_202,MediumRisk
C-109306 PartyA_11 PartyB_99,MediumRisk
C-123025 PartyA_243 PartyB_9,MediumRisk
C-108490 PartyA_287 PartyB_77,LowRisk
C-109867 PartyA_273 PartyB_15,HighRisk
C-102735 PartyA_292 PartyB_219,HighRisk
C-105669 PartyA_59 PartyB_241,HighRisk
C-112031 PartyA_262 PartyB_162,MediumRisk
C-123737 PartyA_125 PartyB_299,MediumRisk
C-102378 PartyA_71 PartyB_191,MediumRisk
C-115623 PartyA_88 PartyB_161,MediumRisk
C-104172 PartyA_166 PartyB_148,MediumRisk
C-112391 PartyA_155 PartyB_22,MediumRisk
C-112742 PartyA_78 PartyB_275,MediumRisk
C-116103 PartyA_3 PartyB_79,MediumRisk
C-120444 PartyA_284 PartyB_119,LowRisk
C-114010 PartyA_293 PartyB_149,MediumRisk
C-100365 PartyA_30 PartyB_3,MediumRisk
C-102103 PartyA_215 PartyB_254,MediumRisk
C-120143 PartyA_262 PartyB_295,LowRisk
C-100689 PartyA_165 PartyB_32,HighRisk
C-118221 PartyA_163 PartyB_289,MediumRisk
C-122453 PartyA_254 PartyB_35,HighRisk
C-119259 PartyA_176 PartyB_34,HighRisk
C-109732 PartyA_216 PartyB_39,HighRisk
C-105710 PartyA_92 PartyB_54,MediumRisk
C-116034 PartyA_277 PartyB_10,HighRisk
C-115228 PartyA_97 PartyB_183,LowRisk
C-101093 PartyA_216 PartyB_33,MediumRisk
C-118965 PartyA_276 PartyB_23,MediumRisk
C-106718 PartyA_58 PartyB_280,HighRisk
C-124801 PartyA_139 PartyB_217,MediumRisk
C-115899 PartyA_139 PartyB_66,MediumRisk
C-116544 PartyA_26 PartyB_146,HighRisk
C-100203 PartyA_8 PartyB_173,HighRisk
C-120324 PartyA_1 PartyB_205,LowRisk
C-122378 PartyA_106 PartyB_121,MediumRisk
C-123668 PartyA_137 PartyB_223,HighRisk
C-104933 PartyA_174 PartyB_261,MediumRisk
C-110006 PartyA_5 PartyB_206,HighRisk
C-124953 PartyA_268 PartyB_255,MediumRisk
C-101230 PartyA_111 PartyB_224,LowRisk
C-115796 PartyA_3 PartyB_279,MediumRisk
C-119430 PartyA_147 PartyB_234,MediumRisk
C-107957 PartyA_173 PartyB_232,MediumRisk
C-119299 PartyA_176 PartyB_273,HighRisk
C-123849 PartyA_168 PartyB_156,MediumRisk
C-123963 PartyA_55 PartyB_11,HighRisk
C-121307 PartyA_255 PartyB_271,MediumRisk
C-104251 PartyA_55 PartyB_216,MediumRisk
C-115020 PartyA_93 PartyB_85,MediumRisk
C-113440 PartyA_81 PartyB_144,MediumRisk
C-112226 PartyA_110 PartyB_4,MediumRisk
C-119109 PartyA_115 PartyB_126,MediumRisk
C-104334 PartyA_97 PartyB_207,MediumRisk
C-110744 PartyA_188 PartyB_2,MediumRisk
C-124388 PartyA_294 PartyB_4,HighRisk
C-116767 PartyA_89 PartyB_177,MediumRisk
C-113680 PartyA_32 PartyB_178,HighRisk
C-107485 PartyA_148 PartyB_206,MediumRisk
C-112945 PartyA_55 PartyB_35,MediumRisk
C-104886 PartyA_278 PartyB_105,MediumRisk
C-100857 PartyA_86 PartyB_86,MediumRisk
C-116754 PartyA_31 PartyB_282,MediumRisk
C-106539 PartyA_215 PartyB_73,MediumRisk
C-118945 PartyA_240 PartyB_53,HighRisk
C-120185 PartyA_264 PartyB_192,MediumRisk
C-120639 PartyA_114 PartyB_295,MediumRisk
C-112682 PartyA_97 PartyB_135,MediumRisk
C-110539 PartyA_93 PartyB_180,HighRisk
C-108841 PartyA_146 PartyB_29,MediumRisk
C-106859 PartyA_200 PartyB_173,MediumRisk
C-110973 PartyA_238 PartyB_90,HighRisk
C-120689 PartyA_280 PartyB_299,MediumRisk
C-110625 PartyA_276 PartyB_239,HighRisk
C-100954 PartyA_95 PartyB_2,HighRisk
C-107404 PartyA_70 PartyB_36,MediumRisk
C-105944 PartyA_255 PartyB_98,MediumRisk
C-116999 PartyA_45 PartyB_285,MediumRisk
C-118959 PartyA_281 PartyB_180,MediumRisk
C-100053 PartyA_202 PartyB_289,MediumRisk
C-106410 PartyA_98 PartyB_117,LowRisk
C-119724 PartyA_165 PartyB_11,LowRisk
C-103516 PartyA_22 PartyB_78,LowRisk
C-119275 PartyA_245 PartyB_167,HighRisk
C-120029 PartyA_107 PartyB_95,MediumRisk
C-111748 PartyA_133 PartyB_123,MediumRisk
C-100489 PartyA_46 PartyB_128,HighRisk
C-113145 PartyA_220 PartyB_120,MediumRisk
C-115935 PartyA_147 PartyB_21,MediumRisk
C-118196 PartyA_94 PartyB_166,LowRisk
C-122562 PartyA_272 PartyB_33,MediumRisk
C-117374 PartyA_298 PartyB_183,MediumRisk
C-124561 PartyA_81 PartyB_187,MediumRisk
C-121645 PartyA_300 PartyB_55,MediumRisk
C-111705 PartyA_126 PartyB_46,MediumRisk
C-102972 PartyA_128 PartyB_270,MediumRisk
C-123083 PartyA_163 PartyB_230,MediumRisk
C-102942 PartyA_120 PartyB_142,MediumRisk
C-103163 PartyA_17 PartyB_250,MediumRisk
C-102618 PartyA_214 PartyB_202,HighRisk
C-119996 PartyA_242 PartyB_290,HighRisk
C-108235 PartyA_28 PartyB_194,HighRisk
C-111618 PartyA_280 PartyB_148,MediumRisk
C-120176 PartyA_241 PartyB_159,MediumRisk
C-111763 PartyA_133 PartyB_180,HighRisk
C-111577 PartyA_85 PartyB_291,MediumRisk
C-102854 PartyA_122 PartyB_242,LowRisk
C-103439 PartyA_218 PartyB_134,MediumRisk
C-101892 PartyA_97 PartyB_221,HighRisk
C-124168 PartyA_199 PartyB_135,MediumRisk
C-115768 PartyA_103 PartyB_35,LowRisk
C-113006 PartyA_62 PartyB_66,MediumRisk
C-111767 PartyA_244 PartyB_188,LowRisk
C-117889 PartyA_53 PartyB_58,MediumRisk
C-100670 PartyA_22 PartyB_101,LowRisk
C-124296 PartyA_171 PartyB_243,HighRisk
C-115240 PartyA_247 PartyB_250,HighRisk
C-114896 PartyA_161 PartyB_57,MediumRisk
C-109471 PartyA_78 PartyB_119,MediumRisk
C-121845 PartyA_239 PartyB_285,MediumRisk
C-100897 PartyA_187 PartyB_65,MediumRisk
C-103306 PartyA_293 PartyB_21,HighRisk
C-108026 PartyA_62 PartyB_142,HighRisk
C-110858 PartyA_32 PartyB_115,MediumRisk
C-102890 PartyA_152 PartyB_260,MediumRisk
C-114394 PartyA_122 PartyB_47,MediumRisk
C-120986 PartyA_253 PartyB_48,MediumRisk
C-108397 PartyA_215 PartyB_114,MediumRisk
C-114005 PartyA_111 PartyB_89,HighRisk
C-116386 PartyA_46 PartyB_295,LowRisk
C-114162 PartyA_148 PartyB_231,MediumRisk
C-111996 PartyA_119 PartyB_157,HighRisk
C-100634 PartyA_208 PartyB_95,HighRisk
C-112508 PartyA_179 PartyB_177,MediumRisk
C-116915 PartyA_276 PartyB_59,HighRisk
C-123246 PartyA_210 PartyB_225,LowRisk
C-124467 PartyA_264 PartyB_13,MediumRisk
C-106476 PartyA_110 PartyB_254,MediumRisk
C-115169 PartyA_114 PartyB_120,MediumRisk
C-104177 PartyA_80 PartyB_186,LowRisk
C-123503 PartyA_176 PartyB_230,MediumRisk
C-124638 PartyA_91 PartyB_62,MediumRisk
C-111064 PartyA_159 PartyB_76,HighRisk
C-119790 PartyA_129 PartyB_119,MediumRisk
C-110531 PartyA_258 PartyB_262,MediumRisk
C-105991 PartyA_259 PartyB_57,MediumRisk
C-120845 PartyA_167 PartyB_191,LowRisk
C-118949 PartyA_175 PartyB_260,HighRisk
C-102581 PartyA_124 PartyB_33,LowRisk
C-122873 PartyA_149 PartyB_26,MediumRisk
C-111999 PartyA_137 PartyB_89,MediumRisk
C-108385 PartyA_127 PartyB_218,MediumRisk
C-118991 PartyA_89 PartyB_106,MediumRisk
C-110674 PartyA_292 PartyB_265,MediumRisk
C-109447 PartyA_198 PartyB_67,MediumRisk
C-102104 PartyA_259 PartyB_275,HighRisk
C-124132 PartyA_32 PartyB_71,MediumRisk
C-121549 PartyA_66 PartyB_153,MediumRisk
C-103764 PartyA_218 PartyB_40,MediumRisk
C-104234 PartyA_208 PartyB_121,MediumRisk
C-104994 PartyA_54 PartyB_149,MediumRisk
C-121679 PartyA_210 PartyB_290,HighRisk
C-105057 PartyA_147 PartyB_214,MediumRisk
C-117042 PartyA_168 PartyB_143,MediumRisk
C-104434 PartyA_93 PartyB_186,HighRisk
C-111676 PartyA_246 PartyB_73,HighRisk
C-100717 PartyA_46 PartyB_237,HighRisk
C-103816 PartyA_216 PartyB_123,HighRisk
C-106773 PartyA_217 PartyB_176,HighRisk
C-111186 PartyA_37 PartyB_138,MediumRisk
C-110738 PartyA_287 PartyB_287,LowRisk
C-114671 PartyA_250 PartyB_159,MediumRisk
C-109813 PartyA_167 PartyB_266,MediumRisk
C-124295 PartyA_45 PartyB_187,MediumRisk
C-120288 PartyA_285 PartyB_136,MediumRisk
C-124785 PartyA_209 PartyB_133,MediumRisk
C-109288 PartyA_297 PartyB_230,HighRisk
C-106811 PartyA_167 PartyB_231,HighRisk
C-103893 PartyA_277 PartyB_209,HighRisk
C-109359 PartyA_205 PartyB_174,HighRisk
C-115129 PartyA_20 PartyB_146,MediumRisk
C-110655 PartyA_209 PartyB_183,MediumRisk
C-103700 PartyA_288 PartyB_114,MediumRisk
C-107374 PartyA_90 PartyB_43,HighRisk
C-118172 PartyA_156 PartyB_213,MediumRisk
C-106314 PartyA_48 PartyB_248,HighRisk
C-112816 PartyA_232 PartyB_171,MediumRisk
C-103645 PartyA_247 PartyB_202,MediumRisk
C-118160 PartyA_288 PartyB_88,MediumRisk
C-100192 PartyA_32 PartyB_71,MediumRisk
C-113414 PartyA_12 PartyB_187,HighRisk
C-100816 PartyA_30 PartyB_122,HighRisk
C-124040 PartyA_102 PartyB_159,MediumRisk
C-115810 PartyA_159 PartyB_31,HighRisk
C-106160 PartyA_248 PartyB_257,MediumRisk
C-115641 PartyA_22 PartyB_182,MediumRisk
C-119071 PartyA_289 PartyB_286,MediumRisk
C-104390 PartyA_215 PartyB_181,MediumRisk
C-111164 PartyA_15 PartyB_112,MediumRisk
C-104927 PartyA_49 PartyB_34,MediumRisk
C-105552 PartyA_219 PartyB_271,MediumRisk
C-110799 PartyA_210 PartyB_72,MediumRisk
C-122155 PartyA_17 PartyB_285,MediumRisk
C-100238 PartyA_24 PartyB_39,MediumRisk
C-112207 PartyA_278 PartyB_254,MediumRisk
C-124092 PartyA_16 PartyB_2,MediumRisk
C-111169 PartyA_243 PartyB_125,MediumRisk
C-120734 PartyA_188 PartyB_8,MediumRisk
C-104236 PartyA_165 PartyB_128,MediumRisk
C-105618 PartyA_24 PartyB_244,HighRisk
C-121626 PartyA_204 PartyB_17,MediumRisk
C-108640 PartyA_136 PartyB_233,MediumRisk
C-105097 PartyA_243 PartyB_294,MediumRisk
C-114665 PartyA_138 PartyB_300,MediumRisk
C-102242 PartyA_93 PartyB_4,MediumRisk
C-120807 PartyA_16 PartyB_224,MediumRisk
C-103552 PartyA_25 PartyB_242,HighRisk
C-119389 PartyA_231 PartyB_237,MediumRisk
C-119744 PartyA_157 PartyB_240,HighRisk
C-123696 PartyA_250 PartyB_39,MediumRisk
C-108328 PartyA_127 PartyB_224,MediumRisk
C-105628 PartyA_136 PartyB_101,MediumRisk
C-110602 PartyA_40 PartyB_112,MediumRisk
C-104507 PartyA_100 PartyB_8,MediumRisk
C-123020 PartyA_58 PartyB_65,MediumRisk
C-112174 PartyA_275 PartyB_7,MediumRisk
C-114453 PartyA_237 PartyB_105,MediumRisk
C-116530 PartyA_107 PartyB_122,MediumRisk
C-115093 PartyA_187 PartyB_185,MediumRisk
C-121515 PartyA_96 PartyB_191,MediumRisk
C-102294 PartyA_10 PartyB_235,HighRisk
C-111803 PartyA_169 PartyB_70,MediumRisk
C-124800 PartyA_5 PartyB_106,MediumRisk
C-123008 PartyA_45 PartyB_168,MediumRisk
C-114318 PartyA_72 PartyB_78,LowRisk
C-121250 PartyA_118 PartyB_34,HighRisk
C-108690 PartyA_38 PartyB_7,MediumRisk
C-107081 PartyA_61 PartyB_184,MediumRisk
C-104733 PartyA_60 PartyB_116,MediumRisk
C-108912 PartyA_76 PartyB_141,HighRisk
C-113045 PartyA_72 PartyB_285,MediumRisk
C-120747 PartyA_13 PartyB_277,MediumRisk
C-124292 PartyA_102 PartyB_123,MediumRisk
C-111281 PartyA_33 PartyB_96,LowRisk
C-114955 PartyA_44 PartyB_203,LowRisk
C-123962 PartyA_193 PartyB_239,MediumRisk
C-116980 PartyA_188 PartyB_132,MediumRisk
C-123862 PartyA_69 PartyB_135,MediumRisk
C-111510 PartyA_49 PartyB_297,MediumRisk
C-105520 PartyA_5 PartyB_170,HighRisk
C-118031 PartyA_173 PartyB_196,LowRisk
C-111821 PartyA_241 PartyB_212,HighRisk
C-102700 PartyA_298 PartyB_230,HighRisk
C-101700 PartyA_198 PartyB_287,MediumRisk
C-113596 PartyA_52 PartyB_247,MediumRisk
C-119157 PartyA_261 PartyB_265,HighRisk
C-106968 PartyA_34 PartyB_70,MediumRisk
C-123253 PartyA_5 PartyB_87,MediumRisk
C-116322 PartyA_96 PartyB_217,MediumRisk
C-106219 PartyA_221 PartyB_187,HighRisk
C-122461 PartyA_220 PartyB_170,HighRisk
C-100086 PartyA_36 PartyB_142,HighRisk
C-122673 PartyA_28 PartyB_41,HighRisk
C-122648 PartyA_289 PartyB_189,LowRisk
C-118978 PartyA_59 PartyB_257,MediumRisk
C-115346 PartyA_74 PartyB_259,MediumRisk
C-117413 PartyA_94 PartyB_79,MediumRisk
C-100136 PartyA_237 PartyB_232,MediumRisk
C-106972 PartyA_224 PartyB_133,MediumRisk
C-111087 PartyA_70 PartyB_203,MediumRisk
C-119238 PartyA_101 PartyB_196,HighRisk
C-115721 PartyA_54 PartyB_22,MediumRisk
C-101200 PartyA_92 PartyB_143,MediumRisk
C-106121 PartyA_109 PartyB_283,HighRisk
C-115748 PartyA_138 PartyB_7,HighRisk
C-112127 PartyA_79 PartyB_176,HighRisk
C-122005 PartyA_133 PartyB_41,HighRisk
C-114125 PartyA_186 PartyB_255,MediumRisk
C-113622 PartyA_123 PartyB_273,MediumRisk
C-106296 PartyA_61 PartyB_21,MediumRisk
C-103927 PartyA_112 PartyB_51,HighRisk
C-114387 PartyA_271 PartyB_41,MediumRisk
C-123517 PartyA_56 PartyB_154,MediumRisk
C-103606 PartyA_35 PartyB_185,MediumRisk
C-102330 PartyA_243 PartyB_2,MediumRisk
C-111707 PartyA_106 PartyB_36,MediumRisk
C-102187 PartyA_126 PartyB_296,MediumRisk
C-100195 PartyA_246 PartyB_179,MediumRisk
C-112356 PartyA_53 PartyB_206,MediumRisk
C-117186 PartyA_136 PartyB_163,HighRisk
C-115954 PartyA_119 PartyB_113,LowRisk
C-114638 PartyA_180 PartyB_135,MediumRisk
C-102668 PartyA_165 PartyB_9,MediumRisk
C-116625 PartyA_22 PartyB_2,MediumRisk
C-118452 PartyA_233 PartyB_85,HighRisk
C-115195 PartyA_22 PartyB_39,HighRisk
C-102761 PartyA_210 PartyB_191,MediumRisk
C-102032 PartyA_278 PartyB_207,MediumRisk
C-117028 PartyA_221 PartyB_48,MediumRisk
C-105103 PartyA_14 PartyB_68,HighRisk
C-113652 PartyA_104 PartyB_91,MediumRisk
C-101637 PartyA_269 PartyB_7,HighRisk
C-108312 PartyA_254 PartyB_114,MediumRisk
C-111173 PartyA_245 PartyB_189,MediumRisk
C-123201 PartyA_299 PartyB_267,MediumRisk
C-103074 PartyA_251 PartyB_108,MediumRisk
C-107296 PartyA_127 PartyB_186,MediumRisk
C-103278 PartyA_203 PartyB_81,HighRisk
C-108003 PartyA_35 PartyB_45,HighRisk
C-124525 PartyA_139 PartyB_48,HighRisk
C-108326 PartyA_94 PartyB_190,MediumRisk
C-113516 PartyA_228 PartyB_189,MediumRisk
C-107352 PartyA_138 PartyB_177,MediumRisk
C-113450 PartyA_254 PartyB_139,MediumRisk
C-110751 PartyA_214 PartyB_295,MediumRisk
C-107829 PartyA_21 PartyB_64,MediumRisk
C-116446 PartyA_125 PartyB_188,MediumRisk
C-107697 PartyA_214 PartyB_191,MediumRisk
C-114427 PartyA_80 PartyB_287,MediumRisk
C-105668 PartyA_46 PartyB_43,MediumRisk
C-121327 PartyA_88 PartyB_167,HighRisk
C-110659 PartyA_277 PartyB_282,HighRisk
C-117063 PartyA_103 PartyB_288,MediumRisk
C-118425 PartyA_66 PartyB_76,HighRisk
C-108933 PartyA_144 PartyB_252,MediumRisk
C-105307 PartyA_224 PartyB_289,MediumRisk
C-121590 PartyA_10 PartyB_103,MediumRisk
C-120025 PartyA_223 PartyB_80,MediumRisk
C-122605 PartyA_21 PartyB_210,MediumRisk
C-119642 PartyA_119 PartyB_221,MediumRisk
C-112855 PartyA_82 PartyB_1,MediumRisk
C-118257 PartyA_208 PartyB_158,MediumRisk
C-119296 PartyA_170 PartyB_117,MediumRisk
C-111035 PartyA_180 PartyB_177,MediumRisk
C-120411 PartyA_110 PartyB_257,MediumRisk
C-105488 PartyA_167 PartyB_29,MediumRisk
C-116678 PartyA_187 PartyB_97,MediumRisk
C-108024 PartyA_53 PartyB_75,LowRisk
C-110748 PartyA_89 PartyB_100,MediumRisk
C-116873 PartyA_174 PartyB_55,MediumRisk
C-100690 PartyA_220 PartyB_177,MediumRisk
C-112013 PartyA_267 PartyB_174,MediumRisk
C-116986 PartyA_35 PartyB_31,HighRisk
C-110103 PartyA_153 PartyB_178,MediumRisk
C-101014 PartyA_228 PartyB_258,MediumRisk
C-100869 PartyA_85 PartyB_102,LowRisk
C-101993 PartyA_190 PartyB_108,MediumRisk
C-110626 PartyA_80 PartyB_46,HighRisk
C-111949 PartyA_168 PartyB_246,MediumRisk
C-114839 PartyA_132 PartyB_83,HighRisk
C-114924 PartyA_134 PartyB_177,MediumRisk
C-110558 PartyA_168 PartyB_233,MediumRisk
C-107610 PartyA_111 PartyB_166,HighRisk
C-105283 PartyA_162 PartyB_190,MediumRisk
C-104370 PartyA_117 PartyB_26,HighRisk
C-101361 PartyA_254 PartyB_106,HighRisk
C-117910 PartyA_176 PartyB_181,HighRisk
C-101629 PartyA_263 PartyB_295,MediumRisk
C-112625 PartyA_151 PartyB_255,MediumRisk
C-101551 PartyA_281 PartyB_149,MediumRisk
C-124614 PartyA_293 PartyB_74,LowRisk
C-117721 PartyA_297 PartyB_108,HighRisk
C-120285 PartyA_82 PartyB_53,MediumRisk
C-108252 PartyA_279 PartyB_172,MediumRisk
C-110442 PartyA_207 PartyB_173,MediumRisk
C-114631 PartyA_207 PartyB_64,MediumRisk
C-105039 PartyA_52 PartyB_273,MediumRisk
C-118730 PartyA_149 PartyB_144,MediumRisk
C-124117 PartyA_24 PartyB_31,HighRisk
C-105694 PartyA_216 PartyB_179,MediumRisk
C-105119 PartyA_211 PartyB_131,MediumRisk
C-101134 PartyA_215 PartyB_118,HighRisk
C-110996 PartyA_217 PartyB_146,HighRisk
C-110278 PartyA_153 PartyB_146,LowRisk
C-110451 PartyA_132 PartyB_112,HighRisk
C-104017 PartyA_51 PartyB_8,MediumRisk
C-110409 PartyA_124 PartyB_10,MediumRisk
C-102424 PartyA_68 PartyB_113,MediumRisk
C-104138 PartyA_90 PartyB_79,HighRisk
C-112048 PartyA_218 PartyB_80,LowRisk
C-100859 PartyA_162 PartyB_7,MediumRisk
C-102962 PartyA_146 PartyB_281,MediumRisk
C-102426 PartyA_266 PartyB_116,MediumRisk
C-123163 PartyA_248 PartyB_231,MediumRisk
C-117748 PartyA_52 PartyB_141,MediumRisk
C-107674 PartyA_207 PartyB_153,MediumRisk
C-118163 PartyA_229 PartyB_66,MediumRisk
C-119874 PartyA_224 PartyB_271,MediumRisk
C-123930 PartyA_15 PartyB_30,MediumRisk
C-118485 PartyA_228 PartyB_181,HighRisk
C-118202 PartyA_258 PartyB_63,HighRisk
C-116753 PartyA_105 PartyB_201,HighRisk
C-104937 PartyA_147 PartyB_159,MediumRisk
C-110896 PartyA_18 PartyB_257,MediumRisk
C-105285 PartyA_36 PartyB_32,MediumRisk
C-108367 PartyA_211 PartyB_64,MediumRisk
C-112905 PartyA_98 PartyB_12,MediumRisk
C-102093 PartyA_291 PartyB_126,MediumRisk
C-123000 PartyA_55 PartyB_261,MediumRisk
C-111336 PartyA_211 PartyB_56,MediumRisk
C-111683 PartyA_249 PartyB_253,MediumRisk
C-107817 PartyA_142 PartyB_270,HighRisk
C-101920 PartyA_123 PartyB_224,MediumRisk
C-100082 PartyA_266 PartyB_186,HighRisk
C-117200 PartyA_222 PartyB_46,MediumRisk
C-113318 PartyA_293 PartyB_129,MediumRisk
C-123375 PartyA_96 PartyB_203,HighRisk
C-104396 PartyA_2 PartyB_170,MediumRisk
C-108475 PartyA_286 PartyB_16,MediumRisk
C-120504 PartyA_160 PartyB_136,MediumRisk
C-118845 PartyA_48 PartyB_277,MediumRisk
C-101813 PartyA_198 PartyB_273,MediumRisk
C-101271 PartyA_265 PartyB_243,MediumRisk
C-115226 PartyA_83 PartyB_190,LowRisk
C-102994 PartyA_154 PartyB_37,MediumRisk
C-123726 PartyA_198 PartyB_89,HighRisk
C-115674 PartyA_127 PartyB_264,MediumRisk
C-115438 PartyA_271 PartyB_191,MediumRisk
C-122980 PartyA_36 PartyB_82,HighRisk
C-124544 PartyA_84 PartyB_228,MediumRisk
C-102642 PartyA_138 PartyB_260,HighRisk
C-109280 PartyA_47 PartyB_188,LowRisk
C-124673 PartyA_235 PartyB_102,MediumRisk
C-118689 PartyA_5 PartyB_122,HighRisk
C-122043 PartyA_60 PartyB_168,MediumRisk
C-104195 PartyA_296 PartyB_143,MediumRisk
C-113032 PartyA_260 PartyB_204,MediumRisk
C-112768 PartyA_228 PartyB_94,MediumRisk
C-112360 PartyA_17 PartyB_9,MediumRisk
C-103849 PartyA_113 PartyB_227,MediumRisk
C-124809 PartyA_175 PartyB_240,MediumRisk
C-122934 PartyA_247 PartyB_196,MediumRisk
C-116194 PartyA_68 PartyB_148,MediumRisk
C-115253 PartyA_234 PartyB_238,HighRisk
C-119233 PartyA_186 PartyB_239,MediumRisk
C-116193 PartyA_95 PartyB_11,MediumRisk
C-103554 PartyA_217 PartyB_244,MediumRisk
C-118579 PartyA_202 PartyB_94,MediumRisk
C-113237 PartyA_136 PartyB_290,HighRisk
C-102600 PartyA_62 PartyB_297,MediumRisk
C-121588 PartyA_233 PartyB_47,MediumRisk
C-101518 PartyA_239 PartyB_191,MediumRisk
C-104117 PartyA_272 PartyB_54,MediumRisk
C-110825 PartyA_291 PartyB_115,MediumRisk
C-105755 PartyA_49 PartyB_222,MediumRisk
C-105633 PartyA_69 PartyB_283,HighRisk
C-108399 PartyA_159 PartyB_84,MediumRisk
C-122693 PartyA_91 PartyB_60,HighRisk
C-113065 PartyA_236 PartyB_84,MediumRisk
C-107162 PartyA_51 PartyB_11,HighRisk
C-120186 PartyA_87 PartyB_260,HighRisk
C-114256 PartyA_187 PartyB_100,MediumRisk
C-111737 PartyA_274 PartyB_272,MediumRisk
C-115441 PartyA_191 PartyB_7,MediumRisk
C-101988 PartyA_25 PartyB_84,MediumRisk
C-107737 PartyA_167 PartyB_252,HighRisk
C-116901 PartyA_257 PartyB_48,MediumRisk
C-110561 PartyA_280 PartyB_30,LowRisk
C-100201 PartyA_20 PartyB_5,MediumRisk
C-123852 PartyA_106 PartyB_40,HighRisk
C-119145 PartyA_262 PartyB_188,MediumRisk
C-115166 PartyA_273 PartyB_29,LowRisk
C-104855 PartyA_160 PartyB_139,MediumRisk
C-123557 PartyA_93 PartyB_66,HighRisk
C-109741 PartyA_105 PartyB_203,LowRisk
C-112502 PartyA_3 PartyB_182,MediumRisk
C-115950 PartyA_211 PartyB_295,HighRisk
C-118822 PartyA_283 PartyB_239,MediumRisk
C-103765 PartyA_164 PartyB_2,HighRisk
C-121708 PartyA_24 PartyB_283,MediumRisk
C-113452 PartyA_175 PartyB_278,MediumRisk
C-106432 PartyA_96 PartyB_259,MediumRisk
C-107846 PartyA_24 PartyB_183,MediumRisk
C-121152 PartyA_96 PartyB_164,MediumRisk
C-112253 PartyA_29 PartyB_74,MediumRisk
C-116402 PartyA_217 PartyB_16,MediumRisk
C-119944 PartyA_291 PartyB_162,MediumRisk
C-120335 PartyA_1 PartyB_88,MediumRisk
C-116433 PartyA_23 PartyB_289,MediumRisk
C-124876 PartyA_161 PartyB_129,MediumRisk
C-100887 PartyA_206 PartyB_72,MediumRisk
C-106261 PartyA_27 PartyB_171,MediumRisk
C-106989 PartyA_276 PartyB_238,MediumRisk
C-106043 PartyA_123 PartyB_72,MediumRisk
C-110808 PartyA_33 PartyB_165,MediumRisk
C-119552 PartyA_57 PartyB_92,MediumRisk
C-119333 PartyA_256 PartyB_219,MediumRisk
C-101424 PartyA_6 PartyB_153,MediumRisk
C-116523 PartyA_259 PartyB_292,MediumRisk
C-115924 PartyA_70 PartyB_81,HighRisk
C-119581 PartyA_64 PartyB_81,MediumRisk
C-100112 PartyA_184 PartyB_122,LowRisk
C-108160 PartyA_251 PartyB_88,HighRisk
C-123326 PartyA_293 PartyB_81,MediumRisk
C-116199 PartyA_133 PartyB_287,MediumRisk
C-104559 PartyA_4 PartyB_15,MediumRisk
C-122032 PartyA_278 PartyB_174,MediumRisk
C-111442 PartyA_158 PartyB_274,MediumRisk
C-111254 PartyA_183 PartyB_163,MediumRisk
C-122376 PartyA_137 PartyB_216,MediumRisk
C-108566 PartyA_224 PartyB_241,MediumRisk
C-116311 PartyA_291 PartyB_145,HighRisk
C-119661 PartyA_72 PartyB_20,MediumRisk
C-110758 PartyA_231 PartyB_223,HighRisk
C-120452 PartyA_260 PartyB_21,MediumRisk
C-120792 PartyA_233 PartyB_13,LowRisk
C-117266 PartyA_115 PartyB_11,MediumRisk
C-119477 PartyA_33 PartyB_232,MediumRisk
C-116835 PartyA_9 PartyB_13,MediumRisk
C-103731 PartyA_262 PartyB_119,MediumRisk
C-123682 PartyA_296 PartyB_284,MediumRisk
C-104986 PartyA_50 PartyB_201,MediumRisk
C-120047 PartyA_248 PartyB_173,MediumRisk
C-102763 PartyA_17 PartyB_7,MediumRisk
C-113794 PartyA_5 PartyB_28,MediumRisk
C-122858 PartyA_241 PartyB_245,LowRisk
C-101855 PartyA_60 PartyB_295,MediumRisk
C-115599 PartyA_4 PartyB_78,HighRisk
C-112812 PartyA_149 PartyB_265,MediumRisk
C-100999 PartyA_237 PartyB_48,MediumRisk
C-100389 PartyA_187 PartyB_232,HighRisk
C-111599 PartyA_106 PartyB_76,MediumRisk
C-106426 PartyA_84 PartyB_99,MediumRisk
C-117860 PartyA_95 PartyB_18,HighRisk
C-118624 PartyA_16 PartyB_42,MediumRisk
C-110578 PartyA_288 PartyB_283,MediumRisk
C-123922 PartyA_146 PartyB_141,MediumRisk
C-108112 PartyA_185 PartyB_107,MediumRisk
C-117376 PartyA_82 PartyB_100,LowRisk
C-104997 PartyA_263 PartyB_48,HighRisk
C-120306 PartyA_114 PartyB_106,HighRisk
C-119356 PartyA_135 PartyB_158,MediumRisk
C-114211 PartyA_275 PartyB_167,MediumRisk
C-123974 PartyA_185 PartyB_158,HighRisk
C-104796 PartyA_260 PartyB_35,MediumRisk
C-104769 PartyA_148 PartyB_167,HighRisk
C-117677 PartyA_288 PartyB_53,MediumRisk
C-111065 PartyA_91 PartyB_70,MediumRisk
C-104173 PartyA_124 PartyB_54,MediumRisk
C-118919 PartyA_88 PartyB_34,MediumRisk
C-123913 PartyA_115 PartyB_274,MediumRisk
C-101907 PartyA_84 PartyB_78,MediumRisk
C-104946 PartyA_111 PartyB_225,MediumRisk
C-108560 PartyA_98 PartyB_192,MediumRisk
C-106033 PartyA_113 PartyB_129,MediumRisk
C-107619 PartyA_86 PartyB_220,MediumRisk
C-101151 PartyA_102 PartyB_46,HighRisk
C-117951 PartyA_101 PartyB_170,HighRisk
C-119555 PartyA_108 PartyB_7,HighRisk
C-122782 PartyA_44 PartyB_292,MediumRisk
C-109689 PartyA_260 PartyB_253,MediumRisk
C-107106 PartyA_167 PartyB_273,MediumRisk
C-123532 PartyA_143 PartyB_282,LowRisk
C-120544 PartyA_53 PartyB_48,MediumRisk
C-104287 PartyA_75 PartyB_208,MediumRisk
C-102230 PartyA_107 PartyB_100,MediumRisk
C-100174 PartyA_178 PartyB_266,HighRisk
C-118287 PartyA_178 PartyB_73,HighRisk
C-108752 PartyA_96 PartyB_226,HighRisk
C-103408 PartyA_79 PartyB_229,HighRisk
C-101538 PartyA_99 PartyB_88,MediumRisk
C-102292 PartyA_229 PartyB_25,MediumRisk
C-109523 PartyA_83 PartyB_188,MediumRisk
C-101363 PartyA_133 PartyB_217,HighRisk
C-104357 PartyA_252 PartyB_41,HighRisk
C-118504 PartyA_41 PartyB_217,HighRisk
C-118908 PartyA_135 PartyB_34,HighRisk
C-100680 PartyA_87 PartyB_34,LowRisk
C-113050 PartyA_113 PartyB_38,MediumRisk
C-122298 PartyA_173 PartyB_177,MediumRisk
C-103664 PartyA_49 PartyB_201,MediumRisk
C-118045 PartyA_247 PartyB_19,MediumRisk
C-100508 PartyA_296 PartyB_49,MediumRisk
C-100166 PartyA_40 PartyB_294,MediumRisk
C-113689 PartyA_230 PartyB_127,HighRisk
C-122789 PartyA_280 PartyB_124,HighRisk
C-124299 PartyA_293 PartyB_27,MediumRisk
C-101914 PartyA_264 PartyB_263,MediumRisk
C-107263 PartyA_2 PartyB_12,MediumRisk
C-124550 PartyA_13 PartyB_53,MediumRisk
C-124690 PartyA_207 PartyB_99,MediumRisk
C-110728 PartyA_57 PartyB_201,HighRisk
C-101104 PartyA_139 PartyB_22,HighRisk
C-112067 PartyA_105 PartyB_225,MediumRisk
C-102610 PartyA_217 PartyB_187,LowRisk
C-109944 PartyA_198 PartyB_218,MediumRisk
C-105310 PartyA_292 PartyB_113,MediumRisk
C-121779 PartyA_67 PartyB_58,MediumRisk
C-111108 PartyA_160 PartyB_130,MediumRisk
C-111156 PartyA_145 PartyB_93,MediumRisk
C-100152 PartyA_72 PartyB_241,LowRisk
C-113422 PartyA_193 PartyB_279,LowRisk
C-102832 PartyA_10 PartyB_186,HighRisk
C-124870 PartyA_78 PartyB_162,LowRisk
C-121061 PartyA_70 PartyB_85,LowRisk
C-103551 PartyA_150 PartyB_57,MediumRisk
C-120106 PartyA_258 PartyB_162,HighRisk
C-121827 PartyA_14 PartyB_227,HighRisk
C-123140 PartyA_93 PartyB_186,MediumRisk
C-112541 PartyA_270 PartyB_130,HighRisk
C-104538 PartyA_141 PartyB_218,LowRisk
C-114367 PartyA_88 PartyB_105,LowRisk
C-122718 PartyA_60 PartyB_6,HighRisk
C-110014 PartyA_21 PartyB_24,HighRisk
C-112278 PartyA_50 PartyB_248,MediumRisk
C-121750 PartyA_33 PartyB_245,MediumRisk
C-115088 PartyA_77 PartyB_190,HighRisk
C-118375 PartyA_85 PartyB_144,MediumRisk
C-123760 PartyA_218 PartyB_77,LowRisk
C-105141 PartyA_148 PartyB_231,MediumRisk
C-111814 PartyA_21 PartyB_173,MediumRisk
C-120195 PartyA_257 PartyB_215,HighRisk
C-123356 PartyA_32 PartyB_264,LowRisk
C-103450 PartyA_72 PartyB_56,HighRisk
C-116589 PartyA_267 PartyB_49,HighRisk
C-113156 PartyA_24 PartyB_138,MediumRisk
C-102749 PartyA_41 PartyB_73,MediumRisk
C-118233 PartyA_206 PartyB_28,LowRisk
C-119624 PartyA_140 PartyB_279,HighRisk
C-112707 PartyA_102 PartyB_270,MediumRisk
C-120466 PartyA_79 PartyB_144,MediumRisk
C-119493 PartyA_27 PartyB_46,MediumRisk
C-113131 PartyA_9 PartyB_18,MediumRisk
C-112251 PartyA_125 PartyB_277,MediumRisk
C-110179 PartyA_247 PartyB_266,MediumRisk
C-105810 PartyA_101 PartyB_21,MediumRisk
C-105634 PartyA_294 PartyB_56,MediumRisk
C-120691 PartyA_93 PartyB_63,MediumRisk
C-111580 PartyA_41 PartyB_13,MediumRisk
C-119540 PartyA_78 PartyB_208,HighRisk
C-113926 PartyA_155 PartyB_123,HighRisk
C-123926 PartyA_135 PartyB_117,MediumRisk
C-101380 PartyA_167 PartyB_205,MediumRisk
C-123255 PartyA_259 PartyB_15,MediumRisk
C-114901 PartyA_200 PartyB_65,HighRisk
C-103832 PartyA_198 PartyB_202,MediumRisk
C-123366 PartyA_162 PartyB_115,MediumRisk
C-104776 PartyA_66 PartyB_54,MediumRisk
C-104276 PartyA_212 PartyB_81,MediumRisk
C-104958 PartyA_205 PartyB_250,HighRisk
C-124496 PartyA_289 PartyB_179,LowRisk
C-122023 PartyA_223 PartyB_218,LowRisk
C-116662 PartyA_194 PartyB_226,MediumRisk
C-107415 PartyA_74 PartyB_40,LowRisk
C-103252 PartyA_6 PartyB_137,MediumRisk
C-121183 PartyA_148 PartyB_194,HighRisk
C-116673 PartyA_246 PartyB_295,HighRisk
C-119459 PartyA_36 PartyB_84,MediumRisk
C-122586 PartyA_259 PartyB_25,MediumRisk
C-122258 PartyA_190 PartyB_64,LowRisk
C-121304 PartyA_132 PartyB_156,MediumRisk
C-114300 PartyA_49 PartyB_102,MediumRisk
C-115523 PartyA_140 PartyB_127,MediumRisk
C-114270 PartyA_63 PartyB_185,MediumRisk
C-112327 PartyA_128 PartyB_258,HighRisk
C-111546 PartyA_88 PartyB_27,MediumRisk
C-115639 PartyA_45 PartyB_201,MediumRisk
C-115042 PartyA_283 PartyB_116,MediumRisk
C-114208 PartyA_44 PartyB_211,HighRisk
C-102468 PartyA_143 PartyB_20,HighRisk
C-122368 PartyA_188 PartyB_229,MediumRisk
C-116654 PartyA_106 PartyB_8,LowRisk
C-120954 PartyA_161 PartyB_129,MediumRisk
C-111757 PartyA_55 PartyB_180,HighRisk
C-113869 PartyA_245 PartyB_8,MediumRisk
C-116998 PartyA_31 PartyB_261,HighRisk
C-109583 PartyA_37 PartyB_51,MediumRisk
C-106696 PartyA_265 PartyB_174,MediumRisk
C-120700 PartyA_103 PartyB_31,MediumRisk
C-103180 PartyA_59 PartyB_105,MediumRisk
C-115089 PartyA_256 PartyB_143,HighRisk
C-117806 PartyA_21 PartyB_196,MediumRisk
C-108275 PartyA_183 PartyB_213,HighRisk
C-109065 PartyA_216 PartyB_112,MediumRisk
C-111030 PartyA_169 PartyB_187,MediumRisk
C-122287 PartyA_151 PartyB_160,LowRisk
C-104557 PartyA_267 PartyB_194,MediumRisk
C-107812 PartyA_218 PartyB_256,MediumRisk
C-112839 PartyA_56 PartyB_176,MediumRisk
C-106297 PartyA_287 PartyB_265,MediumRisk
C-124814 PartyA_38 PartyB_169,MediumRisk
C-114534 PartyA_157 PartyB_200,HighRisk
C-124621 PartyA_131 PartyB_98,MediumRisk
C-101132 PartyA_186 PartyB_119,HighRisk
C-110642 PartyA_282 PartyB_203,MediumRisk
C-110521 PartyA_141 PartyB_70,HighRisk
C-121839 PartyA_282 PartyB_220,MediumRisk
C-123957 PartyA_86 PartyB_140,HighRisk
C-102871 PartyA_192 PartyB_287,MediumRisk
C-112996 PartyA_186 PartyB_207,HighRisk
C-119164 PartyA_157 PartyB_264,HighRisk
C-101772 PartyA_277 PartyB_88,MediumRisk
C-110593 PartyA_39 PartyB_296,MediumRisk
C-101913 PartyA_111 PartyB_211,LowRisk
C-114212 PartyA_219 PartyB_154,HighRisk
C-124539 PartyA_88 PartyB_173,MediumRisk
C-109256 PartyA_263 PartyB_50,MediumRisk
C-120170 PartyA_179 PartyB_14,HighRisk
C-112602 PartyA_264 PartyB_269,HighRisk
C-124540 PartyA_147 PartyB_195,MediumRisk
C-114188 PartyA_184 PartyB_154,HighRisk
C-115417 PartyA_66 PartyB_89,HighRisk
C-118545 PartyA_129 PartyB_232,MediumRisk
C-119392 PartyA_43 PartyB_156,MediumRisk
C-101105 PartyA_117 PartyB_11,MediumRisk
C-124854 PartyA_4 PartyB_257,LowRisk
C-117076 PartyA_29 PartyB_139,HighRisk
C-122194 PartyA_270 PartyB_261,MediumRisk
C-104956 PartyA_17 PartyB_254,HighRisk
C-108307 PartyA_167 PartyB_109,MediumRisk
C-124284 PartyA_213 PartyB_15,MediumRisk
C-120753 PartyA_159 PartyB_282,HighRisk
C-119149 PartyA_154 PartyB_12,MediumRisk
C-120313 PartyA_29 PartyB_213,MediumRisk
C-121910 PartyA_59 PartyB_45,HighRisk
C-103696 PartyA_86 PartyB_190,HighRisk
C-107778 PartyA_188 PartyB_225,MediumRisk
C-121558 PartyA_190 PartyB_106,MediumRisk
C-100628 PartyA_176 PartyB_113,HighRisk
C-102451 PartyA_251 PartyB_66,HighRisk
C-121176 PartyA_212 PartyB_203,HighRisk
C-120208 PartyA_187 PartyB_20,HighRisk
C-123711 PartyA_206 PartyB_264,HighRisk
C-124952 PartyA_290 PartyB_25,HighRisk
C-120127 PartyA_50 PartyB_144,HighRisk
C-102176 PartyA_244 PartyB_60,MediumRisk
C-119702 PartyA_17 PartyB_213,LowRisk
C-121347 PartyA_129 PartyB_140,HighRisk
C-102787 PartyA_156 PartyB_62,MediumRisk
C-112297 PartyA_264 PartyB_151,MediumRisk
C-101196 PartyA_23 PartyB_142,MediumRisk
C-118060 PartyA_188 PartyB_282,MediumRisk
C-120331 PartyA_117 PartyB_282,MediumRisk
C-107618 PartyA_69 PartyB_265,HighRisk
C-104444 PartyA_244 PartyB_278,MediumRisk
C-111128 PartyA_143 PartyB_252,MediumRisk
C-115514 PartyA_279 PartyB_205,HighRisk
C-105722 PartyA_158 PartyB_138,MediumRisk
C-122134 PartyA_189 PartyB_283,MediumRisk
C-110695 PartyA_186 PartyB_102,HighRisk
C-123053 PartyA_298 PartyB_217,MediumRisk
C-118753 PartyA_298 PartyB_62,MediumRisk
C-104967 PartyA_17 PartyB_170,MediumRisk
C-118601 PartyA_28 PartyB_261,HighRisk
C-110410 PartyA_242 PartyB_208,MediumRisk
C-119710 PartyA_10 PartyB_185,HighRisk
C-104009 PartyA_243 PartyB_149,MediumRisk
C-115515 PartyA_58 PartyB_219,MediumRisk
C-103583 PartyA_139 PartyB_298,MediumRisk
C-124725 PartyA_251 PartyB_5,MediumRisk
C-118020 PartyA_6 PartyB_268,MediumRisk
C-120003 PartyA_253 PartyB_261,MediumRisk
C-118852 PartyA_98 PartyB_86,MediumRisk
C-112424 PartyA_42 PartyB_106,HighRisk
C-108277 PartyA_64 PartyB_216,MediumRisk
C-103667 PartyA_73 PartyB_145,MediumRisk
C-112474 PartyA_127 PartyB_179,MediumRisk
C-112782 PartyA_75 PartyB_108,HighRisk
C-110211 PartyA_81 PartyB_187,MediumRisk
C-103423 PartyA_23 PartyB_83,MediumRisk
C-110717 PartyA_85 PartyB_153,HighRisk
C-108199 PartyA_155 PartyB_259,HighRisk
C-118793 PartyA_54 PartyB_137,MediumRisk
C-119596 PartyA_167 PartyB_224,MediumRisk
C-124089 PartyA_288 PartyB_254,MediumRisk
C-105366 PartyA_300 PartyB_25,LowRisk
C-117313 PartyA_42 PartyB_95,MediumRisk
C-102895 PartyA_64 PartyB_67,LowRisk
C-114122 PartyA_5 PartyB_278,MediumRisk
C-101296 PartyA_266 PartyB_80,HighRisk
C-103642 PartyA_187 PartyB_137,MediumRisk
C-121503 PartyA_114 PartyB_220,HighRisk
C-122932 PartyA_49 PartyB_243,MediumRisk
C-124615 PartyA_119 PartyB_271,HighRisk
C-124381 PartyA_208 PartyB_227,MediumRisk
C-108548 PartyA_163 PartyB_298,MediumRisk
C-105451 PartyA_136 PartyB_58,MediumRisk
C-110685 PartyA_63 PartyB_5,HighRisk
C-115449 PartyA_229 PartyB_232,MediumRisk
C-107866 PartyA_216 PartyB_2,MediumRisk
C-119127 PartyA_116 PartyB_46,MediumRisk
C-112867 PartyA_298 PartyB_240,HighRisk
C-114607 PartyA_257 PartyB_4,MediumRisk
C-109797 PartyA_291 PartyB_80,HighRisk
C-111755 PartyA_160 PartyB_32,HighRisk
C-113979 PartyA_221 PartyB_225,MediumRisk
C-109738 PartyA_44 PartyB_186,MediumRisk
C-114385 PartyA_221 PartyB_274,LowRisk
C-106474 PartyA_189 PartyB_115,HighRisk
C-108811 PartyA_217 PartyB_167,HighRisk
C-100492 PartyA_98 PartyB_291,HighRisk
C-111691 PartyA_20 PartyB_133,MediumRisk
C-124100 PartyA_127 PartyB_70,MediumRisk
C-101116 PartyA_157 PartyB_17,MediumRisk
C-105637 PartyA_49 PartyB_242,MediumRisk
C-105085 PartyA_40 PartyB_71,LowRisk
C-101757 PartyA_56 PartyB_176,MediumRisk
C-111486 PartyA_297 PartyB_266,HighRisk
C-121561 PartyA_99 PartyB_19,MediumRisk
C-123804 PartyA_40 PartyB_282,MediumRisk
C-106353 PartyA_109 PartyB_232,MediumRisk
C-123839 PartyA_239 PartyB_184,MediumRisk
C-124873 PartyA_282 PartyB_247,LowRisk
C-124977 PartyA_1 PartyB_209,LowRisk
C-103644 PartyA_252 PartyB_231,MediumRisk
C-119167 PartyA_39 PartyB_126,LowRisk
C-114350 PartyA_68 PartyB_138,HighRisk
C-112001 PartyA_105 PartyB_225,LowRisk
C-121491 PartyA_30 PartyB_173,MediumRisk
C-111185 PartyA_155 PartyB_183,MediumRisk
C-101696 PartyA_127 PartyB_69,HighRisk
C-102295 PartyA_39 PartyB_215,MediumRisk
C-114794 PartyA_145 PartyB_225,MediumRisk
C-114696 PartyA_80 PartyB_33,MediumRisk
C-105939 PartyA_7 PartyB_77,MediumRisk
C-124635 PartyA_181 PartyB_135,HighRisk
C-109968 PartyA_285 PartyB_125,HighRisk
C-111033 PartyA_76 PartyB_142,MediumRisk
C-103313 PartyA_187 PartyB_255,MediumRisk
C-114824 PartyA_46 PartyB_267,HighRisk
C-121625 PartyA_11 PartyB_104,LowRisk
C-109784 PartyA_255 PartyB_21,MediumRisk
C-109915 PartyA_255 PartyB_292,MediumRisk
C-100215 PartyA_271 PartyB_66,MediumRisk
C-101072 PartyA_300 PartyB_42,MediumRisk
C-108682 PartyA_252 PartyB_219,MediumRisk
C-123915 PartyA_133 PartyB_209,HighRisk
C-119867 PartyA_101 PartyB_286,HighRisk
C-107006 PartyA_290 PartyB_168,HighRisk
C-113379 PartyA_72 PartyB_19,MediumRisk
C-120148 PartyA_160 PartyB_122,HighRisk
C-108652 PartyA_108 PartyB_163,HighRisk
C-113705 PartyA_248 PartyB_292,MediumRisk
C-115384 PartyA_11 PartyB_259,MediumRisk
C-100025 PartyA_207 PartyB_62,HighRisk
C-124912 PartyA_118 PartyB_213,MediumRisk
C-110601 PartyA_35 PartyB_115,HighRisk
C-107659 PartyA_250 PartyB_74,HighRisk
C-113401 PartyA_178 PartyB_16,HighRisk
C-105690 PartyA_200 PartyB_240,MediumRisk
C-109744 PartyA_135 PartyB_53,MediumRisk
C-124006 PartyA_66 PartyB_208,MediumRisk
C-123244 PartyA_214 PartyB_126,MediumRisk
C-112721 PartyA_285 PartyB_90,MediumRisk
C-109171 PartyA_63 PartyB_254,MediumRisk
C-110847 PartyA_256 PartyB_31,HighRisk
C-111908 PartyA_186 PartyB_182,MediumRisk
C-100630 PartyA_127 PartyB_168,HighRisk
C-123319 PartyA_135 PartyB_182,HighRisk
C-108707 PartyA_225 PartyB_58,HighRisk
C-121977 PartyA_201 PartyB_192,HighRisk
C-106614 PartyA_232 PartyB_201,MediumRisk
C-105243 PartyA_175 PartyB_34,MediumRisk
C-101102 PartyA_172 PartyB_31,HighRisk
C-119660 PartyA_67 PartyB_137,MediumRisk
C-102204 PartyA_35 PartyB_106,MediumRisk
C-124734 PartyA_135 PartyB_8,MediumRisk
C-112903 PartyA_29 PartyB_12,HighRisk
C-111477 PartyA_12 PartyB_153,MediumRisk
C-111308 PartyA_84 PartyB_127,MediumRisk
C-113767 PartyA_295 PartyB_284,HighRisk
C-115064 PartyA_140 PartyB_219,MediumRisk
C-112512 PartyA_40 PartyB_268,MediumRisk
C-124989 PartyA_138 PartyB_52,HighRisk
C-118591 PartyA_266 PartyB_140,MediumRisk
C-120936 PartyA_203 PartyB_294,HighRisk
C-120786 PartyA_27 PartyB_29,MediumRisk
C-120102 PartyA_123 PartyB_187,MediumRisk
C-117356 PartyA_223 PartyB_74,HighRisk
C-120963 PartyA_133 PartyB_162,MediumRisk
C-114890 PartyA_57 PartyB_209,MediumRisk
C-100719 PartyA_115 PartyB_105,MediumRisk
C-113839 PartyA_14 PartyB_41,HighRisk
C-106155 PartyA_230 PartyB_291,LowRisk
C-120093 PartyA_94 PartyB_143,HighRisk
C-119187 PartyA_55 PartyB_122,MediumRisk
C-118950 PartyA_180 PartyB_244,MediumRisk
C-104025 PartyA_140 PartyB_243,MediumRisk
C-108224 PartyA_150 PartyB_190,HighRisk
C-117908 PartyA_174 PartyB_121,HighRisk
C-120447 PartyA_165 PartyB_39,HighRisk
C-115493 PartyA_95 PartyB_187,MediumRisk
C-119176 PartyA_273 PartyB_214,HighRisk
C-116093 PartyA_228 PartyB_153,LowRisk
C-118606 PartyA_299 PartyB_51,MediumRisk
C-105818 PartyA_97 PartyB_155,MediumRisk
C-111956 PartyA_208 PartyB_53,MediumRisk
C-103866 PartyA_262 PartyB_101,MediumRisk
C-102745 PartyA_37 PartyB_242,MediumRisk
C-111867 PartyA_247 PartyB_293,HighRisk
C-110343 PartyA_233 PartyB_282,MediumRisk
C-121865 PartyA_54 PartyB_153,LowRisk
C-111950 PartyA_128 PartyB_271,MediumRisk
C-122615 PartyA_135 PartyB_286,MediumRisk
C-119611 PartyA_186 PartyB_270,HighRisk
C-104214 PartyA_226 PartyB_62,MediumRisk
C-120307 PartyA_62 PartyB_103,MediumRisk
C-112096 PartyA_279 PartyB_174,MediumRisk
C-115193 PartyA_134 PartyB_129,MediumRisk
C-119643 PartyA_113 PartyB_137,MediumRisk
C-101401 PartyA_2 PartyB_222,LowRisk
C-112828 PartyA_97 PartyB_227,MediumRisk
C-103253 PartyA_274 PartyB_144,HighRisk
C-123260 PartyA_115 PartyB_100,HighRisk
C-119045 PartyA_187 PartyB_138,MediumRisk
C-102158 PartyA_115 PartyB_133,MediumRisk
C-108578 PartyA_225 PartyB_235,MediumRisk
C-117058 PartyA_2 PartyB_133,LowRisk
C-124942 PartyA_215 PartyB_277,HighRisk
C-107011 PartyA_282 PartyB_15,MediumRisk
C-121471 PartyA_132 PartyB_13,HighRisk
C-110197 PartyA_52 PartyB_61,MediumRisk
C-103841 PartyA_69 PartyB_199,HighRisk
C-118199 PartyA_176 PartyB_25,LowRisk
C-119557 PartyA_228 PartyB_151,MediumRisk
C-120132 PartyA_108 PartyB_293,MediumRisk
C-111849 PartyA_58 PartyB_126,MediumRisk
C-102100 PartyA_192 PartyB_64,MediumRisk
C-101673 PartyA_240 PartyB_254,HighRisk
C-110293 PartyA_299 PartyB_23,HighRisk
C-104213 PartyA_185 PartyB_165,HighRisk
C-107480 PartyA_32 PartyB_86,MediumRisk
C-117932 PartyA_120 PartyB_74,MediumRisk
C-114562 PartyA_147 PartyB_107,HighRisk
C-121306 PartyA_128 PartyB_296,HighRisk
C-111515 PartyA_212 PartyB_264,MediumRisk
C-108547 PartyA_3 PartyB_4,HighRisk
C-117845 PartyA_145 PartyB_229,MediumRisk
C-114823 PartyA_101 PartyB_166,HighRisk
C-116923 PartyA_178 PartyB_285,HighRisk
C-119604 PartyA_61 PartyB_29,HighRisk
C-116363 PartyA_234 PartyB_68,MediumRisk
C-114609 PartyA_175 PartyB_168,HighRisk
C-118135 PartyA_256 PartyB_199,HighRisk
C-120360 PartyA_17 PartyB_139,HighRisk
C-118156 PartyA_53 PartyB_110,HighRisk
C-109388 PartyA_142 PartyB_101,MediumRisk
C-110070 PartyA_232 PartyB_43,MediumRisk
C-110860 PartyA_281 PartyB_12,HighRisk
C-118400 PartyA_196 PartyB_196,MediumRisk
C-102005 PartyA_185 PartyB_149,MediumRisk
C-120277 PartyA_30 PartyB_230,HighRisk
C-119621 PartyA_41 PartyB_108,HighRisk
C-120808 PartyA_234 PartyB_39,MediumRisk
C-115887 PartyA_83 PartyB_46,MediumRisk
C-115233 PartyA_60 PartyB_155,MediumRisk
C-113411 PartyA_99 PartyB_218,MediumRisk
C-102257 PartyA_117 PartyB_238,MediumRisk
C-121390 PartyA_299 PartyB_99,HighRisk
C-120456 PartyA_241 PartyB_183,HighRisk
C-105574 PartyA_147 PartyB_29,MediumRisk
C-109083 PartyA_46 PartyB_187,MediumRisk
C-105355 PartyA_196 PartyB_49,MediumRisk
C-106093 PartyA_216 PartyB_156,HighRisk
C-107935 PartyA_104 PartyB_213,HighRisk
C-101519 PartyA_192 PartyB_28,MediumRisk
C-124155 PartyA_105 PartyB_94,HighRisk
C-101378 PartyA_11 PartyB_222,MediumRisk
C-118971 PartyA_206 PartyB_46,MediumRisk
C-115206 PartyA_210 PartyB_300,MediumRisk
C-122289 PartyA_7 PartyB_101,HighRisk
C-113200 PartyA_112 PartyB_229,LowRisk
C-122724 PartyA_160 PartyB_29,HighRisk
C-105842 PartyA_173 PartyB_128,HighRisk
C-107122 PartyA_19 PartyB_184,MediumRisk
C-116211 PartyA_88 PartyB_4,HighRisk
C-112820 PartyA_90 PartyB_272,LowRisk
C-105832 PartyA_67 PartyB_260,MediumRisk
C-109821 PartyA_284 PartyB_25,MediumRisk
C-121272 PartyA_182 PartyB_270,MediumRisk
C-112718 PartyA_222 PartyB_104,HighRisk
C-100522 PartyA_96 PartyB_102,HighRisk
C-119991 PartyA_136 PartyB_108,MediumRisk
C-115372 PartyA_240 PartyB_284,MediumRisk
C-100234 PartyA_92 PartyB_55,MediumRisk
C-112180 PartyA_279 PartyB_115,MediumRisk
C-120180 PartyA_23 PartyB_29,MediumRisk
C-106318 PartyA_123 PartyB_109,MediumRisk
C-111992 PartyA_150 PartyB_67,MediumRisk
C-123151 PartyA_223 PartyB_273,MediumRisk
C-101948 PartyA_273 PartyB_29,MediumRisk
C-106361 PartyA_253 PartyB_144,HighRisk
C-124263 PartyA_284 PartyB_19,HighRisk
C-123116 PartyA_239 PartyB_174,MediumRisk
C-111684 PartyA_156 PartyB_125,LowRisk
C-115927 PartyA_29 PartyB_108,MediumRisk
C-123858 PartyA_17 PartyB_83,MediumRisk
C-102224 PartyA_136 PartyB_192,MediumRisk
C-123801 PartyA_122 PartyB_104,MediumRisk
C-115246 PartyA_172 PartyB_206,MediumRisk
C-116209 PartyA_250 PartyB_266,HighRisk
C-105571 PartyA_60 PartyB_176,MediumRisk
C-104523 PartyA_207 PartyB_119,HighRisk
C-105793 PartyA_269 PartyB_109,HighRisk
C-120616 PartyA_49 PartyB_18,MediumRisk
C-105738 PartyA_159 PartyB_118,HighRisk
C-119008 PartyA_34 PartyB_13,MediumRisk
C-104728 PartyA_107 PartyB_126,MediumRisk
C-107818 PartyA_16 PartyB_132,HighRisk
C-108859 PartyA_63 PartyB_274,HighRisk
C-124900 PartyA_147 PartyB_2,HighRisk
C-115275 PartyA_282 PartyB_78,HighRisk
C-102437 PartyA_156 PartyB_84,MediumRisk
C-114087 PartyA_247 PartyB_110,HighRisk
C-111989 PartyA_240 PartyB_298,MediumRisk
C-103167 PartyA_167 PartyB_207,HighRisk
C-118193 PartyA_204 PartyB_225,HighRisk
C-122536 PartyA_278 PartyB_130,MediumRisk
C-113752 PartyA_145 PartyB_175,HighRisk
C-115920 PartyA_125 PartyB_205,MediumRisk
C-114027 PartyA_28 PartyB_51,HighRisk
C-107016 PartyA_254 PartyB_88,LowRisk
C-113386 PartyA_179 PartyB_79,MediumRisk
C-115998 PartyA_194 PartyB_169,HighRisk
C-112641 PartyA_119 PartyB_224,MediumRisk
C-122139 PartyA_124 PartyB_29,MediumRisk
C-104945 PartyA_256 PartyB_241,MediumRisk
C-115649 PartyA_39 PartyB_291,MediumRisk
C-112237 PartyA_58 PartyB_32,MediumRisk
C-106046 PartyA_265 PartyB_268,HighRisk
C-109227 PartyA_51 PartyB_115,MediumRisk
C-105585 PartyA_300 PartyB_253,MediumRisk
C-105590 PartyA_21 PartyB_260,MediumRisk
C-101228 PartyA_173 PartyB_155,MediumRisk
C-118691 PartyA_156 PartyB_44,MediumRisk
C-113341 PartyA_278 PartyB_85,HighRisk
C-113333 PartyA_62 PartyB_230,MediumRisk
C-114743 PartyA_149 PartyB_240,HighRisk
C-108244 PartyA_231 PartyB_119,HighRisk
C-122054 PartyA_291 PartyB_257,MediumRisk
C-116237 PartyA_273 PartyB_76,HighRisk
C-106555 PartyA_125 PartyB_267,HighRisk
C-115373 PartyA_39 PartyB_229,MediumRisk
C-112145 PartyA_257 PartyB_202,MediumRisk
C-100159 PartyA_264 PartyB_204,MediumRisk
C-101589 PartyA_51 PartyB_140,MediumRisk
C-115369 PartyA_112 PartyB_288,LowRisk
C-105565 PartyA_8 PartyB_202,MediumRisk
C-107190 PartyA_192 PartyB_249,MediumRisk
C-121748 PartyA_233 PartyB_125,MediumRisk
C-110576 PartyA_127 PartyB_57,MediumRisk
C-115061 PartyA_176 PartyB_233,MediumRisk
C-113364 PartyA_149 PartyB_156,MediumRisk
C-101556 PartyA_91 PartyB_280,MediumRisk
C-102828 PartyA_229 PartyB_288,MediumRisk
C-100436 PartyA_118 PartyB_194,MediumRisk
C-115592 PartyA_224 PartyB_105,HighRisk
C-124572 PartyA_66 PartyB_141,MediumRisk
C-117972 PartyA_83 PartyB_30,MediumRisk
C-102780 PartyA_50 PartyB_113,HighRisk
C-103701 PartyA_259 PartyB_82,MediumRisk
C-105686 PartyA_4 PartyB_241,LowRisk
C-120349 PartyA_279 PartyB_157,MediumRisk
C-104727 PartyA_199 PartyB_119,LowRisk
C-117622 PartyA_41 PartyB_198,MediumRisk
C-102951 PartyA_210 PartyB_126,MediumRisk
C-102555 PartyA_249 PartyB_64,HighRisk
C-110350 PartyA_105 PartyB_171,MediumRisk
C-121462 PartyA_276 PartyB_78,HighRisk
C-117881 PartyA_120 PartyB_207,MediumRisk
C-112737 PartyA_169 PartyB_250,MediumRisk
C-106465 PartyA_273 PartyB_263,MediumRisk
C-107355 PartyA_131 PartyB_193,HighRisk
C-115717 PartyA_171 PartyB_151,HighRisk
C-107823 PartyA_271 PartyB_78,LowRisk
C-112449 PartyA_76 PartyB_162,MediumRisk
C-123164 PartyA_285 PartyB_203,MediumRisk
C-115271 PartyA_95 PartyB_92,HighRisk
C-105185 PartyA_214 PartyB_264,MediumRisk
C-108549 PartyA_282 PartyB_284,MediumRisk
C-105242 PartyA_167 PartyB_262,MediumRisk
C-118514 PartyA_75 PartyB_137,MediumRisk
C-102092 PartyA_106 PartyB_195,MediumRisk
C-110207 PartyA_118 PartyB_173,MediumRisk
C-111948 PartyA_169 PartyB_143,LowRisk
C-100187 PartyA_266 PartyB_234,LowRisk
C-121694 PartyA_157 PartyB_60,LowRisk
C-120039 PartyA_116 PartyB_174,MediumRisk
C-119810 PartyA_121 PartyB_141,MediumRisk
C-121955 PartyA_129 PartyB_163,HighRisk
C-101381 PartyA_238 PartyB_281,HighRisk
C-122158 PartyA_83 PartyB_188,MediumRisk
C-108605 PartyA_67 PartyB_62,MediumRisk
C-115743 PartyA_267 PartyB_182,MediumRisk
C-121281 PartyA_25 PartyB_65,MediumRisk
C-111528 PartyA_67 PartyB_300,MediumRisk
C-119559 PartyA_114 PartyB_232,MediumRisk
C-115038 PartyA_181 PartyB_241,MediumRisk
C-123096 PartyA_288 PartyB_70,MediumRisk
C-122395 PartyA_135 PartyB_294,MediumRisk
C-108448 PartyA_132 PartyB_149,MediumRisk
C-111390 PartyA_138 PartyB_156,MediumRisk
C-124879 PartyA_69 PartyB_45,HighRisk
C-107295 PartyA_233 PartyB_159,MediumRisk
C-118619 PartyA_96 PartyB_145,HighRisk
C-108068 PartyA_280 PartyB_292,LowRisk
C-112935 PartyA_282 PartyB_178,MediumRisk
C-109959 PartyA_192 PartyB_210,MediumRisk
C-120620 PartyA_127 PartyB_76,HighRisk
C-109764 PartyA_192 PartyB_151,MediumRisk
C-100024 PartyA_258 PartyB_272,MediumRisk
C-103363 PartyA_239 PartyB_256,MediumRisk
C-101088 PartyA_257 PartyB_258,MediumRisk
C-112866 PartyA_1 PartyB_30,MediumRisk
C-110886 PartyA_247 PartyB_82,HighRisk
C-111590 PartyA_71 PartyB_161,MediumRisk
C-124515 PartyA_262 PartyB_23,MediumRisk
C-119225 PartyA_110 PartyB_243,LowRisk
C-110503 PartyA_76 PartyB_30,MediumRisk
C-112306 PartyA_229 PartyB_168,MediumRisk
C-120536 PartyA_180 PartyB_28,MediumRisk
C-117079 PartyA_11 PartyB_202,MediumRisk
C-115906 PartyA_25 PartyB_249,MediumRisk
C-123975 PartyA_86 PartyB_229,MediumRisk
C-111944 PartyA_219 PartyB_38,HighRisk
C-106337 PartyA_217 PartyB_249,MediumRisk
C-117611 PartyA_253 PartyB_109,MediumRisk
C-118383 PartyA_292 PartyB_141,MediumRisk
C-100276 PartyA_213 PartyB_193,MediumRisk
C-112413 PartyA_86 PartyB_35,MediumRisk
C-119337 PartyA_53 PartyB_131,MediumRisk
C-120021 PartyA_273 PartyB_178,MediumRisk
C-103906 PartyA_269 PartyB_293,MediumRisk
C-121162 PartyA_44 PartyB_258,HighRisk
C-105845 PartyA_227 PartyB_249,MediumRisk
C-124626 PartyA_136 PartyB_82,HighRisk
C-120501 PartyA_31 PartyB_285,MediumRisk
C-101137 PartyA_221 PartyB_13,MediumRisk
C-119151 PartyA_83 PartyB_10,MediumRisk
C-118108 PartyA_228 PartyB_281,LowRisk
C-113324 PartyA_255 PartyB_166,MediumRisk
C-102490 PartyA_294 PartyB_135,MediumRisk
C-116165 PartyA_218 PartyB_290,MediumRisk
C-107742 PartyA_158 PartyB_200,MediumRisk
C-114482 PartyA_168 PartyB_3,MediumRisk
C-113127 PartyA_70 PartyB_191,MediumRisk
C-103935 PartyA_161 PartyB_220,LowRisk
C-115072 PartyA_120 PartyB_121,MediumRisk
C-102384 PartyA_288 PartyB_174,MediumRisk
C-108016 PartyA_183 PartyB_146,HighRisk
C-107084 PartyA_259 PartyB_120,MediumRisk
C-116499 PartyA_252 PartyB_185,MediumRisk
C-101863 PartyA_208 PartyB_140,MediumRisk
C-115688 PartyA_57 PartyB_183,MediumRisk
C-119503 PartyA_243 PartyB_29,MediumRisk
C-120642 PartyA_253 PartyB_65,MediumRisk
C-100364 PartyA_292 PartyB_235,LowRisk
C-109094 PartyA_104 PartyB_200,MediumRisk
C-119203 PartyA_1 PartyB_22,MediumRisk
C-121898 PartyA_296 PartyB_28,MediumRisk
C-118354 PartyA_240 PartyB_265,MediumRisk
C-121083 PartyA_266 PartyB_239,MediumRisk
C-103802 PartyA_128 PartyB_28,MediumRisk
C-115309 PartyA_55 PartyB_189,LowRisk
C-103536 PartyA_84 PartyB_190,HighRisk
C-103825 PartyA_77 PartyB_89,MediumRisk
C-106642 PartyA_21 PartyB_282,MediumRisk
C-123279 PartyA_100 PartyB_281,MediumRisk
C-112991 PartyA_196 PartyB_266,MediumRisk
C-118330 PartyA_36 PartyB_15,MediumRisk
C-120878 PartyA_218 PartyB_74,MediumRisk
C-121911 PartyA_123 PartyB_31,MediumRisk
C-113527 PartyA_255 PartyB_217,MediumRisk
C-107269 PartyA_286 PartyB_156,HighRisk
C-122151 PartyA_50 PartyB_226,HighRisk
C-107929 PartyA_33 PartyB_191,HighRisk
C-112982 PartyA_21 PartyB_179,MediumRisk
C-107166 PartyA_62 PartyB_230,MediumRisk
C-112869 PartyA_83 PartyB_199,HighRisk
C-105867 PartyA_296 PartyB_85,MediumRisk
C-104761 PartyA_297 PartyB_138,LowRisk
C-100882 PartyA_231 PartyB_291,MediumRisk
C-113893 PartyA_128 PartyB_275,MediumRisk
C-123173 PartyA_111 PartyB_179,MediumRisk
C-100557 PartyA_255 PartyB_122,MediumRisk
C-101960 PartyA_293 PartyB_159,HighRisk
C-113331 PartyA_105 PartyB_271,LowRisk
C-101207 PartyA_295 PartyB_223,MediumRisk
C-107684 PartyA_255 PartyB_243,MediumRisk
C-116859 PartyA_131 PartyB_176,MediumRisk
C-112021 PartyA_42 PartyB_139,MediumRisk
C-110485 PartyA_238 PartyB_219,MediumRisk
C-119595 PartyA_120 PartyB_266,MediumRisk
C-103630 PartyA_120 PartyB_73,HighRisk
C-101708 PartyA_170 PartyB_286,HighRisk
C-101140 PartyA_78 PartyB_4,MediumRisk
C-119546 PartyA_61 PartyB_181,MediumRisk
C-106207 PartyA_59 PartyB_115,MediumRisk
C-122972 PartyA_47 PartyB_161,MediumRisk
C-120114 PartyA_101 PartyB_294,MediumRisk
C-122040 PartyA_216 PartyB_9,MediumRisk
C-102660 PartyA_31 PartyB_218,MediumRisk
C-114852 PartyA_233 PartyB_5,MediumRisk
C-101307 PartyA_61 PartyB_144,MediumRisk
C-118951 PartyA_53 PartyB_229,MediumRisk
C-116212 PartyA_105 PartyB_263,MediumRisk
C-112452 PartyA_33 PartyB_134,MediumRisk
C-119218 PartyA_203 PartyB_182,MediumRisk
C-106905 PartyA_63 PartyB_34,MediumRisk
C-111927 PartyA_92 PartyB_39,MediumRisk
C-114072 PartyA_281 PartyB_139,HighRisk
C-109429 PartyA_24 PartyB_48,MediumRisk
C-102151 PartyA_184 PartyB_99,HighRisk
C-120219 PartyA_201 PartyB_17,MediumRisk
C-124622 PartyA_294 PartyB_208,HighRisk
C-122698 PartyA_117 PartyB_113,MediumRisk
C-113283 PartyA_8 PartyB_232,MediumRisk
C-105004 PartyA_89 PartyB_263,MediumRisk
C-115996 PartyA_257 PartyB_112,LowRisk
C-101627 PartyA_182 PartyB_192,HighRisk
C-119840 PartyA_217 PartyB_115,MediumRisk
C-109714 PartyA_2 PartyB_233,HighRisk
C-121315 PartyA_243 PartyB_222,MediumRisk
C-100358 PartyA_72 PartyB_14,MediumRisk
C-100138 PartyA_257 PartyB_78,MediumRisk
C-108491 PartyA_252 PartyB_81,MediumRisk
C-116766 PartyA_288 PartyB_230,LowRisk
C-111181 PartyA_161 PartyB_16,MediumRisk
C-100340 PartyA_199 PartyB_268,HighRisk
C-104857 PartyA_225 PartyB_239,MediumRisk
C-117823 PartyA_213 PartyB_81,HighRisk
C-109569 PartyA_149 PartyB_264,MediumRisk
C-113865 PartyA_249 PartyB_213,MediumRisk
C-117330 PartyA_137 PartyB_22,MediumRisk
C-110582 PartyA_20 PartyB_105,MediumRisk
C-105498 PartyA_91 PartyB_160,MediumRisk
C-121300 PartyA_102 PartyB_73,MediumRisk
C-108556 PartyA_7 PartyB_111,HighRisk
C-110913 PartyA_136 PartyB_104,HighRisk
C-101932 PartyA_100 PartyB_240,HighRisk
C-102352 PartyA_264 PartyB_47,HighRisk
C-115848 PartyA_281 PartyB_178,HighRisk
C-103236 PartyA_158 PartyB_207,MediumRisk
C-112355 PartyA_300 PartyB_129,MediumRisk
C-109493 PartyA_55 PartyB_218,MediumRisk
C-122773 PartyA_31 PartyB_49,MediumRisk
C-103807 PartyA_190 PartyB_87,MediumRisk
C-101936 PartyA_85 PartyB_18,MediumRisk
C-105619 PartyA_125 PartyB_54,MediumRisk
C-114973 PartyA_94 PartyB_239,MediumRisk
C-120538 PartyA_170 PartyB_233,HighRisk
C-118800 PartyA_20 PartyB_9,HighRisk
C-121935 PartyA_207 PartyB_52,MediumRisk
C-106139 PartyA_209 PartyB_260,MediumRisk
C-100785 PartyA_224 PartyB_93,MediumRisk
C-108036 PartyA_232 PartyB_46,MediumRisk
C-108315 PartyA_47 PartyB_299,HighRisk
C-124332 PartyA_151 PartyB_10,MediumRisk
C-118556 PartyA_104 PartyB_233,LowRisk
C-102169 PartyA_101 PartyB_280,LowRisk
C-120393 PartyA_289 PartyB_190,LowRisk
C-120724 PartyA_120 PartyB_221,MediumRisk
C-117294 PartyA_128 PartyB_270,MediumRisk
C-114138 PartyA_294 PartyB_119,MediumRisk
C-118693 PartyA_295 PartyB_211,HighRisk
C-111826 PartyA_224 PartyB_66,MediumRisk
C-116346 PartyA_122 PartyB_269,HighRisk
C-106591 PartyA_259 PartyB_262,MediumRisk
C-104458 PartyA_213 PartyB_91,LowRisk
C-114325 PartyA_252 PartyB_217,MediumRisk
C-107597 PartyA_154 PartyB_125,MediumRisk
C-109370 PartyA_253 PartyB_156,MediumRisk
C-104652 PartyA_202 PartyB_65,MediumRisk
C-100442 PartyA_142 PartyB_204,HighRisk
C-119799 PartyA_11 PartyB_294,MediumRisk
C-109591 PartyA_16 PartyB_34,HighRisk
C-123408 PartyA_131 PartyB_3,HighRisk
C-121948 PartyA_73 PartyB_181,MediumRisk
C-109649 PartyA_189 PartyB_210,MediumRisk
C-122200 PartyA_42 PartyB_288,HighRisk
C-105744 PartyA_283 PartyB_85,HighRisk
C-115747 PartyA_268 PartyB_5,HighRisk
C-117438 PartyA_197 PartyB_275,HighRisk
C-115845 PartyA_196 PartyB_76,MediumRisk
C-120083 PartyA_224 PartyB_71,MediumRisk
C-111951 PartyA_263 PartyB_235,MediumRisk
C-100929 PartyA_230 PartyB_87,MediumRisk
C-123952 PartyA_45 PartyB_38,MediumRisk
C-108767 PartyA_181 PartyB_166,MediumRisk
C-118213 PartyA_283 PartyB_161,MediumRisk
C-111120 PartyA_299 PartyB_270,MediumRisk
C-114730 PartyA_169 PartyB_260,MediumRisk
C-111738 PartyA_239 PartyB_150,MediumRisk
C-113790 PartyA_108 PartyB_21,HighRisk
C-123866 PartyA_243 PartyB_54,MediumRisk
C-123540 PartyA_104 PartyB_75,MediumRisk
C-102011 PartyA_184 PartyB_291,HighRisk
C-117297 PartyA_224 PartyB_90,MediumRisk
C-107611 PartyA_51 PartyB_238,MediumRisk
C-119657 PartyA_26 PartyB_100,HighRisk
C-116028 PartyA_84 PartyB_225,MediumRisk
C-122006 PartyA_41 PartyB_212,MediumRisk
C-124738 PartyA_244 PartyB_153,LowRisk
C-118990 PartyA_262 PartyB_232,MediumRisk
C-121312 PartyA_136 PartyB_221,MediumRisk
C-106564 PartyA_91 PartyB_95,MediumRisk
C-122598 PartyA_288 PartyB_98,HighRisk
C-116390 PartyA_281 PartyB_245,MediumRisk
C-111172 PartyA_259 PartyB_67,HighRisk
C-107835 PartyA_230 PartyB_19,MediumRisk
C-103361 PartyA_291 PartyB_290,LowRisk
C-112966 PartyA_268 PartyB_68,MediumRisk
C-110135 PartyA_254 PartyB_207,MediumRisk
C-124207 PartyA_130 PartyB_249,LowRisk
C-118019 PartyA_215 PartyB_287,MediumRisk
C-101141 PartyA_50 PartyB_119,MediumRisk
C-123229 PartyA_159 PartyB_134,HighRisk
C-124139 PartyA_70 PartyB_231,MediumRisk
C-115007 PartyA_67 PartyB_240,MediumRisk
C-115434 PartyA_283 PartyB_46,LowRisk
C-116743 PartyA_36 PartyB_234,HighRisk
C-118454 PartyA_242 PartyB_187,MediumRisk
C-103134 PartyA_241 PartyB_170,HighRisk
C-121544 PartyA_224 PartyB_270,MediumRisk
C-106990 PartyA_220 PartyB_249,LowRisk
C-119627 PartyA_207 PartyB_268,MediumRisk
C-122769 PartyA_74 PartyB_128,HighRisk
C-118626 PartyA_20 PartyB_28,HighRisk
C-117858 PartyA_164 PartyB_66,MediumRisk
C-101823 PartyA_28 PartyB_273,MediumRisk
C-110081 PartyA_166 PartyB_55,HighRisk
C-103259 PartyA_240 PartyB_266,LowRisk
C-110213 PartyA_201 PartyB_204,MediumRisk
C-104020 PartyA_238 PartyB_80,MediumRisk
C-123523 PartyA_72 PartyB_220,HighRisk
C-103500 PartyA_179 PartyB_143,HighRisk
C-102658 PartyA_49 PartyB_72,MediumRisk
C-117514 PartyA_20 PartyB_45,MediumRisk
C-113749 PartyA_291 PartyB_203,MediumRisk
C-110516 PartyA_237 PartyB_229,HighRisk
C-101819 PartyA_35 PartyB_199,MediumRisk
C-107461 PartyA_105 PartyB_286,LowRisk
C-105624 PartyA_229 PartyB_151,MediumRisk
C-117815 PartyA_82 PartyB_237,MediumRisk
C-122628 PartyA_126 PartyB_230,MediumRisk
C-107064 PartyA_19 PartyB_278,MediumRisk
C-120702 PartyA_119 PartyB_270,MediumRisk
C-109342 PartyA_170 PartyB_211,MediumRisk
C-112336 PartyA_93 PartyB_272,MediumRisk
C-104669 PartyA_187 PartyB_128,HighRisk
C-109428 PartyA_133 PartyB_192,HighRisk
C-105476 PartyA_225 PartyB_69,HighRisk
C-124798 PartyA_35 PartyB_286,MediumRisk
C-115670 PartyA_191 PartyB_199,HighRisk
C-101856 PartyA_219 PartyB_42,HighRisk
C-102282 PartyA_84 PartyB_296,LowRisk
C-123348 PartyA_34 PartyB_212,HighRisk
C-120392 PartyA_254 PartyB_128,MediumRisk
C-113392 PartyA_197 PartyB_191,MediumRisk
C-106439 PartyA_96 PartyB_260,HighRisk
C-106031 PartyA_249 PartyB_214,HighRisk
C-100386 PartyA_294 PartyB_230,MediumRisk
C-101628 PartyA_151 PartyB_99,HighRisk
C-111777 PartyA_20 PartyB_51,MediumRisk
C-123200 PartyA_267 PartyB_84,MediumRisk
C-124166 PartyA_294 PartyB_177,MediumRisk
C-113851 PartyA_233 PartyB_297,MediumRisk
C-107718 PartyA_126 PartyB_103,MediumRisk
C-107544 PartyA_262 PartyB_26,MediumRisk
C-111381 PartyA_36 PartyB_10,MediumRisk
C-104658 PartyA_103 PartyB_72,HighRisk
C-112497 PartyA_41 PartyB_254,MediumRisk
C-109101 PartyA_31 PartyB_138,MediumRisk
C-110058 PartyA_187 PartyB_100,MediumRisk
C-101842 PartyA_38 PartyB_187,MediumRisk
C-118881 PartyA_278 PartyB_212,MediumRisk
C-116585 PartyA_85 PartyB_135,MediumRisk
C-122455 PartyA_101 PartyB_166,HighRisk
C-103868 PartyA_287 PartyB_41,MediumRisk
C-105054 PartyA_29 PartyB_77,MediumRisk
C-105889 PartyA_236 PartyB_46,MediumRisk
C-114376 PartyA_46 PartyB_131,MediumRisk
C-119086 PartyA_152 PartyB_208,HighRisk
C-123785 PartyA_282 PartyB_132,HighRisk
C-116715 PartyA_7 PartyB_287,HighRisk
C-103808 PartyA_5 PartyB_36,MediumRisk
C-122620 PartyA_63 PartyB_293,MediumRisk
C-100935 PartyA_154 PartyB_187,MediumRisk
C-110651 PartyA_253 PartyB_63,HighRisk
C-101774 PartyA_228 PartyB_12,MediumRisk
C-122255 PartyA_242 PartyB_218,HighRisk
C-103744 PartyA_121 PartyB_185,MediumRisk
C-117373 PartyA_73 PartyB_69,MediumRisk
C-105443 PartyA_81 PartyB_225,MediumRisk
C-122856 PartyA_75 PartyB_31,MediumRisk
C-113969 PartyA_72 PartyB_83,MediumRisk
C-101875 PartyA_25 PartyB_5,MediumRisk
C-103760 PartyA_40 PartyB_14,HighRisk
C-124578 PartyA_98 PartyB_157,MediumRisk
C-103052 PartyA_169 PartyB_84,MediumRisk
C-120125 PartyA_83 PartyB_237,MediumRisk
C-113654 PartyA_176 PartyB_25,MediumRisk
C-113146 PartyA_140 PartyB_41,MediumRisk
C-123377 PartyA_293 PartyB_33,HighRisk
C-104615 PartyA_186 PartyB_268,MediumRisk
C-115812 PartyA_195 PartyB_131,MediumRisk
C-103321 PartyA_252 PartyB_290,HighRisk
C-122702 PartyA_262 PartyB_37,HighRisk
C-103311 PartyA_158 PartyB_268,HighRisk
C-122119 PartyA_59 PartyB_89,LowRisk
C-122028 PartyA_1 PartyB_149,MediumRisk
C-122247 PartyA_255 PartyB_181,MediumRisk
C-112743 PartyA_234 PartyB_60,MediumRisk
C-112871 PartyA_172 PartyB_21,MediumRisk
C-111595 PartyA_117 PartyB_161,MediumRisk
C-108210 PartyA_248 PartyB_117,MediumRisk
C-111431 PartyA_123 PartyB_159,HighRisk
C-120012 PartyA_81 PartyB_270,MediumRisk
C-120013 PartyA_280 PartyB_52,MediumRisk
C-117740 PartyA_139 PartyB_257,LowRisk
C-121386 PartyA_16 PartyB_135,MediumRisk
C-116018 PartyA_71 PartyB_166,MediumRisk
C-101517 PartyA_155 PartyB_203,HighRisk
C-123777 PartyA_79 PartyB_128,LowRisk
C-104492 PartyA_26 PartyB_75,MediumRisk
C-103112 PartyA_212 PartyB_43,MediumRisk
C-116566 PartyA_127 PartyB_33,MediumRisk
C-116294 PartyA_205 PartyB_134,MediumRisk
C-111834 PartyA_300 PartyB_13,HighRisk
C-102866 PartyA_49 PartyB_256,HighRisk
C-100855 PartyA_200 PartyB_158,MediumRisk
C-122987 PartyA_158 PartyB_55,HighRisk
C-104912 PartyA_83 PartyB_269,MediumRisk
C-113860 PartyA_270 PartyB_3,LowRisk
C-105463 PartyA_46 PartyB_280,MediumRisk
C-118184 PartyA_64 PartyB_210,HighRisk
C-105482 PartyA_71 PartyB_177,MediumRisk
C-112605 PartyA_179 PartyB_58,MediumRisk
C-122854 PartyA_97 PartyB_278,MediumRisk
C-118352 PartyA_281 PartyB_83,LowRisk
C-103828 PartyA_228 PartyB_156,MediumRisk
C-122606 PartyA_101 PartyB_290,HighRisk
C-104697 PartyA_288 PartyB_57,MediumRisk
C-115200 PartyA_271 PartyB_181,MediumRisk
C-104987 PartyA_44 PartyB_203,MediumRisk
C-104650 PartyA_195 PartyB_114,MediumRisk
C-117543 PartyA_277 PartyB_205,MediumRisk
C-122061 PartyA_295 PartyB_136,MediumRisk
C-117709 PartyA_104 PartyB_201,MediumRisk
C-110288 PartyA_243 PartyB_178,MediumRisk
C-121477 PartyA_189 PartyB_212,LowRisk
C-121180 PartyA_168 PartyB_66,HighRisk
C-106796 PartyA_170 PartyB_232,MediumRisk
C-105808 PartyA_299 PartyB_69,HighRisk
C-117839 PartyA_3 PartyB_179,LowRisk
C-105410 PartyA_233 PartyB_145,MediumRisk
C-108333 PartyA_74 PartyB_40,HighRisk
C-102800 PartyA_272 PartyB_261,MediumRisk
C-109836 PartyA_270 PartyB_58,MediumRisk
C-110332 PartyA_276 PartyB_3,HighRisk
C-112728 PartyA_210 PartyB_70,MediumRisk
C-123679 PartyA_30 PartyB_144,MediumRisk
C-113778 PartyA_116 PartyB_8,MediumRisk
C-107815 PartyA_298 PartyB_187,MediumRisk
C-104378 PartyA_186 PartyB_271,HighRisk
C-108921 PartyA_124 PartyB_177,MediumRisk
C-121259 PartyA_276 PartyB_297,MediumRisk
C-106716 PartyA_18 PartyB_40,MediumRisk
C-120120 PartyA_65 PartyB_105,MediumRisk
C-102261 PartyA_150 PartyB_93,MediumRisk
C-107429 PartyA_150 PartyB_74,MediumRisk
C-120389 PartyA_122 PartyB_258,HighRisk
C-109302 PartyA_97 PartyB_299,MediumRisk
C-123832 PartyA_103 PartyB_63,MediumRisk
C-111190 PartyA_191 PartyB_102,HighRisk
C-118778 PartyA_27 PartyB_68,MediumRisk
C-117569 PartyA_232 PartyB_52,HighRisk
C-102007 PartyA_227 PartyB_10,MediumRisk
C-100193 PartyA_89 PartyB_236,HighRisk
C-113803 PartyA_19 PartyB_113,MediumRisk
C-123609 PartyA_21 PartyB_36,MediumRisk
C-108770 PartyA_213 PartyB_45,MediumRisk
C-116300 PartyA_98 PartyB_268,MediumRisk
C-100771 PartyA_267 PartyB_127,HighRisk
C-110587 PartyA_76 PartyB_235,HighRisk
C-117862 PartyA_189 PartyB_6,MediumRisk
C-118230 PartyA_264 PartyB_80,MediumRisk
C-112466 PartyA_128 PartyB_268,HighRisk
C-120124 PartyA_116 PartyB_119,MediumRisk
C-124214 PartyA_67 PartyB_75,LowRisk
C-114868 PartyA_48 PartyB_233,MediumRisk
C-114567 PartyA_246 PartyB_45,HighRisk
C-116789 PartyA_218 PartyB_97,MediumRisk
C-124641 PartyA_113 PartyB_12,MediumRisk
C-110088 PartyA_296 PartyB_131,MediumRisk
C-116910 PartyA_91 PartyB_248,HighRisk
C-106317 PartyA_272 PartyB_65,HighRisk
C-111851 PartyA_146 PartyB_271,HighRisk
C-106581 PartyA_194 PartyB_180,MediumRisk
C-101447 PartyA_33 PartyB_79,MediumRisk
C-100342 PartyA_86 PartyB_109,HighRisk
C-113319 PartyA_123 PartyB_52,MediumRisk
C-111328 PartyA_257 PartyB_66,HighRisk
C-117111 PartyA_167 PartyB_268,MediumRisk
C-120961 PartyA_198 PartyB_28,MediumRisk
C-109168 PartyA_136 PartyB_40,MediumRisk
C-123791 PartyA_267 PartyB_228,MediumRisk
C-119900 PartyA_81 PartyB_238,MediumRisk
C-107368 PartyA_270 PartyB_232,MediumRisk
C-102044 PartyA_261 PartyB_100,MediumRisk
C-107156 PartyA_157 PartyB_223,MediumRisk
C-116288 PartyA_238 PartyB_43,HighRisk
C-107851 PartyA_10 PartyB_20,MediumRisk
C-110178 PartyA_185 PartyB_242,MediumRisk
C-112132 PartyA_224 PartyB_175,MediumRisk
C-113615 PartyA_190 PartyB_83,MediumRisk
C-117732 PartyA_176 PartyB_108,MediumRisk
C-117044 PartyA_144 PartyB_125,MediumRisk
C-101492 PartyA_186 PartyB_28,MediumRisk
C-100778 PartyA_111 PartyB_94,MediumRisk
C-121538 PartyA_75 PartyB_82,HighRisk
C-109885 PartyA_222 PartyB_232,LowRisk
C-118863 PartyA_136 PartyB_216,MediumRisk
C-109277 PartyA_189 PartyB_215,HighRisk
C-102524 PartyA_285 PartyB_210,LowRisk
C-121174 PartyA_99 PartyB_130,MediumRisk
C-105374 PartyA_80 PartyB_167,HighRisk
C-119582 PartyA_158 PartyB_154,LowRisk
C-123876 PartyA_114 PartyB_272,MediumRisk
C-116232 PartyA_258 PartyB_115,HighRisk
C-114849 PartyA_30 PartyB_268,MediumRisk
C-117371 PartyA_107 PartyB_135,MediumRisk
C-108259 PartyA_2 PartyB_3,MediumRisk
C-122464 PartyA_247 PartyB_256,MediumRisk
C-100040 PartyA_154 PartyB_260,HighRisk
C-111240 PartyA_240 PartyB_121,MediumRisk
C-118146 PartyA_63 PartyB_90,MediumRisk
C-122863 PartyA_8 PartyB_93,MediumRisk
C-114424 PartyA_246 PartyB_59,MediumRisk
C-111639 PartyA_111 PartyB_55,HighRisk
C-106816 PartyA_247 PartyB_89,MediumRisk
C-121981 PartyA_300 PartyB_102,HighRisk
C-122622 PartyA_193 PartyB_133,HighRisk
C-110704 PartyA_247 PartyB_244,MediumRisk
C-119107 PartyA_155 PartyB_265,MediumRisk
C-114140 PartyA_38 PartyB_274,MediumRisk
C-101460 PartyA_61 PartyB_217,MediumRisk
C-123181 PartyA_138 PartyB_37,MediumRisk
C-104493 PartyA_218 PartyB_131,MediumRisk
C-122136 PartyA_54 PartyB_298,MediumRisk
C-113074 PartyA_259 PartyB_16,HighRisk
C-117915 PartyA_152 PartyB_143,MediumRisk
C-113686 PartyA_27 PartyB_189,MediumRisk
C-113947 PartyA_242 PartyB_198,MediumRisk
C-111002 PartyA_47 PartyB_143,MediumRisk
C-115432 PartyA_221 PartyB_115,HighRisk
C-107230 PartyA_287 PartyB_188,MediumRisk
C-115686 PartyA_170 PartyB_142,HighRisk
C-110412 PartyA_100 PartyB_282,HighRisk
C-105075 PartyA_53 PartyB_232,MediumRisk
C-121778 PartyA_135 PartyB_177,HighRisk
C-109641 PartyA_177 PartyB_223,MediumRisk
C-123149 PartyA_196 PartyB_283,MediumRisk
C-123014 PartyA_168 PartyB_86,MediumRisk
C-124187 PartyA_11 PartyB_66,MediumRisk
C-104088 PartyA_185 PartyB_242,MediumRisk
C-118351 PartyA_31 PartyB_96,LowRisk
C-121141 PartyA_278 PartyB_92,MediumRisk
C-124241 PartyA_116 PartyB_27,MediumRisk
C-114949 PartyA_148 PartyB_68,MediumRisk
C-104249 PartyA_277 PartyB_89,MediumRisk
C-116807 PartyA_163 PartyB_60,MediumRisk
C-124096 PartyA_44 PartyB_135,MediumRisk
C-110096 PartyA_161 PartyB_245,MediumRisk
C-124387 PartyA_151 PartyB_5,MediumRisk
C-112109 PartyA_91 PartyB_153,HighRisk
C-106142 PartyA_15 PartyB_261,MediumRisk
C-105661 PartyA_278 PartyB_168,MediumRisk
C-113970 PartyA_271 PartyB_196,MediumRisk
C-115037 PartyA_212 PartyB_150,MediumRisk
C-109031 PartyA_267 PartyB_4,HighRisk
C-120980 PartyA_248 PartyB_120,MediumRisk
C-102659 PartyA_89 PartyB_218,MediumRisk
C-100141 PartyA_171 PartyB_42,HighRisk
C-102597 PartyA_72 PartyB_164,MediumRisk
C-106701 PartyA_129 PartyB_261,MediumRisk
C-115223 PartyA_45 PartyB_260,MediumRisk
C-117761 PartyA_44 PartyB_143,MediumRisk
C-120058 PartyA_192 PartyB_213,MediumRisk
C-124874 PartyA_248 PartyB_238,MediumRisk
C-107418 PartyA_68 PartyB_145,MediumRisk
C-121125 PartyA_217 PartyB_292,HighRisk
C-117522 PartyA_73 PartyB_67,HighRisk
C-110449 PartyA_21 PartyB_232,MediumRisk
C-118171 PartyA_202 PartyB_120,HighRisk
C-112130 PartyA_220 PartyB_174,HighRisk
C-122452 PartyA_197 PartyB_59,MediumRisk
C-121030 PartyA_75 PartyB_36,MediumRisk
C-116843 PartyA_62 PartyB_52,HighRisk
C-116013 PartyA_183 PartyB_293,MediumRisk
C-108179 PartyA_169 PartyB_34,HighRisk
C-111565 PartyA_12 PartyB_147,MediumRisk
C-117332 PartyA_27 PartyB_140,HighRisk
C-109528 PartyA_187 PartyB_85,MediumRisk
C-106370 PartyA_64 PartyB_252,MediumRisk
C-104628 PartyA_72 PartyB_109,MediumRisk
C-114478 PartyA_169 PartyB_62,MediumRisk
C-100441 PartyA_210 PartyB_186,MediumRisk
C-109794 PartyA_76 PartyB_226,MediumRisk
C-109046 PartyA_18 PartyB_264,MediumRisk
C-103830 PartyA_299 PartyB_169,MediumRisk
C-124257 PartyA_188 PartyB_76,MediumRisk
C-123814 PartyA_235 PartyB_116,HighRisk
C-106344 PartyA_237 PartyB_49,HighRisk
C-122805 PartyA_286 PartyB_50,LowRisk
C-101958 PartyA_219 PartyB_252,HighRisk
C-100155 PartyA_124 PartyB_293,MediumRisk
C-110487 PartyA_88 PartyB_171,MediumRisk
C-123106 PartyA_148 PartyB_81,HighRisk
C-104578 PartyA_28 PartyB_145,MediumRisk
C-101089 PartyA_289 PartyB_174,MediumRisk
C-112576 PartyA_36 PartyB_224,MediumRisk
C-109122 PartyA_86 PartyB_283,MediumRisk
C-107950 PartyA_23 PartyB_12,MediumRisk
C-111101 PartyA_201 PartyB_228,HighRisk
C-118058 PartyA_21 PartyB_255,MediumRisk
C-122917 PartyA_6 PartyB_253,HighRisk
C-106416 PartyA_258 PartyB_242,MediumRisk
C-116021 PartyA_32 PartyB_12,MediumRisk
C-109087 PartyA_244 PartyB_210,HighRisk
C-111439 PartyA_151 PartyB_265,MediumRisk
C-118710 PartyA_74 PartyB_7,MediumRisk
C-107096 PartyA_94 PartyB_115,HighRisk
C-101098 PartyA_193 PartyB_37,MediumRisk
C-105433 PartyA_88 PartyB_214,MediumRisk
C-113230 PartyA_275 PartyB_236,MediumRisk
C-106450 PartyA_233 PartyB_11,MediumRisk
C-112328 PartyA_17 PartyB_211,LowRisk
C-110785 PartyA_296 PartyB_176,MediumRisk
C-118099 PartyA_287 PartyB_60,MediumRisk
C-120215 PartyA_100 PartyB_17,MediumRisk
C-103348 PartyA_243 PartyB_10,MediumRisk
C-104079 PartyA_98 PartyB_24,MediumRisk
C-109177 PartyA_264 PartyB_270,HighRisk
C-124198 PartyA_202 PartyB_87,MediumRisk
C-100587 PartyA_149 PartyB_86,MediumRisk
C-109346 PartyA_191 PartyB_278,HighRisk
C-113269 PartyA_116 PartyB_144,MediumRisk
C-113537 PartyA_166 PartyB_276,MediumRisk
C-122264 PartyA_105 PartyB_266,HighRisk
C-110964 PartyA_8 PartyB_207,MediumRisk
C-124412 PartyA_284 PartyB_171,MediumRisk
C-113675 PartyA_136 PartyB_299,MediumRisk
C-119374 PartyA_96 PartyB_60,HighRisk
C-121953 PartyA_60 PartyB_149,MediumRisk
C-116299 PartyA_57 PartyB_265,MediumRisk
C-100645 PartyA_117 PartyB_248,MediumRisk
C-111749 PartyA_252 PartyB_220,MediumRisk
C-109587 PartyA_22 PartyB_130,MediumRisk
C-116648 PartyA_151 PartyB_107,LowRisk
C-111739 PartyA_105 PartyB_190,MediumRisk
C-115036 PartyA_41 PartyB_267,HighRisk
C-100226 PartyA_123 PartyB_283,HighRisk
C-103864 PartyA_85 PartyB_269,MediumRisk
C-110592 PartyA_3 PartyB_202,HighRisk
C-123329 PartyA_180 PartyB_221,MediumRisk
C-124759 PartyA_179 PartyB_200,MediumRisk
C-116154 PartyA_71 PartyB_151,MediumRisk
C-120095 PartyA_84 PartyB_217,MediumRisk
C-108438 PartyA_36 PartyB_184,MediumRisk
C-101529 PartyA_126 PartyB_116,HighRisk
C-124456 PartyA_80 PartyB_222,HighRisk
C-100923 PartyA_133 PartyB_5,HighRisk
C-122221 PartyA_75 PartyB_291,MediumRisk
C-120748 PartyA_156 PartyB_239,MediumRisk
C-117053 PartyA_113 PartyB_91,LowRisk
C-119988 PartyA_87 PartyB_97,MediumRisk
C-121492 PartyA_145 PartyB_69,MediumRisk
C-110102 PartyA_119 PartyB_209,HighRisk
C-121632 PartyA_234 PartyB_169,MediumRisk
C-107183 PartyA_225 PartyB_151,MediumRisk
C-112150 PartyA_32 PartyB_137,LowRisk
C-123652 PartyA_35 PartyB_219,MediumRisk
C-102591 PartyA_205 PartyB_73,MediumRisk
C-105906 PartyA_26 PartyB_149,MediumRisk
C-111205 PartyA_72 PartyB_186,MediumRisk
C-107133 PartyA_292 PartyB_258,MediumRisk
C-102307 PartyA_132 PartyB_96,MediumRisk
C-120074 PartyA_165 PartyB_191,LowRisk
C-117071 PartyA_167 PartyB_269,HighRisk
C-114203 PartyA_259 PartyB_277,LowRisk
C-100612 PartyA_24 PartyB_125,LowRisk
C-121494 PartyA_261 PartyB_175,HighRisk
C-119584 PartyA_179 PartyB_234,HighRisk
C-111168 PartyA_130 PartyB_39,HighRisk
C-106629 PartyA_162 PartyB_245,MediumRisk
C-104135 PartyA_100 PartyB_6,MediumRisk
C-101898 PartyA_91 PartyB_283,MediumRisk
C-113937 PartyA_290 PartyB_241,MediumRisk
C-100282 PartyA_220 PartyB_47,MediumRisk
C-100258 PartyA_179 PartyB_160,HighRisk
C-111116 PartyA_289 PartyB_40,HighRisk
C-124298 PartyA_193 PartyB_81,MediumRisk
C-104943 PartyA_54 PartyB_135,MediumRisk
C-119206 PartyA_180 PartyB_148,MediumRisk
C-114721 PartyA_198 PartyB_297,HighRisk
C-111531 PartyA_35 PartyB_71,MediumRisk
C-119909 PartyA_156 PartyB_241,MediumRisk
C-106971 PartyA_138 PartyB_123,MediumRisk
C-114889 PartyA_154 PartyB_51,MediumRisk
C-113521 PartyA_166 PartyB_216,HighRisk
C-105223 PartyA_21 PartyB_171,HighRisk
C-102285 PartyA_81 PartyB_16,MediumRisk
C-108078 PartyA_127 PartyB_221,MediumRisk
C-121038 PartyA_124 PartyB_66,MediumRisk
C-121384 PartyA_256 PartyB_295,MediumRisk
C-106710 PartyA_1 PartyB_142,MediumRisk
C-124170 PartyA_215 PartyB_4,MediumRisk
C-110403 PartyA_208 PartyB_163,MediumRisk
C-121800 PartyA_217 PartyB_84,MediumRisk
C-100475 PartyA_178 PartyB_247,HighRisk
C-118939 PartyA_136 PartyB_27,HighRisk
C-116391 PartyA_140 PartyB_192,MediumRisk
C-106411 PartyA_180 PartyB_214,MediumRisk
C-102551 PartyA_220 PartyB_216,MediumRisk
C-106852 PartyA_159 PartyB_133,MediumRisk
C-105546 PartyA_175 PartyB_215,MediumRisk
C-113489 PartyA_285 PartyB_246,MediumRisk
C-118810 PartyA_34 PartyB_107,HighRisk
C-122563 PartyA_209 PartyB_167,HighRisk
C-124869 PartyA_250 PartyB_25,MediumRisk
C-118658 PartyA_38 PartyB_86,MediumRisk
C-109203 PartyA_146 PartyB_186,HighRisk
C-117961 PartyA_38 PartyB_60,MediumRisk
C-110183 PartyA_249 PartyB_229,LowRisk
C-120354 PartyA_103 PartyB_106,MediumRisk
C-113565 PartyA_247 PartyB_86,MediumRisk
C-116280 PartyA_58 PartyB_299,HighRisk
C-122974 PartyA_127 PartyB_53,MediumRisk
C-121360 PartyA_239 PartyB_277,MediumRisk
C-107193 PartyA_170 PartyB_228,MediumRisk
C-120251 PartyA_119 PartyB_9,MediumRisk
C-118489 PartyA_219 PartyB_100,LowRisk
C-106823 PartyA_142 PartyB_179,HighRisk
C-124072 PartyA_52 PartyB_176,HighRisk
C-100781 PartyA_174 PartyB_277,MediumRisk
C-114939 PartyA_30 PartyB_295,MediumRisk
C-118133 PartyA_42 PartyB_155,MediumRisk
C-110983 PartyA_50 PartyB_33,HighRisk
C-106519 PartyA_134 PartyB_140,LowRisk
C-105774 PartyA_210 PartyB_148,HighRisk
C-113171 PartyA_29 PartyB_38,MediumRisk
C-109283 PartyA_55 PartyB_268,MediumRisk
C-109369 PartyA_253 PartyB_102,MediumRisk
C-123945 PartyA_129 PartyB_141,MediumRisk
C-118708 PartyA_265 PartyB_192,HighRisk
C-110271 PartyA_75 PartyB_48,MediumRisk
C-105055 PartyA_221 PartyB_110,HighRisk
C-110800 PartyA_250 PartyB_33,LowRisk
C-123765 PartyA_139 PartyB_131,MediumRisk
C-101727 PartyA_238 PartyB_253,MediumRisk
C-116994 PartyA_62 PartyB_233,HighRisk
C-116009 PartyA_171 PartyB_146,MediumRisk
C-104666 PartyA_249 PartyB_213,MediumRisk
C-121797 PartyA_140 PartyB_215,MediumRisk
C-108535 PartyA_40 PartyB_48,HighRisk
C-103750 PartyA_218 PartyB_100,MediumRisk
C-112924 PartyA_153 PartyB_248,MediumRisk
C-112722 PartyA_163 PartyB_3,MediumRisk
C-111407 PartyA_36 PartyB_122,MediumRisk
C-100097 PartyA_197 PartyB_248,HighRisk
C-103137 PartyA_265 PartyB_14,HighRisk
C-113368 PartyA_198 PartyB_124,MediumRisk
C-114357 PartyA_211 PartyB_184,MediumRisk
C-117921 PartyA_86 PartyB_3,LowRisk
C-113140 PartyA_3 PartyB_190,MediumRisk
C-115177 PartyA_211 PartyB_122,MediumRisk
C-103648 PartyA_73 PartyB_86,MediumRisk
C-110849 PartyA_46 PartyB_57,MediumRisk
C-122222 PartyA_99 PartyB_281,HighRisk
C-117901 PartyA_220 PartyB_253,MediumRisk
C-101633 PartyA_270 PartyB_239,LowRisk
C-121008 PartyA_198 PartyB_123,HighRisk
C-112464 PartyA_102 PartyB_21,LowRisk
C-111861 PartyA_292 PartyB_204,LowRisk
C-124676 PartyA_218 PartyB_131,MediumRisk
C-118474 PartyA_141 PartyB_274,MediumRisk
C-106171 PartyA_146 PartyB_101,MediumRisk
C-107521 PartyA_97 PartyB_18,LowRisk
C-100572 PartyA_221 PartyB_223,HighRisk
C-109879 PartyA_61 PartyB_27,MediumRisk
C-123842 PartyA_241 PartyB_289,MediumRisk
C-119446 PartyA_93 PartyB_225,MediumRisk
C-100597 PartyA_35 PartyB_7,MediumRisk
C-115352 PartyA_19 PartyB_290,MediumRisk
C-107345 PartyA_220 PartyB_103,HighRisk
C-106304 PartyA_118 PartyB_260,MediumRisk
C-124315 PartyA_73 PartyB_112,MediumRisk
C-116376 PartyA_298 PartyB_279,HighRisk
C-122635 PartyA_139 PartyB_230,MediumRisk
C-118322 PartyA_47 PartyB_165,MediumRisk
C-101753 PartyA_191 PartyB_146,MediumRisk
C-120054 PartyA_200 PartyB_222,MediumRisk
C-118745 PartyA_137 PartyB_179,MediumRisk
C-120644 PartyA_122 PartyB_20,LowRisk
C-105432 PartyA_100 PartyB_3,MediumRisk
C-113183 PartyA_98 PartyB_269,HighRisk
C-122260 PartyA_223 PartyB_237,MediumRisk
C-124340 PartyA_64 PartyB_144,LowRisk
C-111929 PartyA_192 PartyB_25,MediumRisk
C-122198 PartyA_67 PartyB_109,MediumRisk
C-123156 PartyA_231 PartyB_202,MediumRisk
C-109135 PartyA_128 PartyB_286,HighRisk
C-123478 PartyA_241 PartyB_252,MediumRisk
C-121975 PartyA_183 PartyB_113,HighRisk
C-101171 PartyA_19 PartyB_165,HighRisk
C-115562 PartyA_170 PartyB_64,MediumRisk
C-107927 PartyA_185 PartyB_39,MediumRisk
C-124091 PartyA_148 PartyB_297,MediumRisk
C-123641 PartyA_268 PartyB_220,LowRisk
C-124450 PartyA_247 PartyB_76,MediumRisk
C-122524 PartyA_27 PartyB_4,MediumRisk
C-114531 PartyA_2 PartyB_93,MediumRisk
C-115892 PartyA_77 PartyB_149,MediumRisk
C-123956 PartyA_187 PartyB_296,HighRisk
C-117258 PartyA_252 PartyB_260,MediumRisk
C-118681 PartyA_238 PartyB_77,HighRisk
C-124141 PartyA_188 PartyB_72,MediumRisk
C-102643 PartyA_214 PartyB_254,HighRisk
C-105347 PartyA_209 PartyB_286,MediumRisk
C-109032 PartyA_47 PartyB_272,MediumRisk
C-122059 PartyA_84 PartyB_156,MediumRisk
C-116965 PartyA_161 PartyB_205,MediumRisk
C-100204 PartyA_45 PartyB_206,MediumRisk
C-107896 PartyA_89 PartyB_98,MediumRisk
C-109833 PartyA_294 PartyB_152,MediumRisk
C-102014 PartyA_120 PartyB_224,MediumRisk
C-117289 PartyA_66 PartyB_283,HighRisk
C-117015 PartyA_210 PartyB_251,MediumRisk
C-108461 PartyA_211 PartyB_279,HighRisk
C-119675 PartyA_285 PartyB_78,HighRisk
C-101974 PartyA_169 PartyB_257,MediumRisk
C-100162 PartyA_280 PartyB_151,HighRisk
C-104998 PartyA_168 PartyB_52,MediumRisk
C-122735 PartyA_81 PartyB_21,MediumRisk
C-109557 PartyA_37 PartyB_111,MediumRisk
C-104713 PartyA_236 PartyB_151,LowRisk
C-109067 PartyA_185 PartyB_267,MediumRisk
C-101431 PartyA_280 PartyB_32,MediumRisk
C-115261 PartyA_4 PartyB_116,HighRisk
C-112835 PartyA_29 PartyB_170,HighRisk
C-113975 PartyA_212 PartyB_121,MediumRisk
C-123921 PartyA_63 PartyB_261,MediumRisk
C-107710 PartyA_251 PartyB_23,MediumRisk
C-107736 PartyA_130 PartyB_205,MediumRisk
C-104283 PartyA_257 PartyB_213,MediumRisk
C-107531 PartyA_221 PartyB_191,MediumRisk
C-114139 PartyA_154 PartyB_165,MediumRisk
C-117069 PartyA_181 PartyB_66,MediumRisk
C-113493 PartyA_148 PartyB_138,HighRisk
C-110053 PartyA_211 PartyB_243,MediumRisk
C-110851 PartyA_24 PartyB_63,HighRisk
C-103384 PartyA_278 PartyB_62,MediumRisk
C-102839 PartyA_275 PartyB_188,HighRisk
C-122576 PartyA_119 PartyB_255,LowRisk
C-122855 PartyA_168 PartyB_277,HighRisk
C-115078 PartyA_272 PartyB_51,MediumRisk
C-119715 PartyA_150 PartyB_236,MediumRisk
C-115941 PartyA_77 PartyB_5,MediumRisk
C-110595 PartyA_96 PartyB_195,MediumRisk
C-115433 PartyA_208 PartyB_201,MediumRisk
C-102096 PartyA_202 PartyB_22,MediumRisk
C-110195 PartyA_299 PartyB_20,MediumRisk
C-107999 PartyA_166 PartyB_291,MediumRisk
C-123278 PartyA_190 PartyB_197,MediumRisk
C-105017 PartyA_165 PartyB_83,MediumRisk
C-117833 PartyA_251 PartyB_189,MediumRisk
C-118994 PartyA_223 PartyB_184,MediumRisk
C-118284 PartyA_259 PartyB_131,MediumRisk
C-120304 PartyA_8 PartyB_172,LowRisk
C-102757 PartyA_71 PartyB_182,MediumRisk
C-106397 PartyA_63 PartyB_192,HighRisk
C-110077 PartyA_4 PartyB_218,HighRisk
C-113930 PartyA_49 PartyB_262,MediumRisk
C-123312 PartyA_76 PartyB_50,MediumRisk
C-114082 PartyA_289 PartyB_163,MediumRisk
C-102097 PartyA_82 PartyB_279,MediumRisk
C-108329 PartyA_50 PartyB_297,MediumRisk
C-122008 PartyA_162 PartyB_164,MediumRisk
C-109028 PartyA_132 PartyB_187,HighRisk
C-103471 PartyA_293 PartyB_104,MediumRisk
C-112889 PartyA_99 PartyB_204,MediumRisk
C-114472 PartyA_241 PartyB_114,MediumRisk
C-116230 PartyA_232 PartyB_129,MediumRisk
C-118555 PartyA_7 PartyB_237,MediumRisk
C-118509 PartyA_220 PartyB_225,MediumRisk
C-101733 PartyA_264 PartyB_183,MediumRisk
C-118394 PartyA_163 PartyB_64,MediumRisk
C-124745 PartyA_18 PartyB_267,MediumRisk
C-101283 PartyA_35 PartyB_39,MediumRisk
C-112485 PartyA_190 PartyB_271,MediumRisk
C-112448 PartyA_183 PartyB_21,MediumRisk
C-110028 PartyA_76 PartyB_220,MediumRisk
C-121621 PartyA_135 PartyB_140,MediumRisk
C-101019 PartyA_207 PartyB_163,HighRisk
C-116184 PartyA_187 PartyB_286,HighRisk
C-123062 PartyA_268 PartyB_260,MediumRisk
C-109518 PartyA_19 PartyB_206,MediumRisk
C-119194 PartyA_49 PartyB_50,MediumRisk
C-117520 PartyA_117 PartyB_115,HighRisk
C-101651 PartyA_232 PartyB_131,HighRisk
C-100830 PartyA_69 PartyB_44,MediumRisk
C-101169 PartyA_49 PartyB_288,MediumRisk
C-110720 PartyA_300 PartyB_289,HighRisk
C-106256 PartyA_152 PartyB_253,MediumRisk
C-105469 PartyA_23 PartyB_110,HighRisk
C-116044 PartyA_85 PartyB_96,MediumRisk
C-110258 PartyA_30 PartyB_117,HighRisk
C-116063 PartyA_220 PartyB_160,HighRisk
C-117251 PartyA_260 PartyB_194,MediumRisk
C-111166 PartyA_66 PartyB_24,MediumRisk
C-124288 PartyA_168 PartyB_262,MediumRisk
C-105093 PartyA_123 PartyB_163,LowRisk
C-121817 PartyA_82 PartyB_59,MediumRisk
C-100541 PartyA_68 PartyB_104,MediumRisk
C-109324 PartyA_13 PartyB_244,MediumRisk
C-117047 PartyA_43 PartyB_223,MediumRisk
C-112693 PartyA_134 PartyB_113,MediumRisk
C-124182 PartyA_267 PartyB_118,HighRisk
C-103390 PartyA_67 PartyB_246,MediumRisk
C-112080 PartyA_127 PartyB_157,MediumRisk
C-111154 PartyA_8 PartyB_57,LowRisk
C-114226 PartyA_36 PartyB_149,HighRisk
C-116977 PartyA_54 PartyB_78,MediumRisk
C-116029 PartyA_77 PartyB_160,HighRisk
C-124920 PartyA_120 PartyB_198,MediumRisk
C-110775 PartyA_293 PartyB_129,MediumRisk
C-111005 PartyA_271 PartyB_239,MediumRisk
C-103959 PartyA_202 PartyB_34,HighRisk
C-106643 PartyA_187 PartyB_253,MediumRisk
C-120815 PartyA_14 PartyB_169,MediumRisk
C-116100 PartyA_154 PartyB_86,HighRisk
C-116087 PartyA_271 PartyB_280,MediumRisk
C-103586 PartyA_185 PartyB_133,HighRisk
C-122507 PartyA_83 PartyB_153,MediumRisk
C-102563 PartyA_161 PartyB_198,MediumRisk
C-110822 PartyA_81 PartyB_164,HighRisk
C-122296 PartyA_84 PartyB_172,MediumRisk
C-105036 PartyA_28 PartyB_287,HighRisk
C-101080 PartyA_105 PartyB_265,MediumRisk
C-105891 PartyA_269 PartyB_97,MediumRisk
C-114537 PartyA_243 PartyB_29,MediumRisk
C-121350 PartyA_208 PartyB_51,MediumRisk
C-102023 PartyA_75 PartyB_92,MediumRisk
C-113109 PartyA_167 PartyB_107,HighRisk
C-123722 PartyA_176 PartyB_128,MediumRisk
C-107909 PartyA_22 PartyB_113,HighRisk
C-123385 PartyA_179 PartyB_21,MediumRisk
C-116610 PartyA_3 PartyB_61,MediumRisk
C-101013 PartyA_54 PartyB_46,HighRisk
C-114871 PartyA_31 PartyB_63,MediumRisk
C-118313 PartyA_174 PartyB_19,HighRisk
C-109235 PartyA_46 PartyB_151,MediumRisk
C-105251 PartyA_28 PartyB_109,HighRisk
C-109596 PartyA_126 PartyB_175,MediumRisk
C-102179 PartyA_225 PartyB_175,HighRisk
C-117081 PartyA_129 PartyB_133,HighRisk
C-117508 PartyA_232 PartyB_202,HighRisk
C-112087 PartyA_188 PartyB_194,LowRisk
C-121573 PartyA_196 PartyB_202,HighRisk
C-105110 PartyA_110 PartyB_250,HighRisk
C-101778 PartyA_154 PartyB_207,LowRisk
C-122387 PartyA_200 PartyB_170,MediumRisk
C-119018 PartyA_94 PartyB_212,HighRisk
C-115379 PartyA_219 PartyB_97,LowRisk
C-107604 PartyA_291 PartyB_68,MediumRisk
C-119873 PartyA_45 PartyB_28,MediumRisk
C-113944 PartyA_243 PartyB_226,MediumRisk
C-117421 PartyA_44 PartyB_92,MediumRisk
C-122637 PartyA_238 PartyB_269,MediumRisk
C-124928 PartyA_189 PartyB_174,HighRisk
C-119033 PartyA_110 PartyB_72,HighRisk
C-110473 PartyA_103 PartyB_253,HighRisk
C-114933 PartyA_96 PartyB_267,MediumRisk
C-119363 PartyA_284 PartyB_104,MediumRisk
C-118931 PartyA_234 PartyB_53,HighRisk
C-105132 PartyA_258 PartyB_39,MediumRisk
C-102159 PartyA_113 PartyB_154,MediumRisk
C-111329 PartyA_186 PartyB_166,MediumRisk
C-114042 PartyA_300 PartyB_66,MediumRisk
C-114566 PartyA_188 PartyB_40,HighRisk
C-106445 PartyA_264 PartyB_117,MediumRisk
C-103967 PartyA_89 PartyB_163,MediumRisk
C-101428 PartyA_166 PartyB_203,HighRisk
C-103081 PartyA_232 PartyB_22,MediumRisk
C-102520 PartyA_127 PartyB_178,MediumRisk
C-111754 PartyA_62 PartyB_136,MediumRisk
C-110047 PartyA_209 PartyB_42,MediumRisk
C-123263 PartyA_260 PartyB_137,HighRisk
C-122626 PartyA_93 PartyB_149,MediumRisk
C-106019 PartyA_5 PartyB_273,HighRisk
C-116832 PartyA_215 PartyB_104,LowRisk
C-116898 PartyA_269 PartyB_99,MediumRisk
C-103727 PartyA_107 PartyB_12,MediumRisk
C-108553 PartyA_231 PartyB_18,MediumRisk
C-123662 PartyA_174 PartyB_29,MediumRisk
C-109496 PartyA_10 PartyB_287,MediumRisk
C-106251 PartyA_264 PartyB_97,HighRisk
C-105926 PartyA_211 PartyB_131,MediumRisk
C-118844 PartyA_25 PartyB_64,LowRisk
C-116406 PartyA_134 PartyB_233,HighRisk
C-118450 PartyA_254 PartyB_103,MediumRisk
C-118037 PartyA_11 PartyB_56,HighRisk
C-108894 PartyA_284 PartyB_132,HighRisk
C-108706 PartyA_287 PartyB_279,MediumRisk
C-101376 PartyA_231 PartyB_122,MediumRisk
C-101724 PartyA_15 PartyB_167,HighRisk
C-103754 PartyA_151 PartyB_291,MediumRisk
C-110517 PartyA_276 PartyB_220,HighRisk
C-120567 PartyA_230 PartyB_165,HighRisk
C-124810 PartyA_248 PartyB_98,MediumRisk
C-104082 PartyA_2 PartyB_219,HighRisk
C-111870 PartyA_74 PartyB_44,MediumRisk
C-123016 PartyA_28 PartyB_192,MediumRisk
C-120942 PartyA_258 PartyB_89,MediumRisk
C-112500 PartyA_54 PartyB_22,HighRisk
C-113057 PartyA_207 PartyB_104,HighRisk
C-119921 PartyA_115 PartyB_256,HighRisk
C-116140 PartyA_38 PartyB_11,HighRisk
C-110773 PartyA_295 PartyB_179,HighRisk
C-120714 PartyA_35 PartyB_91,MediumRisk
C-109951 PartyA_218 PartyB_219,HighRisk
C-114571 PartyA_219 PartyB_157,HighRisk
C-117030 PartyA_221 PartyB_14,HighRisk
C-124625 PartyA_121 PartyB_145,HighRisk
C-114215 PartyA_25 PartyB_245,HighRisk
C-115997 PartyA_65 PartyB_293,HighRisk
C-107165 PartyA_90 PartyB_292,HighRisk
C-122396 PartyA_163 PartyB_61,HighRisk
C-111182 PartyA_50 PartyB_261,HighRisk
C-124273 PartyA_172 PartyB_272,HighRisk
C-104875 PartyA_68 PartyB_212,HighRisk
C-110736 PartyA_271 PartyB_157,HighRisk
C-123209 PartyA_275 PartyB_40,MediumRisk
C-115990 PartyA_280 PartyB_92,MediumRisk
C-121725 PartyA_170 PartyB_112,MediumRisk
C-112258 PartyA_121 PartyB_141,MediumRisk
C-118544 PartyA_35 PartyB_280,MediumRisk
C-100685 PartyA_255 PartyB_252,MediumRisk
C-111435 PartyA_89 PartyB_26,HighRisk
C-123027 PartyA_42 PartyB_186,MediumRisk
C-114291 PartyA_185 PartyB_250,MediumRisk
C-102461 PartyA_88 PartyB_54,MediumRisk
C-112275 PartyA_291 PartyB_222,MediumRisk
C-111889 PartyA_1 PartyB_146,MediumRisk
C-107128 PartyA_29 PartyB_112,MediumRisk
C-116377 PartyA_110 PartyB_13,MediumRisk
C-121325 PartyA_276 PartyB_256,MediumRisk
C-105946 PartyA_50 PartyB_174,MediumRisk
C-104583 PartyA_241 PartyB_184,MediumRisk
C-122168 PartyA_282 PartyB_18,HighRisk
C-112232 PartyA_101 PartyB_212,MediumRisk
C-113070 PartyA_225 PartyB_227,MediumRisk
C-116905 PartyA_46 PartyB_98,HighRisk
C-123653 PartyA_30 PartyB_95,HighRisk
C-103983 PartyA_41 PartyB_133,HighRisk
C-114686 PartyA_56 PartyB_125,MediumRisk
C-106303 PartyA_19 PartyB_84,MediumRisk
C-109908 PartyA_69 PartyB_287,HighRisk
C-100780 PartyA_231 PartyB_230,MediumRisk
C-117153 PartyA_249 PartyB_174,MediumRisk
C-121991 PartyA_92 PartyB_89,MediumRisk
C-105978 PartyA_231 PartyB_269,HighRisk
C-120131 PartyA_240 PartyB_87,MediumRisk
C-102196 PartyA_260 PartyB_51,MediumRisk
C-114089 PartyA_62 PartyB_181,MediumRisk
C-124859 PartyA_117 PartyB_224,HighRisk
C-120669 PartyA_160 PartyB_47,MediumRisk
C-122906 PartyA_198 PartyB_163,MediumRisk
C-109832 PartyA_97 PartyB_237,LowRisk
C-106979 PartyA_183 PartyB_269,MediumRisk
C-118211 PartyA_188 PartyB_230,MediumRisk
C-111824 PartyA_113 PartyB_251,HighRisk
C-119393 PartyA_60 PartyB_221,MediumRisk
C-102376 PartyA_258 PartyB_156,HighRisk
C-120223 PartyA_128 PartyB_268,MediumRisk
C-117630 PartyA_93 PartyB_31,MediumRisk
C-111483 PartyA_170 PartyB_146,HighRisk
C-106511 PartyA_40 PartyB_64,MediumRisk
C-113279 PartyA_92 PartyB_289,MediumRisk
C-124786 PartyA_187 PartyB_239,MediumRisk
C-114473 PartyA_9 PartyB_294,MediumRisk
C-105439 PartyA_37 PartyB_41,LowRisk
C-110759 PartyA_2 PartyB_288,MediumRisk
C-106493 PartyA_35 PartyB_224,MediumRisk
C-108964 PartyA_285 PartyB_75,MediumRisk
C-105510 PartyA_247 PartyB_188,MediumRisk
C-105330 PartyA_69 PartyB_121,MediumRisk
C-122580 PartyA_81 PartyB_79,MediumRisk
C-104531 PartyA_102 PartyB_288,HighRisk
C-109866 PartyA_141 PartyB_10,HighRisk
C-115587 PartyA_214 PartyB_243,MediumRisk
C-116749 PartyA_161 PartyB_226,MediumRisk
C-110142 PartyA_278 PartyB_186,MediumRisk
C-112089 PartyA_65 PartyB_194,HighRisk
C-116531 PartyA_277 PartyB_20,MediumRisk
C-118052 PartyA_268 PartyB_52,MediumRisk
C-111280 PartyA_286 PartyB_270,HighRisk
C-123542 PartyA_24 PartyB_162,HighRisk
C-107788 PartyA_230 PartyB_203,MediumRisk
C-103456 PartyA_219 PartyB_297,HighRisk
C-119655 PartyA_193 PartyB_169,HighRisk
C-104940 PartyA_53 PartyB_265,HighRisk
C-109223 PartyA_228 PartyB_197,HighRisk
C-123612 PartyA_24 PartyB_25,MediumRisk
C-114916 PartyA_15 PartyB_208,MediumRisk
C-120310 PartyA_98 PartyB_88,HighRisk
C-107099 PartyA_1 PartyB_259,HighRisk
C-108080 PartyA_115 PartyB_12,LowRisk
C-116462 PartyA_116 PartyB_181,MediumRisk
C-118631 PartyA_44 PartyB_222,HighRisk
C-124939 PartyA_235 PartyB_107,HighRisk
C-122784 PartyA_106 PartyB_286,HighRisk
C-118663 PartyA_28 PartyB_17,MediumRisk
C-120281 PartyA_64 PartyB_257,HighRisk
C-109312 PartyA_287 PartyB_61,MediumRisk
C-106172 PartyA_239 PartyB_281,MediumRisk
C-103631 PartyA_171 PartyB_252,MediumRisk
C-116955 PartyA_226 PartyB_133,MediumRisk
C-106272 PartyA_153 PartyB_30,MediumRisk
C-100392 PartyA_64 PartyB_231,MediumRisk
C-103191 PartyA_233 PartyB_178,MediumRisk
C-100016 PartyA_174 PartyB_11,MediumRisk
C-120584 PartyA_160 PartyB_169,MediumRisk
C-119056 PartyA_78 PartyB_8,HighRisk
C-124438 PartyA_255 PartyB_147,HighRisk
C-119877 PartyA_18 PartyB_176,LowRisk
C-123102 PartyA_166 PartyB_94,LowRisk
C-107394 PartyA_215 PartyB_68,LowRisk
C-121223 PartyA_75 PartyB_137,MediumRisk
C-100593 PartyA_244 PartyB_155,LowRisk
C-104719 PartyA_32 PartyB_72,MediumRisk
C-105827 PartyA_65 PartyB_3,MediumRisk
C-110749 PartyA_136 PartyB_43,LowRisk
C-122271 PartyA_241 PartyB_135,LowRisk
C-118739 PartyA_226 PartyB_66,MediumRisk
C-122420 PartyA_144 PartyB_126,MediumRisk
C-104798 PartyA_29 PartyB_288,HighRisk
C-110634 PartyA_137 PartyB_189,MediumRisk
C-104795 PartyA_97 PartyB_10,MediumRisk
C-120976 PartyA_18 PartyB_240,MediumRisk
C-111234 PartyA_178 PartyB_176,MediumRisk
C-108656 PartyA_275 PartyB_3,LowRisk
C-100163 PartyA_86 PartyB_228,MediumRisk
C-100671 PartyA_23 PartyB_34,MediumRisk
C-124308 PartyA_153 PartyB_43,HighRisk
C-114308 PartyA_4 PartyB_273,MediumRisk
C-124729 PartyA_89 PartyB_75,HighRisk
C-116052 PartyA_294 PartyB_197,MediumRisk
C-114828 PartyA_174 PartyB_284,MediumRisk
C-105542 PartyA_106 PartyB_91,MediumRisk
C-122391 PartyA_282 PartyB_220,HighRisk
C-107993 PartyA_280 PartyB_207,MediumRisk
C-110900 PartyA_58 PartyB_281,LowRisk
C-107758 PartyA_186 PartyB_248,HighRisk
C-104837 PartyA_24 PartyB_103,HighRisk
C-118677 PartyA_64 PartyB_157,MediumRisk
C-106548 PartyA_126 PartyB_232,MediumRisk
C-104481 PartyA_114 PartyB_52,HighRisk
C-103716 PartyA_298 PartyB_41,MediumRisk
C-110837 PartyA_161 PartyB_118,MediumRisk
C-106140 PartyA_35 PartyB_156,MediumRisk
C-109956 PartyA_153 PartyB_190,HighRisk
C-101549 PartyA_173 PartyB_2,MediumRisk
C-114818 PartyA_277 PartyB_256,MediumRisk
C-118428 PartyA_243 PartyB_7,HighRisk
C-100767 PartyA_110 PartyB_48,MediumRisk
C-105693 PartyA_11 PartyB_172,MediumRisk
C-109700 PartyA_33 PartyB_128,MediumRisk
C-124891 PartyA_206 PartyB_242,LowRisk
C-119686 PartyA_9 PartyB_193,HighRisk
C-104517 PartyA_4 PartyB_82,MediumRisk
C-112411 PartyA_159 PartyB_79,MediumRisk
C-123848 PartyA_107 PartyB_298,MediumRisk
C-122508 PartyA_290 PartyB_87,MediumRisk
C-103292 PartyA_43 PartyB_79,MediumRisk
C-109011 PartyA_151 PartyB_125,MediumRisk
C-101403 PartyA_95 PartyB_260,HighRisk
C-101382 PartyA_278 PartyB_232,MediumRisk
C-110340 PartyA_18 PartyB_132,MediumRisk
C-122055 PartyA_238 PartyB_78,HighRisk
C-101638 PartyA_213 PartyB_2,MediumRisk
C-114083 PartyA_207 PartyB_47,HighRisk
C-108800 PartyA_172 PartyB_72,HighRisk
C-106406 PartyA_175 PartyB_267,HighRisk
C-109074 PartyA_59 PartyB_291,MediumRisk
C-117563 PartyA_147 PartyB_58,LowRisk
C-105448 PartyA_112 PartyB_300,HighRisk
C-112168 PartyA_47 PartyB_5,HighRisk
C-105078 PartyA_139 PartyB_292,MediumRisk
C-121559 PartyA_68 PartyB_64,MediumRisk
C-113564 PartyA_6 PartyB_205,MediumRisk
C-117073 PartyA_35 PartyB_289,HighRisk
C-103850 PartyA_193 PartyB_186,HighRisk
C-121121 PartyA_160 PartyB_42,MediumRisk
C-106488 PartyA_75 PartyB_78,MediumRisk
C-110145 PartyA_130 PartyB_90,HighRisk
C-113828 PartyA_281 PartyB_240,HighRisk
C-107154 PartyA_243 PartyB_203,LowRisk
C-122966 PartyA_191 PartyB_285,HighRisk
C-106610 PartyA_228 PartyB_230,MediumRisk
C-105179 PartyA_240 PartyB_237,MediumRisk
C-120733 PartyA_107 PartyB_58,HighRisk
C-112330 PartyA_95 PartyB_21,MediumRisk
C-118268 PartyA_7 PartyB_20,MediumRisk
C-119103 PartyA_279 PartyB_3,MediumRisk
C-124231 PartyA_11 PartyB_134,MediumRisk
C-102494 PartyA_140 PartyB_111,MediumRisk
C-122331 PartyA_3 PartyB_36,MediumRisk
C-119420 PartyA_133 PartyB_251,HighRisk
C-122161 PartyA_235 PartyB_20,MediumRisk
C-100845 PartyA_104 PartyB_258,MediumRisk
C-108734 PartyA_257 PartyB_158,LowRisk
C-111916 PartyA_155 PartyB_252,HighRisk
C-111871 PartyA_134 PartyB_136,MediumRisk
C-112415 PartyA_293 PartyB_274,MediumRisk
C-107967 PartyA_279 PartyB_272,MediumRisk
C-107340 PartyA_109 PartyB_224,HighRisk
C-113891 PartyA_183 PartyB_43,MediumRisk
C-123751 PartyA_299 PartyB_184,MediumRisk
C-122774 PartyA_63 PartyB_133,MediumRisk
C-107137 PartyA_110 PartyB_101,MediumRisk
C-102964 PartyA_52 PartyB_44,MediumRisk
C-115751 PartyA_236 PartyB_158,MediumRisk
C-118913 PartyA_113 PartyB_33,HighRisk
C-115476 PartyA_61 PartyB_62,MediumRisk
C-105772 PartyA_96 PartyB_35,MediumRisk
C-117432 PartyA_42 PartyB_51,HighRisk
C-118344 PartyA_204 PartyB_241,HighRisk
C-102530 PartyA_124 PartyB_120,MediumRisk
C-111138 PartyA_90 PartyB_208,MediumRisk
C-124998 PartyA_83 PartyB_239,HighRisk
C-114716 PartyA_128 PartyB_238,MediumRisk
C-108429 PartyA_100 PartyB_177,MediumRisk
C-104917 PartyA_88 PartyB_291,MediumRisk
C-105901 PartyA_95 PartyB_238,MediumRisk
C-108286 PartyA_270 PartyB_258,MediumRisk
C-120643 PartyA_291 PartyB_61,MediumRisk
C-123175 PartyA_6 PartyB_299,HighRisk
C-105656 PartyA_251 PartyB_298,HighRisk
C-116127 PartyA_76 PartyB_254,MediumRisk
C-122481 PartyA_78 PartyB_171,HighRisk
C-105907 PartyA_252 PartyB_174,MediumRisk
C-107373 PartyA_182 PartyB_178,HighRisk
C-119362 PartyA_172 PartyB_30,MediumRisk
C-123559 PartyA_33 PartyB_247,HighRisk
C-106721 PartyA_249 PartyB_54,MediumRisk
C-124080 PartyA_58 PartyB_154,MediumRisk
C-112686 PartyA_194 PartyB_299,HighRisk
C-108264 PartyA_190 PartyB_108,MediumRisk
C-107693 PartyA_80 PartyB_182,HighRisk
C-119522 PartyA_163 PartyB_191,MediumRisk
C-108325 PartyA_287 PartyB_262,MediumRisk
C-124916 PartyA_249 PartyB_171,HighRisk
C-112265 PartyA_162 PartyB_80,HighRisk
C-111421 PartyA_231 PartyB_81,HighRisk
C-101826 PartyA_54 PartyB_141,HighRisk
C-121932 PartyA_250 PartyB_230,HighRisk
C-112329 PartyA_125 PartyB_279,MediumRisk
C-100560 PartyA_199 PartyB_268,MediumRisk
C-104107 PartyA_135 PartyB_54,MediumRisk
C-105435 PartyA_107 PartyB_279,MediumRisk
C-104437 PartyA_132 PartyB_276,MediumRisk
C-110382 PartyA_23 PartyB_88,MediumRisk
C-117826 PartyA_130 PartyB_39,MediumRisk
C-104406 PartyA_121 PartyB_140,LowRisk
C-124424 PartyA_182 PartyB_261,MediumRisk
C-118073 PartyA_268 PartyB_273,HighRisk
C-109917 PartyA_15 PartyB_130,MediumRisk
C-123733 PartyA_70 PartyB_188,MediumRisk
C-122346 PartyA_136 PartyB_25,MediumRisk
C-118880 PartyA_67 PartyB_298,MediumRisk
C-115096 PartyA_97 PartyB_37,HighRisk
C-102817 PartyA_180 PartyB_259,HighRisk
C-116724 PartyA_15 PartyB_75,MediumRisk
C-118792 PartyA_45 PartyB_297,MediumRisk
C-105782 PartyA_11 PartyB_277,MediumRisk
C-120960 PartyA_88 PartyB_23,HighRisk
C-116163 PartyA_17 PartyB_106,MediumRisk
C-120109 PartyA_107 PartyB_106,MediumRisk
C-119169 PartyA_282 PartyB_265,MediumRisk
C-109715 PartyA_140 PartyB_104,HighRisk
C-110699 PartyA_140 PartyB_119,MediumRisk
C-124258 PartyA_99 PartyB_142,MediumRisk
C-117396 PartyA_41 PartyB_153,MediumRisk
C-121664 PartyA_39 PartyB_132,HighRisk
C-104895 PartyA_259 PartyB_194,MediumRisk
C-120421 PartyA_60 PartyB_167,MediumRisk
C-123072 PartyA_3 PartyB_92,MediumRisk
C-100148 PartyA_83 PartyB_103,HighRisk
C-116669 PartyA_131 PartyB_86,MediumRisk
C-118752 PartyA_7 PartyB_196,MediumRisk
C-108555 PartyA_10 PartyB_178,MediumRisk
C-122483 PartyA_104 PartyB_12,LowRisk
C-115463 PartyA_211 PartyB_103,MediumRisk
C-104443 PartyA_133 PartyB_167,MediumRisk
C-107446 PartyA_162 PartyB_277,HighRisk
C-100236 PartyA_48 PartyB_208,MediumRisk
C-115901 PartyA_240 PartyB_62,HighRisk
C-124490 PartyA_176 PartyB_133,MediumRisk
C-110754 PartyA_229 PartyB_78,HighRisk
C-107123 PartyA_143 PartyB_102,LowRisk
C-123827 PartyA_27 PartyB_89,HighRisk
C-110123 PartyA_62 PartyB_272,MediumRisk
C-113711 PartyA_107 PartyB_281,HighRisk
C-103083 PartyA_48 PartyB_76,HighRisk
C-100632 PartyA_124 PartyB_43,MediumRisk
C-118877 PartyA_217 PartyB_126,HighRisk
C-102665 PartyA_68 PartyB_242,MediumRisk
C-123071 PartyA_77 PartyB_152,MediumRisk
C-122967 PartyA_97 PartyB_293,MediumRisk
C-110526 PartyA_233 PartyB_58,MediumRisk
C-115836 PartyA_41 PartyB_81,HighRisk
C-110060 PartyA_264 PartyB_291,HighRisk
C-114788 PartyA_36 PartyB_131,MediumRisk
C-112075 PartyA_256 PartyB_92,MediumRisk
C-123041 PartyA_207 PartyB_23,LowRisk
C-120595 PartyA_64 PartyB_31,MediumRisk
C-114109 PartyA_176 PartyB_188,HighRisk
C-109686 PartyA_110 PartyB_74,LowRisk
C-120258 PartyA_5 PartyB_225,HighRisk
C-119201 PartyA_40 PartyB_286,MediumRisk
C-122743 PartyA_262 PartyB_163,MediumRisk
C-105249 PartyA_300 PartyB_241,HighRisk
C-108533 PartyA_126 PartyB_296,MediumRisk
C-107426 PartyA_19 PartyB_179,HighRisk
C-112345 PartyA_81 PartyB_239,MediumRisk
C-123220 PartyA_174 PartyB_179,MediumRisk
C-107979 PartyA_77 PartyB_283,MediumRisk
C-124007 PartyA_206 PartyB_207,MediumRisk
C-101735 PartyA_178 PartyB_84,MediumRisk
C-114484 PartyA_4 PartyB_122,MediumRisk
C-104255 PartyA_107 PartyB_246,HighRisk
C-122772 PartyA_272 PartyB_148,MediumRisk
C-102475 PartyA_91 PartyB_242,MediumRisk
C-110756 PartyA_80 PartyB_87,MediumRisk
C-124978 PartyA_51 PartyB_273,MediumRisk
C-103713 PartyA_150 PartyB_3,MediumRisk
C-106704 PartyA_153 PartyB_170,HighRisk
C-118188 PartyA_281 PartyB_239,MediumRisk
C-117091 PartyA_283 PartyB_255,MediumRisk
C-123995 PartyA_208 PartyB_45,MediumRisk
C-105189 PartyA_140 PartyB_83,HighRisk
C-123350 PartyA_184 PartyB_50,MediumRisk
C-121856 PartyA_199 PartyB_30,LowRisk
C-116456 PartyA_211 PartyB_267,HighRisk
C-114210 PartyA_139 PartyB_216,MediumRisk
C-107843 PartyA_80 PartyB_124,HighRisk
C-112640 PartyA_9 PartyB_293,MediumRisk
C-114052 PartyA_249 PartyB_1,MediumRisk
C-113031 PartyA_282 PartyB_136,MediumRisk
C-124574 PartyA_138 PartyB_132,HighRisk
C-121485 PartyA_108 PartyB_211,LowRisk
C-106764 PartyA_89 PartyB_138,MediumRisk
C-110793 PartyA_137 PartyB_296,LowRisk
C-101125 PartyA_9 PartyB_181,MediumRisk
C-117625 PartyA_28 PartyB_216,MediumRisk
C-124675 PartyA_124 PartyB_242,HighRisk
C-118733 PartyA_88 PartyB_68,MediumRisk
C-111543 PartyA_78 PartyB_73,MediumRisk
C-104358 PartyA_3 PartyB_205,MediumRisk
C-114114 PartyA_289 PartyB_226,MediumRisk
C-117727 PartyA_282 PartyB_164,HighRisk
C-124982 PartyA_280 PartyB_203,MediumRisk
C-121400 PartyA_157 PartyB_231,MediumRisk
C-107421 PartyA_248 PartyB_201,MediumRisk
C-106652 PartyA_123 PartyB_259,MediumRisk
C-117484 PartyA_8 PartyB_100,MediumRisk
C-109160 PartyA_291 PartyB_2,MediumRisk
C-107622 PartyA_221 PartyB_138,LowRisk
C-100987 PartyA_159 PartyB_97,LowRisk
C-116014 PartyA_58 PartyB_94,MediumRisk
C-102852 PartyA_227 PartyB_33,MediumRisk
C-111695 PartyA_83 PartyB_203,HighRisk
C-108853 PartyA_154 PartyB_89,MediumRisk
C-116336 PartyA_226 PartyB_22,MediumRisk
C-114996 PartyA_144 PartyB_228,LowRisk
C-117014 PartyA_198 PartyB_239,HighRisk
C-117633 PartyA_239 PartyB_98,LowRisk
C-119563 PartyA_147 PartyB_16,MediumRisk
C-116866 PartyA_108 PartyB_71,HighRisk
C-109654 PartyA_280 PartyB_43,MediumRisk
C-103040 PartyA_12 PartyB_282,LowRisk
C-116035 PartyA_91 PartyB_63,MediumRisk
C-105010 PartyA_72 PartyB_219,MediumRisk
C-123396 PartyA_274 PartyB_272,MediumRisk
C-103273 PartyA_50 PartyB_213,MediumRisk
C-107227 PartyA_128 PartyB_87,HighRisk
C-103683 PartyA_55 PartyB_29,HighRisk
C-106807 PartyA_123 PartyB_262,HighRisk
C-112337 PartyA_211 PartyB_164,HighRisk
C-122083 PartyA_63 PartyB_299,HighRisk
C-101316 PartyA_100 PartyB_128,MediumRisk
C-103225 PartyA_47 PartyB_148,MediumRisk
C-117456 PartyA_243 PartyB_136,MediumRisk
C-121199 PartyA_265 PartyB_46,LowRisk
C-123017 PartyA_114 PartyB_48,MediumRisk
C-109852 PartyA_244 PartyB_133,MediumRisk
C-105752 PartyA_82 PartyB_77,MediumRisk
C-110617 PartyA_171 PartyB_55,LowRisk
C-116393 PartyA_165 PartyB_246,LowRisk
C-104616 PartyA_215 PartyB_81,MediumRisk
C-119481 PartyA_239 PartyB_65,MediumRisk
C-124305 PartyA_138 PartyB_63,MediumRisk
C-101300 PartyA_179 PartyB_115,MediumRisk
C-115222 PartyA_62 PartyB_263,MediumRisk
C-122668 PartyA_242 PartyB_176,MediumRisk
C-124364 PartyA_246 PartyB_2,MediumRisk
C-113673 PartyA_59 PartyB_165,MediumRisk
C-109900 PartyA_245 PartyB_60,MediumRisk
C-105495 PartyA_227 PartyB_265,MediumRisk
C-121675 PartyA_107 PartyB_197,MediumRisk
C-109600 PartyA_251 PartyB_207,MediumRisk
C-101798 PartyA_127 PartyB_196,MediumRisk
C-112149 PartyA_41 PartyB_235,MediumRisk
C-109667 PartyA_249 PartyB_123,MediumRisk
C-121587 PartyA_95 PartyB_165,MediumRisk
C-121431 PartyA_269 PartyB_279,LowRisk
C-106441 PartyA_121 PartyB_191,MediumRisk
C-108636 PartyA_85 PartyB_61,HighRisk
C-115600 PartyA_132 PartyB_290,MediumRisk
C-118743 PartyA_68 PartyB_136,MediumRisk
C-103654 PartyA_54 PartyB_176,MediumRisk
C-107052 PartyA_210 PartyB_211,MediumRisk
C-115945 PartyA_190 PartyB_107,MediumRisk
C-111371 PartyA_42 PartyB_278,LowRisk
C-115710 PartyA_62 PartyB_119,HighRisk
C-101286 PartyA_4 PartyB_200,MediumRisk
C-119914 PartyA_296 PartyB_132,HighRisk
C-120829 PartyA_232 PartyB_158,MediumRisk
C-102137 PartyA_76 PartyB_5,HighRisk
C-110828 PartyA_248 PartyB_132,HighRisk
C-112208 PartyA_265 PartyB_198,HighRisk
C-112289 PartyA_294 PartyB_12,MediumRisk
C-109873 PartyA_133 PartyB_271,MediumRisk
C-121923 PartyA_195 PartyB_231,MediumRisk
C-116489 PartyA_37 PartyB_26,MediumRisk
C-113467 PartyA_111 PartyB_68,HighRisk
C-106894 PartyA_35 PartyB_160,MediumRisk
C-109884 PartyA_263 PartyB_160,MediumRisk
C-103610 PartyA_270 PartyB_77,MediumRisk
C-107151 PartyA_271 PartyB_217,HighRisk
C-117347 PartyA_281 PartyB_235,MediumRisk
C-106012 PartyA_86 PartyB_260,HighRisk
C-113645 PartyA_222 PartyB_100,MediumRisk
C-114113 PartyA_170 PartyB_53,MediumRisk
C-104882 PartyA_41 PartyB_103,MediumRisk
C-116524 PartyA_72 PartyB_84,MediumRisk
C-113076 PartyA_180 PartyB_39,MediumRisk
C-112611 PartyA_285 PartyB_148,MediumRisk
C-112046 PartyA_12 PartyB_200,MediumRisk
C-104146 PartyA_10 PartyB_60,HighRisk
C-108906 PartyA_252 PartyB_242,MediumRisk
C-106542 PartyA_41 PartyB_183,MediumRisk
C-121627 PartyA_128 PartyB_175,HighRisk
C-104431 PartyA_249 PartyB_166,MediumRisk
C-122887 PartyA_113 PartyB_93,MediumRisk
C-100406 PartyA_48 PartyB_179,MediumRisk
C-122902 PartyA_277 PartyB_173,HighRisk
C-113178 PartyA_202 PartyB_120,MediumRisk
C-116173 PartyA_189 PartyB_39,HighRisk
C-121829 PartyA_269 PartyB_297,MediumRisk
C-108234 PartyA_6 PartyB_86,MediumRisk
C-111022 PartyA_164 PartyB_152,MediumRisk
C-114051 PartyA_184 PartyB_246,MediumRisk
C-111563 PartyA_181 PartyB_260,LowRisk
C-111556 PartyA_234 PartyB_13,HighRisk
C-120783 PartyA_157 PartyB_266,MediumRisk
C-116353 PartyA_139 PartyB_204,MediumRisk
C-121636 PartyA_59 PartyB_151,LowRisk
C-100011 PartyA_58 PartyB_151,MediumRisk
C-104760 PartyA_268 PartyB_229,HighRisk
C-101177 PartyA_242 PartyB_237,HighRisk
C-110693 PartyA_211 PartyB_274,MediumRisk
C-102863 PartyA_87 PartyB_278,LowRisk
C-106471 PartyA_21 PartyB_11,MediumRisk
C-122612 PartyA_205 PartyB_110,LowRisk
C-109218 PartyA_119 PartyB_51,HighRisk
C-112040 PartyA_256 PartyB_286,HighRisk
C-102989 PartyA_20 PartyB_258,MediumRisk
C-111207 PartyA_288 PartyB_128,MediumRisk
C-107010 PartyA_145 PartyB_173,MediumRisk
C-111530 PartyA_163 PartyB_258,HighRisk
C-114437 PartyA_144 PartyB_289,MediumRisk
C-122443 PartyA_224 PartyB_112,HighRisk
C-108927 PartyA_290 PartyB_225,MediumRisk
C-112592 PartyA_282 PartyB_12,HighRisk
C-117824 PartyA_267 PartyB_69,MediumRisk
C-124687 PartyA_65 PartyB_26,LowRisk
C-102875 PartyA_189 PartyB_280,HighRisk
C-112178 PartyA_48 PartyB_89,LowRisk
C-109108 PartyA_231 PartyB_113,MediumRisk
C-102190 PartyA_258 PartyB_34,LowRisk
C-123474 PartyA_167 PartyB_212,HighRisk
C-103726 PartyA_227 PartyB_120,MediumRisk
C-119156 PartyA_43 PartyB_67,HighRisk
C-116838 PartyA_52 PartyB_165,MediumRisk
C-109013 PartyA_180 PartyB_234,MediumRisk
C-108189 PartyA_113 PartyB_172,HighRisk
C-101367 PartyA_146 PartyB_292,MediumRisk
C-103712 PartyA_124 PartyB_297,HighRisk
C-105450 PartyA_123 PartyB_88,MediumRisk
C-117772 PartyA_141 PartyB_118,MediumRisk
C-115638 PartyA_140 PartyB_34,MediumRisk
C-101000 PartyA_204 PartyB_222,MediumRisk
C-107761 PartyA_142 PartyB_19,LowRisk
C-103553 PartyA_238 PartyB_67,HighRisk
C-104114 PartyA_140 PartyB_68,MediumRisk
C-101667 PartyA_9 PartyB_254,MediumRisk
C-103173 PartyA_35 PartyB_95,LowRisk
C-115740 PartyA_229 PartyB_43,HighRisk
C-124262 PartyA_22 PartyB_2,MediumRisk
C-100488 PartyA_300 PartyB_62,MediumRisk
C-119614 PartyA_160 PartyB_68,MediumRisk
C-120212 PartyA_266 PartyB_63,MediumRisk
C-123291 PartyA_238 PartyB_177,HighRisk
C-112975 PartyA_97 PartyB_106,HighRisk
C-121592 PartyA_186 PartyB_93,MediumRisk
C-107848 PartyA_193 PartyB_77,HighRisk
C-105704 PartyA_40 PartyB_175,MediumRisk
C-124557 PartyA_105 PartyB_268,MediumRisk
C-108133 PartyA_36 PartyB_52,HighRisk
C-117087 PartyA_271 PartyB_52,LowRisk
C-105105 PartyA_157 PartyB_65,MediumRisk
C-123595 PartyA_230 PartyB_212,MediumRisk
C-103291 PartyA_105 PartyB_84,HighRisk
C-108125 PartyA_254 PartyB_274,MediumRisk
C-111865 PartyA_159 PartyB_197,HighRisk
C-113380 PartyA_274 PartyB_142,MediumRisk
C-109519 PartyA_26 PartyB_263,MediumRisk
C-124545 PartyA_225 PartyB_190,MediumRisk
C-113965 PartyA_11 PartyB_151,MediumRisk
C-114287 PartyA_36 PartyB_286,MediumRisk
C-113598 PartyA_181 PartyB_79,HighRisk
C-123766 PartyA_162 PartyB_44,HighRisk
C-121293 PartyA_214 PartyB_10,HighRisk
C-104440 PartyA_61 PartyB_237,HighRisk
C-110055 PartyA_138 PartyB_288,HighRisk
C-117370 PartyA_248 PartyB_115,MediumRisk
C-124389 PartyA_30 PartyB_4,MediumRisk
C-124054 PartyA_18 PartyB_140,MediumRisk
C-124250 PartyA_286 PartyB_286,MediumRisk
C-115504 PartyA_164 PartyB_184,LowRisk
C-122641 PartyA_158 PartyB_94,MediumRisk
C-122473 PartyA_184 PartyB_36,HighRisk
C-115577 PartyA_239 PartyB_292,MediumRisk
C-105238 PartyA_274 PartyB_100,MediumRisk
C-114646 PartyA_128 PartyB_63,MediumRisk
C-115552 PartyA_162 PartyB_62,MediumRisk
C-117582 PartyA_134 PartyB_123,MediumRisk
C-112373 PartyA_140 PartyB_133,HighRisk
C-123838 PartyA_126 PartyB_250,MediumRisk
C-113669 PartyA_96 PartyB_248,HighRisk
C-107519 PartyA_104 PartyB_46,MediumRisk
C-109991 PartyA_93 PartyB_19,MediumRisk
C-109206 PartyA_149 PartyB_79,MediumRisk
C-109556 PartyA_8 PartyB_212,HighRisk
C-110225 PartyA_25 PartyB_264,HighRisk
C-104470 PartyA_86 PartyB_203,MediumRisk
C-117275 PartyA_79 PartyB_72,MediumRisk
C-110985 PartyA_47 PartyB_245,MediumRisk
C-101969 PartyA_83 PartyB_271,LowRisk
C-112595 PartyA_58 PartyB_35,MediumRisk
C-105757 PartyA_227 PartyB_243,HighRisk
C-106294 PartyA_231 PartyB_98,MediumRisk
C-112115 PartyA_199 PartyB_138,MediumRisk
C-113605 PartyA_260 PartyB_254,HighRisk
C-107595 PartyA_114 PartyB_83,MediumRisk
C-109110 PartyA_198 PartyB_201,MediumRisk
C-103249 PartyA_77 PartyB_273,HighRisk
C-106570 PartyA_94 PartyB_88,HighRisk
C-106638 PartyA_100 PartyB_123,MediumRisk
C-121726 PartyA_288 PartyB_104,MediumRisk
C-115398 PartyA_8 PartyB_8,HighRisk
C-112504 PartyA_278 PartyB_65,HighRisk
C-100125 PartyA_218 PartyB_249,MediumRisk
C-116170 PartyA_278 PartyB_25,HighRisk
C-105370 PartyA_6 PartyB_161,MediumRisk
C-101239 PartyA_181 PartyB_112,LowRisk
C-102289 PartyA_213 PartyB_242,MediumRisk
C-119124 PartyA_7 PartyB_156,LowRisk
C-108467 PartyA_223 PartyB_77,HighRisk
C-120969 PartyA_133 PartyB_110,MediumRisk
C-101229 PartyA_99 PartyB_293,MediumRisk
C-109200 PartyA_144 PartyB_296,MediumRisk
C-106980 PartyA_193 PartyB_157,MediumRisk
C-105178 PartyA_63 PartyB_213,MediumRisk
C-110724 PartyA_140 PartyB_58,HighRisk
C-120677 PartyA_45 PartyB_285,HighRisk
C-101058 PartyA_105 PartyB_178,HighRisk
C-106262 PartyA_296 PartyB_231,MediumRisk
C-115360 PartyA_25 PartyB_213,LowRisk
C-100281 PartyA_185 PartyB_129,MediumRisk
C-114846 PartyA_81 PartyB_275,MediumRisk
C-100968 PartyA_76 PartyB_181,LowRisk
C-116001 PartyA_89 PartyB_271,MediumRisk
C-120337 PartyA_30 PartyB_44,MediumRisk
C-101939 PartyA_268 PartyB_90,HighRisk
C-124677 PartyA_280 PartyB_242,HighRisk
C-117658 PartyA_114 PartyB_169,MediumRisk
C-100619 PartyA_256 PartyB_46,HighRisk
C-118309 PartyA_103 PartyB_96,MediumRisk
C-101742 PartyA_221 PartyB_195,MediumRisk
C-117774 PartyA_141 PartyB_156,HighRisk
C-118587 PartyA_257 PartyB_224,MediumRisk
C-114135 PartyA_167 PartyB_299,HighRisk
C-109847 PartyA_33 PartyB_206,HighRisk
C-103568 PartyA_241 PartyB_43,MediumRisk
C-115563 PartyA_66 PartyB_177,MediumRisk
C-106116 PartyA_256 PartyB_124,MediumRisk
C-124966 PartyA_104 PartyB_212,HighRisk
C-122436 PartyA_158 PartyB_217,MediumRisk
C-103178 PartyA_245 PartyB_293,LowRisk
C-119576 PartyA_136 PartyB_246,MediumRisk
C-109499 PartyA_224 PartyB_52,HighRisk
C-106099 PartyA_97 PartyB_52,HighRisk
C-116959 PartyA_265 PartyB_37,MediumRisk
C-110552 PartyA_268 PartyB_226,MediumRisk
C-113994 PartyA_181 PartyB_231,MediumRisk
C-123490 PartyA_213 PartyB_32,MediumRisk
C-115635 PartyA_287 PartyB_87,MediumRisk
C-106276 PartyA_88 PartyB_12,MediumRisk
C-109472 PartyA_6 PartyB_94,MediumRisk
C-123718 PartyA_157 PartyB_22,HighRisk
C-113149 PartyA_276 PartyB_191,HighRisk
C-111083 PartyA_143 PartyB_285,MediumRisk
C-122281 PartyA_110 PartyB_290,HighRisk
C-105724 PartyA_132 PartyB_217,HighRisk
C-110831 PartyA_68 PartyB_30,HighRisk
C-116653 PartyA_225 PartyB_157,MediumRisk
C-100629 PartyA_45 PartyB_211,HighRisk
C-111970 PartyA_273 PartyB_166,MediumRisk
C-119465 PartyA_104 PartyB_142,LowRisk
C-119850 PartyA_63 PartyB_30,MediumRisk
C-106430 PartyA_80 PartyB_225,HighRisk
C-103374 PartyA_114 PartyB_235,MediumRisk
C-112588 PartyA_141 PartyB_212,MediumRisk
C-124975 PartyA_201 PartyB_267,MediumRisk
C-121927 PartyA_205 PartyB_54,MediumRisk
C-113760 PartyA_223 PartyB_180,LowRisk
C-110238 PartyA_206 PartyB_166,MediumRisk
C-120740 PartyA_116 PartyB_31,LowRisk
C-102113 PartyA_31 PartyB_248,MediumRisk
C-103216 PartyA_97 PartyB_211,MediumRisk
C-113125 PartyA_251 PartyB_119,MediumRisk
C-103814 PartyA_217 PartyB_201,MediumRisk
C-108321 PartyA_220 PartyB_1,MediumRisk
C-103155 PartyA_170 PartyB_110,MediumRisk
C-114296 PartyA_128 PartyB_25,MediumRisk
C-102278 PartyA_169 PartyB_112,MediumRisk
C-104599 PartyA_33 PartyB_66,MediumRisk
C-100013 PartyA_10 PartyB_58,MediumRisk
C-101646 PartyA_221 PartyB_261,MediumRisk
C-117909 PartyA_129 PartyB_114,MediumRisk
C-102365 PartyA_222 PartyB_251,MediumRisk
C-104648 PartyA_46 PartyB_199,MediumRisk
C-112197 PartyA_184 PartyB_197,MediumRisk
C-100374 PartyA_255 PartyB_102,LowRisk
C-123104 PartyA_20 PartyB_229,MediumRisk
C-122861 PartyA_204 PartyB_224,MediumRisk
C-100525 PartyA_45 PartyB_196,MediumRisk
C-109131 PartyA_277 PartyB_247,MediumRisk
C-111561 PartyA_66 PartyB_24,MediumRisk
C-113910 PartyA_101 PartyB_162,HighRisk
C-112765 PartyA_114 PartyB_252,HighRisk
C-119975 PartyA_180 PartyB_16,HighRisk
C-119342 PartyA_7 PartyB_114,HighRisk
C-100529 PartyA_68 PartyB_95,MediumRisk
C-115596 PartyA_77 PartyB_50,LowRisk
C-120098 PartyA_232 PartyB_192,LowRisk
C-121116 PartyA_159 PartyB_98,MediumRisk
C-109461 PartyA_242 PartyB_256,HighRisk
C-112473 PartyA_95 PartyB_146,LowRisk
C-117778 PartyA_6 PartyB_241,HighRisk
C-112201 PartyA_10 PartyB_143,MediumRisk
C-112582 PartyA_59 PartyB_268,MediumRisk
C-111171 PartyA_138 PartyB_115,HighRisk
C-124826 PartyA_39 PartyB_182,HighRisk
C-112003 PartyA_140 PartyB_265,MediumRisk
C-122015 PartyA_228 PartyB_203,MediumRisk
C-106563 PartyA_56 PartyB_91,MediumRisk
C-104703 PartyA_8 PartyB_162,MediumRisk
C-115282 PartyA_230 PartyB_6,MediumRisk
C-118096 PartyA_41 PartyB_200,MediumRisk
C-115921 PartyA_213 PartyB_140,MediumRisk
C-124697 PartyA_163 PartyB_182,MediumRisk
C-100955 PartyA_156 PartyB_113,MediumRisk
C-106675 PartyA_239 PartyB_62,LowRisk
C-103453 PartyA_45 PartyB_212,LowRisk
C-112803 PartyA_240 PartyB_144,MediumRisk
C-115140 PartyA_199 PartyB_247,HighRisk
C-108595 PartyA_66 PartyB_275,MediumRisk
C-102071 PartyA_260 PartyB_274,MediumRisk
C-100956 PartyA_21 PartyB_76,MediumRisk
C-116542 PartyA_105 PartyB_74,MediumRisk
C-114036 PartyA_292 PartyB_207,MediumRisk
C-107005 PartyA_17 PartyB_278,HighRisk
C-100352 PartyA_243 PartyB_283,HighRisk
C-113518 PartyA_181 PartyB_13,MediumRisk
C-122462 PartyA_61 PartyB_119,MediumRisk
C-116309 PartyA_16 PartyB_270,MediumRisk
C-106236 PartyA_189 PartyB_98,HighRisk
C-112732 PartyA_206 PartyB_215,HighRisk
C-108946 PartyA_299 PartyB_61,HighRisk
C-114025 PartyA_149 PartyB_5,MediumRisk
C-123685 PartyA_289 PartyB_218,MediumRisk
C-102920 PartyA_220 PartyB_109,MediumRisk
C-115711 PartyA_130 PartyB_5,HighRisk
C-104644 PartyA_78 PartyB_215,MediumRisk
C-100661 PartyA_133 PartyB_244,MediumRisk
C-116082 PartyA_59 PartyB_144,MediumRisk
C-107057 PartyA_69 PartyB_175,MediumRisk
C-110181 PartyA_135 PartyB_110,HighRisk
C-120049 PartyA_268 PartyB_27,MediumRisk
C-116690 PartyA_177 PartyB_237,MediumRisk
C-104790 PartyA_138 PartyB_31,MediumRisk
C-102356 PartyA_216 PartyB_208,HighRisk
C-111894 PartyA_154 PartyB_230,MediumRisk
C-118311 PartyA_26 PartyB_131,MediumRisk
C-124573 PartyA_94 PartyB_90,MediumRisk
C-119811 PartyA_71 PartyB_179,MediumRisk
C-120022 PartyA_108 PartyB_62,LowRisk
C-117650 PartyA_193 PartyB_222,MediumRisk
C-113612 PartyA_52 PartyB_86,LowRisk
C-101560 PartyA_262 PartyB_63,MediumRisk
C-111787 PartyA_203 PartyB_176,HighRisk
C-110326 PartyA_254 PartyB_169,HighRisk
C-107179 PartyA_72 PartyB_32,MediumRisk
C-115349 PartyA_138 PartyB_8,HighRisk
C-115313 PartyA_199 PartyB_192,MediumRisk
C-113258 PartyA_86 PartyB_178,MediumRisk
C-104109 PartyA_260 PartyB_249,MediumRisk
C-121288 PartyA_246 PartyB_167,MediumRisk
C-100514 PartyA_125 PartyB_37,HighRisk
C-100894 PartyA_176 PartyB_194,MediumRisk
C-108601 PartyA_263 PartyB_254,HighRisk
C-116405 PartyA_185 PartyB_159,MediumRisk
C-124929 PartyA_80 PartyB_177,MediumRisk
C-100899 PartyA_258 PartyB_64,MediumRisk
C-100207 PartyA_114 PartyB_113,MediumRisk
C-123719 PartyA_58 PartyB_168,HighRisk
C-100458 PartyA_204 PartyB_114,MediumRisk
C-102430 PartyA_248 PartyB_27,LowRisk
C-113629 PartyA_90 PartyB_220,HighRisk
C-103389 PartyA_117 PartyB_131,HighRisk
C-103911 PartyA_261 PartyB_182,LowRisk
C-121767 PartyA_156 PartyB_117,MediumRisk
C-100552 PartyA_4 PartyB_59,MediumRisk
C-119528 PartyA_267 PartyB_27,HighRisk
C-106917 PartyA_265 PartyB_57,MediumRisk
C-118440 PartyA_127 PartyB_169,HighRisk
C-101925 PartyA_63 PartyB_147,MediumRisk
C-117018 PartyA_267 PartyB_44,MediumRisk
C-106082 PartyA_13 PartyB_296,LowRisk
C-124102 PartyA_209 PartyB_152,MediumRisk
C-118279 PartyA_11 PartyB_15,MediumRisk
C-123207 PartyA_124 PartyB_105,MediumRisk
C-100105 PartyA_238 PartyB_155,HighRisk
C-103041 PartyA_221 PartyB_108,MediumRisk
C-116369 PartyA_46 PartyB_280,MediumRisk
C-110361 PartyA_150 PartyB_124,MediumRisk
C-118093 PartyA_18 PartyB_269,LowRisk
C-100089 PartyA_254 PartyB_19,HighRisk
C-115525 PartyA_96 PartyB_205,MediumRisk
C-110433 PartyA_210 PartyB_256,MediumRisk
C-119558 PartyA_204 PartyB_201,HighRisk
C-117301 PartyA_96 PartyB_8,MediumRisk
C-114451 PartyA_131 PartyB_21,MediumRisk
C-118333 PartyA_203 PartyB_22,MediumRisk
C-112236 PartyA_80 PartyB_197,HighRisk
C-114056 PartyA_221 PartyB_251,MediumRisk
C-106368 PartyA_100 PartyB_36,LowRisk
C-116385 PartyA_89 PartyB_166,MediumRisk
C-122431 PartyA_90 PartyB_107,MediumRisk
C-109127 PartyA_18 PartyB_54,MediumRisk
C-108905 PartyA_154 PartyB_72,MediumRisk
C-102720 PartyA_121 PartyB_223,MediumRisk
C-116019 PartyA_130 PartyB_203,MediumRisk
C-113621 PartyA_52 PartyB_42,MediumRisk
C-108783 PartyA_54 PartyB_10,LowRisk
C-115822 PartyA_107 PartyB_86,HighRisk
C-124769 PartyA_72 PartyB_233,MediumRisk
C-119501 PartyA_25 PartyB_116,HighRisk
C-124344 PartyA_71 PartyB_88,MediumRisk
C-110640 PartyA_27 PartyB_272,MediumRisk
C-109768 PartyA_147 PartyB_271,MediumRisk
C-113399 PartyA_124 PartyB_159,MediumRisk
C-103762 PartyA_200 PartyB_59,MediumRisk
C-100213 PartyA_242 PartyB_17,MediumRisk
C-117162 PartyA_108 PartyB_239,MediumRisk
C-119880 PartyA_152 PartyB_172,LowRisk
C-123505 PartyA_271 PartyB_203,LowRisk
C-118427 PartyA_262 PartyB_156,MediumRisk
C-108920 PartyA_177 PartyB_248,MediumRisk
C-121804 PartyA_48 PartyB_80,LowRisk
C-106154 PartyA_212 PartyB_55,MediumRisk
C-108357 PartyA_25 PartyB_142,HighRisk
C-117773 PartyA_25 PartyB_193,MediumRisk
C-104167 PartyA_130 PartyB_243,MediumRisk
C-120172 PartyA_24 PartyB_298,LowRisk
C-116967 PartyA_97 PartyB_71,MediumRisk
C-124894 PartyA_203 PartyB_284,HighRisk
C-124980 PartyA_179 PartyB_193,HighRisk
C-116500 PartyA_225 PartyB_125,MediumRisk
C-123028 PartyA_187 PartyB_196,MediumRisk
C-105109 PartyA_40 PartyB_122,HighRisk
C-124715 PartyA_65 PartyB_245,HighRisk
C-123691 PartyA_296 PartyB_291,HighRisk
C-108712 PartyA_174 PartyB_51,MediumRisk
C-101763 PartyA_71 PartyB_244,HighRisk
C-118259 PartyA_161 PartyB_168,HighRisk
C-113547 PartyA_92 PartyB_101,MediumRisk
C-111536 PartyA_54 PartyB_70,MediumRisk
C-115069 PartyA_167 PartyB_286,HighRisk
C-103224 PartyA_173 PartyB_230,MediumRisk
C-100526 PartyA_230 PartyB_278,MediumRisk
C-115251 PartyA_128 PartyB_135,MediumRisk
C-119330 PartyA_259 PartyB_187,MediumRisk
C-120857 PartyA_161 PartyB_73,MediumRisk
C-112091 PartyA_38 PartyB_284,MediumRisk
C-105655 PartyA_141 PartyB_74,MediumRisk
C-108884 PartyA_28 PartyB_200,MediumRisk
C-106059 PartyA_153 PartyB_24,MediumRisk
C-117343 PartyA_47 PartyB_79,MediumRisk
C-106342 PartyA_211 PartyB_232,MediumRisk
C-120017 PartyA_127 PartyB_275,HighRisk
C-113997 PartyA_114 PartyB_274,MediumRisk
C-117434 PartyA_234 PartyB_259,MediumRisk
C-108782 PartyA_209 PartyB_237,MediumRisk
C-108711 PartyA_24 PartyB_105,HighRisk
C-103380 PartyA_201 PartyB_154,MediumRisk
C-103676 PartyA_229 PartyB_243,HighRisk
C-105776 PartyA_293 PartyB_236,HighRisk
C-123798 PartyA_161 PartyB_158,MediumRisk
C-106573 PartyA_71 PartyB_52,HighRisk
C-121563 PartyA_283 PartyB_188,LowRisk
C-101607 PartyA_275 PartyB_239,MediumRisk
C-119994 PartyA_146 PartyB_229,MediumRisk
C-124700 PartyA_56 PartyB_105,LowRisk
C-123019 PartyA_175 PartyB_293,HighRisk
C-124996 PartyA_68 PartyB_60,MediumRisk
C-115883 PartyA_241 PartyB_171,HighRisk
C-117175 PartyA_125 PartyB_162,MediumRisk
C-108984 PartyA_26 PartyB_132,MediumRisk
C-119440 PartyA_79 PartyB_232,MediumRisk
C-115522 PartyA_290 PartyB_71,MediumRisk
C-101980 PartyA_183 PartyB_271,MediumRisk
C-111425 PartyA_64 PartyB_118,HighRisk
C-119982 PartyA_73 PartyB_213,MediumRisk
C-117317 PartyA_224 PartyB_279,HighRisk
C-112155 PartyA_241 PartyB_165,MediumRisk
C-112857 PartyA_258 PartyB_153,MediumRisk
C-107424 PartyA_267 PartyB_76,MediumRisk
C-105626 PartyA_249 PartyB_260,HighRisk
C-101682 PartyA_193 PartyB_277,MediumRisk
C-116133 PartyA_122 PartyB_148,HighRisk
C-120563 PartyA_207 PartyB_110,MediumRisk
C-116335 PartyA_239 PartyB_218,MediumRisk
C-106446 PartyA_76 PartyB_106,HighRisk
C-120500 PartyA_275 PartyB_269,MediumRisk
C-100988 PartyA_289 PartyB_248,MediumRisk
C-115083 PartyA_253 PartyB_278,MediumRisk
C-111645 PartyA_46 PartyB_99,HighRisk
C-119280 PartyA_76 PartyB_272,HighRisk
C-120162 PartyA_148 PartyB_180,LowRisk
C-122042 PartyA_285 PartyB_191,HighRisk
C-111722 PartyA_167 PartyB_289,MediumRisk
C-103093 PartyA_122 PartyB_119,HighRisk
C-119539 PartyA_276 PartyB_65,MediumRisk
C-113261 PartyA_275 PartyB_119,MediumRisk
C-113998 PartyA_144 PartyB_28,MediumRisk
C-118207 PartyA_286 PartyB_101,MediumRisk
C-117482 PartyA_281 PartyB_83,MediumRisk
C-110396 PartyA_264 PartyB_277,MediumRisk
C-102844 PartyA_256 PartyB_146,HighRisk
C-109078 PartyA_164 PartyB_171,HighRisk
C-103342 PartyA_62 PartyB_93,HighRisk
C-116422 PartyA_40 PartyB_17,MediumRisk
C-106540 PartyA_201 PartyB_262,MediumRisk
C-114288 PartyA_19 PartyB_5,MediumRisk
C-103356 PartyA_102 PartyB_212,HighRisk
C-113025 PartyA_100 PartyB_253,HighRisk
C-111745 PartyA_25 PartyB_265,MediumRisk
C-111801 PartyA_260 PartyB_266,MediumRisk
C-114414 PartyA_209 PartyB_67,HighRisk
C-107813 PartyA_169 PartyB_211,MediumRisk
C-124665 PartyA_189 PartyB_46,MediumRisk
C-121510 PartyA_174 PartyB_128,MediumRisk
C-102428 PartyA_66 PartyB_48,MediumRisk
C-121427 PartyA_39 PartyB_71,MediumRisk
C-121730 PartyA_236 PartyB_121,HighRisk
C-111939 PartyA_92 PartyB_133,MediumRisk
C-121195 PartyA_25 PartyB_97,MediumRisk
C-117070 PartyA_154 PartyB_297,MediumRisk
C-104799 PartyA_229 PartyB_78,MediumRisk
C-102353 PartyA_146 PartyB_145,HighRisk
C-122737 PartyA_225 PartyB_39,MediumRisk
C-116378 PartyA_277 PartyB_266,MediumRisk
C-111383 PartyA_220 PartyB_229,HighRisk
C-120953 PartyA_201 PartyB_184,LowRisk
C-119136 PartyA_158 PartyB_221,HighRisk
C-109077 PartyA_23 PartyB_112,MediumRisk
C-108073 PartyA_75 PartyB_246,MediumRisk
C-114859 PartyA_180 PartyB_250,MediumRisk
C-117424 PartyA_54 PartyB_219,MediumRisk
C-124410 PartyA_247 PartyB_282,MediumRisk
C-107491 PartyA_253 PartyB_195,MediumRisk
C-117649 PartyA_195 PartyB_300,HighRisk
C-112771 PartyA_108 PartyB_170,MediumRisk
C-124095 PartyA_204 PartyB_58,HighRisk
C-107059 PartyA_115 PartyB_33,MediumRisk
C-113507 PartyA_133 PartyB_30,MediumRisk
C-116661 PartyA_238 PartyB_226,MediumRisk
C-105084 PartyA_11 PartyB_269,HighRisk
C-102382 PartyA_161 PartyB_8,MediumRisk
C-100571 PartyA_212 PartyB_123,MediumRisk
C-101435 PartyA_103 PartyB_19,HighRisk
C-113281 PartyA_59 PartyB_188,MediumRisk
C-109439 PartyA_189 PartyB_73,MediumRisk
C-121736 PartyA_181 PartyB_25,MediumRisk
C-111718 PartyA_114 PartyB_141,HighRisk
C-114749 PartyA_43 PartyB_192,MediumRisk
C-110706 PartyA_179 PartyB_36,MediumRisk
C-105445 PartyA_134 PartyB_261,MediumRisk
C-101007 PartyA_76 PartyB_256,MediumRisk
C-104543 PartyA_158 PartyB_258,MediumRisk
C-112987 PartyA_122 PartyB_207,HighRisk
C-107009 PartyA_170 PartyB_198,MediumRisk
C-102064 PartyA_88 PartyB_93,MediumRisk
C-101136 PartyA_8 PartyB_86,MediumRisk
C-109882 PartyA_240 PartyB_5,MediumRisk
C-121727 PartyA_209 PartyB_48,LowRisk
C-110177 PartyA_39 PartyB_17,MediumRisk
C-100294 PartyA_60 PartyB_233,LowRisk
C-116077 PartyA_263 PartyB_72,MediumRisk
C-118787 PartyA_115 PartyB_237,MediumRisk
C-103998 PartyA_64 PartyB_271,MediumRisk
C-109766 PartyA_171 PartyB_158,MediumRisk
C-103741 PartyA_39 PartyB_248,MediumRisk
C-111700 PartyA_58 PartyB_1,HighRisk
C-124035 PartyA_231 PartyB_51,HighRisk
C-102719 PartyA_139 PartyB_49,HighRisk
C-124008 PartyA_112 PartyB_280,HighRisk
C-112713 PartyA_66 PartyB_154,MediumRisk
C-114870 PartyA_81 PartyB_78,MediumRisk
C-121534 PartyA_199 PartyB_2,MediumRisk
C-116370 PartyA_117 PartyB_298,HighRisk
C-102808 PartyA_189 PartyB_274,HighRisk
C-109017 PartyA_244 PartyB_129,MediumRisk
C-116940 PartyA_122 PartyB_67,LowRisk
C-116106 PartyA_283 PartyB_89,MediumRisk
C-122534 PartyA_183 PartyB_261,MediumRisk
C-121179 PartyA_159 PartyB_45,MediumRisk
C-102469 PartyA_191 PartyB_194,MediumRisk
C-103738 PartyA_127 PartyB_278,MediumRisk
C-120670 PartyA_82 PartyB_199,MediumRisk
C-113481 PartyA_136 PartyB_296,MediumRisk
C-118988 PartyA_231 PartyB_172,MediumRisk
C-100362 PartyA_238 PartyB_61,MediumRisk
C-106924 PartyA_113 PartyB_62,MediumRisk
C-118088 PartyA_126 PartyB_62,MediumRisk
C-114688 PartyA_47 PartyB_33,HighRisk
C-102139 PartyA_233 PartyB_123,MediumRisk
C-119623 PartyA_215 PartyB_274,MediumRisk
C-118767 PartyA_122 PartyB_222,MediumRisk
C-107314 PartyA_279 PartyB_210,MediumRisk
C-120695 PartyA_154 PartyB_115,HighRisk
C-101312 PartyA_272 PartyB_86,HighRisk
C-120314 PartyA_258 PartyB_243,MediumRisk
C-106183 PartyA_197 PartyB_188,MediumRisk
C-111303 PartyA_129 PartyB_167,HighRisk
C-101591 PartyA_77 PartyB_11,MediumRisk
C-124249 PartyA_95 PartyB_72,HighRisk
C-118546 PartyA_263 PartyB_77,MediumRisk
C-102396 PartyA_79 PartyB_90,MediumRisk
C-116701 PartyA_214 PartyB_24,MediumRisk
C-114559 PartyA_195 PartyB_56,MediumRisk
C-109516 PartyA_228 PartyB_182,MediumRisk
C-105233 PartyA_211 PartyB_68,HighRisk
C-123607 PartyA_228 PartyB_246,MediumRisk
C-121452 PartyA_274 PartyB_251,MediumRisk
C-120420 PartyA_112 PartyB_155,LowRisk
C-108987 PartyA_34 PartyB_10,HighRisk
C-103020 PartyA_72 PartyB_11,HighRisk
C-109903 PartyA_133 PartyB_87,HighRisk
C-108228 PartyA_171 PartyB_154,LowRisk
C-109105 PartyA_4 PartyB_214,MediumRisk
C-113913 PartyA_295 PartyB_252,MediumRisk
C-105295 PartyA_112 PartyB_17,HighRisk
C-103972 PartyA_164 PartyB_77,MediumRisk
C-121754 PartyA_207 PartyB_162,MediumRisk
C-114663 PartyA_60 PartyB_75,MediumRisk
C-104133 PartyA_283 PartyB_48,MediumRisk
C-100974 PartyA_247 PartyB_212,MediumRisk
C-107291 PartyA_70 PartyB_160,MediumRisk
C-115585 PartyA_256 PartyB_174,MediumRisk
C-117338 PartyA_102 PartyB_163,HighRisk
C-109752 PartyA_222 PartyB_249,HighRisk
C-113774 PartyA_30 PartyB_63,MediumRisk
C-123265 PartyA_298 PartyB_73,MediumRisk
C-105016 PartyA_183 PartyB_32,HighRisk
C-117602 PartyA_19 PartyB_93,MediumRisk
C-110874 PartyA_273 PartyB_74,LowRisk
C-113239 PartyA_56 PartyB_116,HighRisk
C-118024 PartyA_16 PartyB_169,MediumRisk
C-117674 PartyA_11 PartyB_18,MediumRisk
C-111873 PartyA_162 PartyB_211,MediumRisk
C-117764 PartyA_83 PartyB_293,MediumRisk
C-101933 PartyA_275 PartyB_33,MediumRisk
C-104675 PartyA_15 PartyB_276,HighRisk
C-110222 PartyA_48 PartyB_222,MediumRisk
C-100892 PartyA_46 PartyB_55,HighRisk
C-107287 PartyA_222 PartyB_288,MediumRisk
C-121260 PartyA_257 PartyB_86,MediumRisk
C-107906 PartyA_241 PartyB_112,MediumRisk
C-114551 PartyA_190 PartyB_232,MediumRisk
C-118850 PartyA_7 PartyB_224,MediumRisk
C-107657 PartyA_164 PartyB_107,MediumRisk
C-110106 PartyA_295 PartyB_113,MediumRisk
C-118297 PartyA_33 PartyB_169,MediumRisk
C-111362 PartyA_99 PartyB_198,HighRisk
C-113832 PartyA_126 PartyB_289,MediumRisk
C-119120 PartyA_174 PartyB_93,HighRisk
C-100726 PartyA_145 PartyB_135,MediumRisk
C-107214 PartyA_5 PartyB_2,MediumRisk
C-108245 PartyA_285 PartyB_220,HighRisk
C-118180 PartyA_117 PartyB_173,MediumRisk
C-115876 PartyA_170 PartyB_265,MediumRisk
C-120229 PartyA_135 PartyB_154,HighRisk
C-114199 PartyA_263 PartyB_290,MediumRisk
C-122786 PartyA_200 PartyB_107,HighRisk
C-110745 PartyA_88 PartyB_186,MediumRisk
C-117320 PartyA_48 PartyB_118,MediumRisk
C-118649 PartyA_277 PartyB_5,MediumRisk
C-117208 PartyA_172 PartyB_110,MediumRisk
C-107274 PartyA_128 PartyB_61,MediumRisk
C-111593 PartyA_213 PartyB_163,MediumRisk
C-101389 PartyA_50 PartyB_21,MediumRisk
C-103564 PartyA_70 PartyB_55,HighRisk
C-109076 PartyA_110 PartyB_266,MediumRisk
C-105429 PartyA_178 PartyB_65,MediumRisk
C-124848 PartyA_142 PartyB_198,MediumRisk
C-116220 PartyA_65 PartyB_270,MediumRisk
C-122074 PartyA_62 PartyB_91,MediumRisk
C-114899 PartyA_256 PartyB_142,LowRisk
C-115512 PartyA_234 PartyB_42,MediumRisk
C-114561 PartyA_205 PartyB_18,HighRisk
C-101868 PartyA_120 PartyB_52,MediumRisk
C-108202 PartyA_162 PartyB_208,LowRisk
C-100806 PartyA_293 PartyB_13,MediumRisk
C-104805 PartyA_152 PartyB_160,MediumRisk
C-123516 PartyA_166 PartyB_47,MediumRisk
C-112260 PartyA_32 PartyB_300,MediumRisk
C-123937 PartyA_82 PartyB_201,HighRisk
C-124948 PartyA_200 PartyB_82,MediumRisk
C-110426 PartyA_282 PartyB_273,MediumRisk
C-109155 PartyA_21 PartyB_168,HighRisk
C-115152 PartyA_15 PartyB_281,MediumRisk
C-104494 PartyA_13 PartyB_290,MediumRisk
C-102632 PartyA_21 PartyB_29,MediumRisk
C-114286 PartyA_81 PartyB_67,MediumRisk
C-107832 PartyA_133 PartyB_60,MediumRisk
C-120772 PartyA_50 PartyB_101,HighRisk
C-114269 PartyA_257 PartyB_63,MediumRisk
C-100145 PartyA_193 PartyB_79,HighRisk
C-122851 PartyA_191 PartyB_12,HighRisk
C-102033 PartyA_98 PartyB_80,MediumRisk
C-101165 PartyA_166 PartyB_218,MediumRisk
C-111692 PartyA_130 PartyB_80,MediumRisk
C-102050 PartyA_135 PartyB_55,HighRisk
C-120144 PartyA_216 PartyB_244,LowRisk
C-110816 PartyA_160 PartyB_177,MediumRisk
C-112676 PartyA_187 PartyB_194,HighRisk
C-120819 PartyA_291 PartyB_163,HighRisk
C-103430 PartyA_228 PartyB_155,HighRisk
C-123435 PartyA_153 PartyB_218,MediumRisk
C-107069 PartyA_165 PartyB_15,HighRisk
C-104361 PartyA_243 PartyB_266,MediumRisk
C-110616 PartyA_186 PartyB_197,MediumRisk
C-118155 PartyA_92 PartyB_298,HighRisk
C-119895 PartyA_208 PartyB_105,MediumRisk
C-100271 PartyA_280 PartyB_112,HighRisk
C-112984 PartyA_37 PartyB_66,MediumRisk
C-108436 PartyA_300 PartyB_125,MediumRisk
C-118416 PartyA_81 PartyB_214,MediumRisk
C-112316 PartyA_285 PartyB_248,HighRisk
C-124714 PartyA_276 PartyB_132,MediumRisk
C-109005 PartyA_181 PartyB_77,HighRisk
C-124587 PartyA_21 PartyB_102,MediumRisk
C-103810 PartyA_30 PartyB_159,MediumRisk
C-113919 PartyA_254 PartyB_231,MediumRisk
C-115775 PartyA_118 PartyB_185,HighRisk
C-109996 PartyA_1 PartyB_294,HighRisk
C-104346 PartyA_199 PartyB_71,MediumRisk
C-100545 PartyA_234 PartyB_297,HighRisk
C-119625 PartyA_161 PartyB_113,MediumRisk
C-108502 PartyA_9 PartyB_206,MediumRisk
C-111713 PartyA_121 PartyB_205,MediumRisk
C-115229 PartyA_189 PartyB_285,MediumRisk
C-109323 PartyA_186 PartyB_163,MediumRisk
C-113737 PartyA_104 PartyB_155,HighRisk
C-115520 PartyA_280 PartyB_245,MediumRisk
C-107564 PartyA_224 PartyB_53,MediumRisk
C-117304 PartyA_146 PartyB_79,HighRisk
C-115317 PartyA_140 PartyB_96,HighRisk
C-123895 PartyA_177 PartyB_187,MediumRisk
C-111779 PartyA_285 PartyB_146,MediumRisk
C-106640 PartyA_69 PartyB_262,MediumRisk
C-108230 PartyA_134 PartyB_77,LowRisk
C-112651 PartyA_76 PartyB_51,HighRisk
C-120662 PartyA_119 PartyB_98,MediumRisk
C-102983 PartyA_57 PartyB_273,MediumRisk
C-116514 PartyA_142 PartyB_144,MediumRisk
C-113409 PartyA_157 PartyB_39,MediumRisk
C-102667 PartyA_191 PartyB_116,MediumRisk
C-119607 PartyA_86 PartyB_143,LowRisk
C-109374 PartyA_9 PartyB_116,HighRisk
C-121776 PartyA_16 PartyB_233,MediumRisk
C-100614 PartyA_206 PartyB_167,LowRisk
C-119945 PartyA_95 PartyB_224,MediumRisk
C-117850 PartyA_80 PartyB_91,MediumRisk
C-104497 PartyA_231 PartyB_216,LowRisk
C-119426 PartyA_159 PartyB_75,HighRisk
C-118803 PartyA_259 PartyB_71,MediumRisk
C-121469 PartyA_96 PartyB_208,MediumRisk
C-103294 PartyA_242 PartyB_254,LowRisk
C-106737 PartyA_140 PartyB_171,LowRisk
C-101500 PartyA_11 PartyB_256,HighRisk
C-109018 PartyA_147 PartyB_73,MediumRisk
C-117905 PartyA_111 PartyB_217,MediumRisk
C-123894 PartyA_77 PartyB_133,MediumRisk
C-115023 PartyA_75 PartyB_296,MediumRisk
C-111122 PartyA_200 PartyB_252,HighRisk
C-104232 PartyA_143 PartyB_253,MediumRisk
C-108820 PartyA_253 PartyB_275,LowRisk
C-104430 PartyA_176 PartyB_266,MediumRisk
C-112045 PartyA_245 PartyB_47,MediumRisk
C-116774 PartyA_121 PartyB_263,MediumRisk
C-124828 PartyA_203 PartyB_62,MediumRisk
C-122297 PartyA_217 PartyB_147,HighRisk
C-112182 PartyA_1 PartyB_238,MediumRisk
C-108592 PartyA_40 PartyB_235,MediumRisk
C-104806 PartyA_34 PartyB_201,LowRisk
C-123683 PartyA_1 PartyB_213,MediumRisk
C-113849 PartyA_73 PartyB_168,MediumRisk
C-120377 PartyA_265 PartyB_202,MediumRisk
C-111918 PartyA_94 PartyB_150,MediumRisk
C-121771 PartyA_183 PartyB_4,MediumRisk
C-122993 PartyA_110 PartyB_60,LowRisk
C-115896 PartyA_150 PartyB_143,HighRisk
C-105319 PartyA_271 PartyB_291,MediumRisk
C-107119 PartyA_143 PartyB_233,MediumRisk
C-102421 PartyA_122 PartyB_205,HighRisk
C-121988 PartyA_114 PartyB_65,MediumRisk
C-101750 PartyA_219 PartyB_12,MediumRisk
C-111344 PartyA_291 PartyB_134,MediumRisk
C-119092 PartyA_249 PartyB_87,MediumRisk
C-112254 PartyA_147 PartyB_58,MediumRisk
C-124651 PartyA_258 PartyB_206,MediumRisk
C-100338 PartyA_190 PartyB_196,HighRisk
C-111855 PartyA_133 PartyB_183,MediumRisk
C-101341 PartyA_142 PartyB_292,MediumRisk
C-124437 PartyA_209 PartyB_231,HighRisk
C-103640 PartyA_296 PartyB_300,MediumRisk
C-116713 PartyA_53 PartyB_217,HighRisk
C-121520 PartyA_266 PartyB_87,MediumRisk
C-103004 PartyA_125 PartyB_1,MediumRisk
C-106960 PartyA_72 PartyB_44,LowRisk
C-104090 PartyA_8 PartyB_268,MediumRisk
C-116314 PartyA_259 PartyB_154,MediumRisk
C-118706 PartyA_32 PartyB_167,MediumRisk
C-123051 PartyA_218 PartyB_268,MediumRisk
C-123393 PartyA_9 PartyB_127,HighRisk
C-120581 PartyA_114 PartyB_232,MediumRisk
C-119933 PartyA_98 PartyB_287,HighRisk
C-109650 PartyA_159 PartyB_23,MediumRisk
C-108363 PartyA_278 PartyB_190,MediumRisk
C-120587 PartyA_299 PartyB_274,MediumRisk
C-124152 PartyA_219 PartyB_157,MediumRisk
C-112418 PartyA_110 PartyB_250,LowRisk
C-113350 PartyA_212 PartyB_83,HighRisk
C-123735 PartyA_97 PartyB_37,MediumRisk
C-122569 PartyA_83 PartyB_10,MediumRisk
C-118023 PartyA_263 PartyB_19,HighRisk
C-109130 PartyA_255 PartyB_227,MediumRisk
C-100060 PartyA_55 PartyB_222,MediumRisk
C-101240 PartyA_116 PartyB_207,MediumRisk
C-122144 PartyA_236 PartyB_133,MediumRisk
C-105136 PartyA_173 PartyB_143,LowRisk
C-102343 PartyA_249 PartyB_199,HighRisk
C-115048 PartyA_264 PartyB_85,HighRisk
C-102120 PartyA_31 PartyB_50,HighRisk
C-101524 PartyA_226 PartyB_137,MediumRisk
C-107617 PartyA_118 PartyB_130,HighRisk
C-100153 PartyA_57 PartyB_148,MediumRisk
C-114536 PartyA_51 PartyB_265,MediumRisk
C-100481 PartyA_252 PartyB_97,HighRisk
C-106122 PartyA_182 PartyB_23,MediumRisk
C-112652 PartyA_157 PartyB_234,MediumRisk
C-123485 PartyA_182 PartyB_180,MediumRisk
C-112112 PartyA_87 PartyB_15,MediumRisk
C-115850 PartyA_154 PartyB_193,LowRisk
C-101762 PartyA_226 PartyB_131,HighRisk
C-115826 PartyA_23 PartyB_203,MediumRisk
C-115507 PartyA_56 PartyB_29,HighRisk
C-108942 PartyA_98 PartyB_259,MediumRisk
C-107715 PartyA_275 PartyB_117,MediumRisk
C-121792 PartyA_209 PartyB_296,HighRisk
C-122596 PartyA_271 PartyB_197,HighRisk
C-104853 PartyA_123 PartyB_262,MediumRisk
C-102711 PartyA_95 PartyB_166,MediumRisk
C-123150 PartyA_84 PartyB_109,MediumRisk
C-120534 PartyA_118 PartyB_92,MediumRisk
C-117717 PartyA_270 PartyB_161,MediumRisk
C-111046 PartyA_154 PartyB_294,HighRisk
C-106819 PartyA_234 PartyB_113,MediumRisk
C-121799 PartyA_181 PartyB_105,LowRisk
C-120234 PartyA_208 PartyB_86,HighRisk
C-120508 PartyA_240 PartyB_4,HighRisk
C-113081 PartyA_203 PartyB_252,HighRisk
C-121874 PartyA_176 PartyB_239,HighRisk
C-111555 PartyA_46 PartyB_129,MediumRisk
C-121172 PartyA_78 PartyB_122,HighRisk
C-119250 PartyA_160 PartyB_173,HighRisk
C-117770 PartyA_273 PartyB_12,LowRisk
C-105941 PartyA_161 PartyB_211,MediumRisk
C-103067 PartyA_263 PartyB_54,MediumRisk
C-123822 PartyA_90 PartyB_27,MediumRisk
C-103629 PartyA_14 PartyB_283,LowRisk
C-124330 PartyA_78 PartyB_2,MediumRisk
C-103028 PartyA_165 PartyB_288,MediumRisk
C-102969 PartyA_30 PartyB_71,LowRisk
C-111664 PartyA_153 PartyB_131,HighRisk
C-108646 PartyA_121 PartyB_252,HighRisk
C-115156 PartyA_74 PartyB_88,HighRisk
C-122520 PartyA_168 PartyB_131,MediumRisk
C-123883 PartyA_288 PartyB_147,MediumRisk
C-104263 PartyA_41 PartyB_233,HighRisk
C-117029 PartyA_228 PartyB_297,MediumRisk
C-115646 PartyA_168 PartyB_223,MediumRisk
C-107992 PartyA_217 PartyB_1,MediumRisk
C-118458 PartyA_229 PartyB_7,MediumRisk
C-116725 PartyA_173 PartyB_14,MediumRisk
C-108041 PartyA_201 PartyB_137,HighRisk
C-115988 PartyA_232 PartyB_65,MediumRisk
C-101622 PartyA_138 PartyB_25,LowRisk
C-112875 PartyA_208 PartyB_162,HighRisk
C-123525 PartyA_165 PartyB_95,MediumRisk
C-122180 PartyA_206 PartyB_282,MediumRisk
C-107184 PartyA_268 PartyB_28,HighRisk
C-105475 PartyA_35 PartyB_15,HighRisk
C-123365 PartyA_207 PartyB_215,MediumRisk
C-116458 PartyA_254 PartyB_5,HighRisk
C-108996 PartyA_184 PartyB_79,MediumRisk
C-111372 PartyA_49 PartyB_128,HighRisk
C-108633 PartyA_207 PartyB_179,MediumRisk
C-123193 PartyA_5 PartyB_57,MediumRisk
C-118435 PartyA_262 PartyB_46,HighRisk
C-118925 PartyA_60 PartyB_153,MediumRisk
C-117685 PartyA_226 PartyB_2,MediumRisk
C-122261 PartyA_18 PartyB_204,MediumRisk
C-101304 PartyA_68 PartyB_168,MediumRisk
C-108428 PartyA_231 PartyB_227,MediumRisk
C-104033 PartyA_40 PartyB_200,MediumRisk
C-102599 PartyA_149 PartyB_251,MediumRisk
C-112808 PartyA_180 PartyB_204,MediumRisk
C-102573 PartyA_72 PartyB_267,HighRisk
C-103186 PartyA_112 PartyB_99,MediumRisk
C-119152 PartyA_296 PartyB_111,HighRisk
C-104831 PartyA_12 PartyB_268,MediumRisk
C-120607 PartyA_271 PartyB_79,MediumRisk
C-116086 PartyA_240 PartyB_239,HighRisk
C-102106 PartyA_218 PartyB_284,MediumRisk
C-119063 PartyA_215 PartyB_133,HighRisk
C-115517 PartyA_159 PartyB_146,MediumRisk
C-112880 PartyA_154 PartyB_42,HighRisk
C-117771 PartyA_49 PartyB_105,MediumRisk
C-124600 PartyA_64 PartyB_62,MediumRisk
C-123648 PartyA_78 PartyB_125,MediumRisk
C-122370 PartyA_247 PartyB_95,MediumRisk
C-107083 PartyA_298 PartyB_68,HighRisk
C-113192 PartyA_142 PartyB_274,MediumRisk
C-101279 PartyA_286 PartyB_272,MediumRisk
C-113221 PartyA_30 PartyB_192,MediumRisk
C-100804 PartyA_219 PartyB_27,HighRisk
C-114596 PartyA_13 PartyB_17,HighRisk
C-117939 PartyA_284 PartyB_247,MediumRisk
C-120875 PartyA_293 PartyB_139,MediumRisk
C-111382 PartyA_60 PartyB_142,MediumRisk
C-104566 PartyA_270 PartyB_228,MediumRisk
C-124594 PartyA_120 PartyB_152,MediumRisk
C-115358 PartyA_108 PartyB_207,MediumRisk
C-104841 PartyA_224 PartyB_213,MediumRisk
C-119978 PartyA_252 PartyB_65,MediumRisk
C-122419 PartyA_276 PartyB_81,HighRisk
C-123236 PartyA_186 PartyB_121,MediumRisk
C-110112 PartyA_166 PartyB_147,MediumRisk
C-108705 PartyA_179 PartyB_293,MediumRisk
C-120561 PartyA_2 PartyB_119,HighRisk
C-117692 PartyA_87 PartyB_138,HighRisk
C-113859 PartyA_203 PartyB_273,HighRisk
C-109106 PartyA_133 PartyB_44,HighRisk
C-103452 PartyA_45 PartyB_92,HighRisk
C-120079 PartyA_120 PartyB_49,LowRisk
C-120626 PartyA_59 PartyB_224,MediumRisk
C-102198 PartyA_240 PartyB_73,MediumRisk
C-116032 PartyA_194 PartyB_145,HighRisk
C-104425 PartyA_25 PartyB_156,MediumRisk
C-106150 PartyA_217 PartyB_37,HighRisk
C-114289 PartyA_117 PartyB_91,MediumRisk
C-117327 PartyA_109 PartyB_261,HighRisk
C-100822 PartyA_284 PartyB_126,MediumRisk
C-115070 PartyA_232 PartyB_75,MediumRisk
C-121389 PartyA_241 PartyB_220,MediumRisk
C-122996 PartyA_208 PartyB_275,HighRisk
C-108356 PartyA_221 PartyB_265,MediumRisk
C-122003 PartyA_298 PartyB_194,MediumRisk
C-120931 PartyA_172 PartyB_47,MediumRisk
C-112175 PartyA_105 PartyB_126,LowRisk
C-118922 PartyA_14 PartyB_143,MediumRisk
C-115149 PartyA_74 PartyB_10,HighRisk
C-109503 PartyA_242 PartyB_124,MediumRisk
C-121591 PartyA_262 PartyB_72,HighRisk
C-124402 PartyA_30 PartyB_291,HighRisk
C-123752 PartyA_56 PartyB_147,MediumRisk
C-113575 PartyA_280 PartyB_200,HighRisk
C-103054 PartyA_30 PartyB_157,MediumRisk
C-120059 PartyA_33 PartyB_22,MediumRisk
C-107218 PartyA_98 PartyB_189,LowRisk
C-106722 PartyA_4 PartyB_286,MediumRisk
C-103300 PartyA_11 PartyB_299,HighRisk
C-119694 PartyA_189 PartyB_85,LowRisk
C-123605 PartyA_137 PartyB_269,HighRisk
C-108519 PartyA_17 PartyB_30,MediumRisk
C-116380 PartyA_238 PartyB_120,MediumRisk
C-110682 PartyA_96 PartyB_247,MediumRisk
C-114295 PartyA_153 PartyB_215,MediumRisk
C-122338 PartyA_38 PartyB_292,MediumRisk
C-110998 PartyA_215 PartyB_90,HighRisk
C-112600 PartyA_150 PartyB_215,MediumRisk
C-117216 PartyA_77 PartyB_226,MediumRisk
C-111271 PartyA_230 PartyB_121,LowRisk
C-124746 PartyA_268 PartyB_31,MediumRisk
C-119846 PartyA_17 PartyB_37,HighRisk
C-107643 PartyA_70 PartyB_140,LowRisk
C-116438 PartyA_182 PartyB_39,MediumRisk
C-114422 PartyA_115 PartyB_261,MediumRisk
C-119835 PartyA_248 PartyB_241,MediumRisk
C-122689 PartyA_67 PartyB_252,MediumRisk
C-110093 PartyA_29 PartyB_219,HighRisk
C-101481 PartyA_81 PartyB_124,LowRisk
C-104873 PartyA_199 PartyB_99,MediumRisk
C-113087 PartyA_12 PartyB_62,HighRisk
C-116002 PartyA_155 PartyB_203,HighRisk
C-108038 PartyA_287 PartyB_273,HighRisk
C-112342 PartyA_72 PartyB_41,MediumRisk
C-119719 PartyA_72 PartyB_168,MediumRisk
C-122400 PartyA_159 PartyB_217,MediumRisk
C-121310 PartyA_49 PartyB_251,MediumRisk
C-105797 PartyA_29 PartyB_168,MediumRisk
C-111485 PartyA_20 PartyB_261,MediumRisk
C-105232 PartyA_216 PartyB_5,MediumRisk
C-121467 PartyA_290 PartyB_189,HighRisk
C-106645 PartyA_36 PartyB_93,HighRisk
C-115534 PartyA_32 PartyB_284,MediumRisk
C-105490 PartyA_195 PartyB_69,HighRisk
C-100768 PartyA_124 PartyB_156,MediumRisk
C-118449 PartyA_238 PartyB_50,MediumRisk
C-123570 PartyA_72 PartyB_174,HighRisk
C-107311 PartyA_74 PartyB_71,HighRisk
C-124924 PartyA_137 PartyB_166,HighRisk
C-120908 PartyA_184 PartyB_4,LowRisk
C-102717 PartyA_35 PartyB_106,MediumRisk
C-102079 PartyA_200 PartyB_142,MediumRisk
C-100951 PartyA_230 PartyB_61,HighRisk
C-102482 PartyA_257 PartyB_220,MediumRisk
C-109181 PartyA_101 PartyB_67,MediumRisk
C-101759 PartyA_252 PartyB_154,MediumRisk
C-109984 PartyA_79 PartyB_256,MediumRisk
C-120806 PartyA_57 PartyB_238,HighRisk
C-123088 PartyA_144 PartyB_264,MediumRisk
C-109916 PartyA_180 PartyB_71,MediumRisk
C-121566 PartyA_226 PartyB_29,MediumRisk
C-120085 PartyA_268 PartyB_287,MediumRisk
C-104243 PartyA_276 PartyB_165,HighRisk
C-117072 PartyA_147 PartyB_79,HighRisk
C-119816 PartyA_113 PartyB_1,HighRisk
C-113395 PartyA_52 PartyB_24,MediumRisk
C-104944 PartyA_196 PartyB_230,MediumRisk
C-117350 PartyA_116 PartyB_178,MediumRisk
C-105588 PartyA_214 PartyB_291,MediumRisk
C-116241 PartyA_255 PartyB_15,MediumRisk
C-110395 PartyA_91 PartyB_55,HighRisk
C-119097 PartyA_80 PartyB_196,MediumRisk
C-104757 PartyA_154 PartyB_39,MediumRisk
C-104380 PartyA_111 PartyB_37,MediumRisk
C-122704 PartyA_258 PartyB_6,LowRisk
C-113472 PartyA_248 PartyB_211,LowRisk
C-122359 PartyA_246 PartyB_220,HighRisk
C-119956 PartyA_185 PartyB_62,HighRisk
C-112997 PartyA_234 PartyB_114,MediumRisk
C-105299 PartyA_207 PartyB_105,MediumRisk
C-101990 PartyA_69 PartyB_170,MediumRisk
C-112312 PartyA_258 PartyB_85,MediumRisk
C-112951 PartyA_242 PartyB_140,HighRisk
C-117589 PartyA_191 PartyB_45,MediumRisk
C-113490 PartyA_70 PartyB_51,LowRisk
C-104971 PartyA_208 PartyB_150,MediumRisk
C-124663 PartyA_174 PartyB_215,LowRisk
C-113226 PartyA_250 PartyB_292,HighRisk
C-106783 PartyA_105 PartyB_284,LowRisk
C-103600 PartyA_119 PartyB_259,LowRisk
C-122874 PartyA_292 PartyB_184,HighRisk
C-124972 PartyA_44 PartyB_110,MediumRisk
C-108070 PartyA_101 PartyB_175,HighRisk
C-108577 PartyA_136 PartyB_25,HighRisk
C-107973 PartyA_95 PartyB_13,HighRisk
C-110314 PartyA_275 PartyB_230,MediumRisk
C-101625 PartyA_209 PartyB_153,MediumRisk
C-116920 PartyA_207 PartyB_135,MediumRisk
C-107970 PartyA_90 PartyB_27,HighRisk
C-113224 PartyA_278 PartyB_281,MediumRisk
C-104212 PartyA_139 PartyB_230,HighRisk
C-106456 PartyA_93 PartyB_125,MediumRisk
C-119891 PartyA_119 PartyB_271,LowRisk
C-109524 PartyA_117 PartyB_20,MediumRisk
C-123496 PartyA_235 PartyB_255,MediumRisk
C-111694 PartyA_90 PartyB_109,MediumRisk
C-102708 PartyA_24 PartyB_159,MediumRisk
C-121415 PartyA_96 PartyB_203,HighRisk
C-106514 PartyA_300 PartyB_292,MediumRisk
C-104662 PartyA_54 PartyB_227,MediumRisk
C-120405 PartyA_102 PartyB_87,HighRisk
C-101854 PartyA_38 PartyB_200,MediumRisk
C-103072 PartyA_291 PartyB_28,HighRisk
C-119256 PartyA_183 PartyB_49,MediumRisk
C-119414 PartyA_56 PartyB_249,HighRisk
C-114755 PartyA_235 PartyB_44,LowRisk
C-101645 PartyA_234 PartyB_38,HighRisk
C-103417 PartyA_63 PartyB_218,HighRisk
C-103476 PartyA_208 PartyB_87,LowRisk
C-124447 PartyA_35 PartyB_16,HighRisk
C-111053 PartyA_184 PartyB_146,HighRisk
C-101792 PartyA_206 PartyB_33,MediumRisk
C-113718 PartyA_65 PartyB_156,LowRisk
C-115114 PartyA_94 PartyB_264,HighRisk
C-103797 PartyA_56 PartyB_26,MediumRisk
C-103368 PartyA_299 PartyB_136,MediumRisk
C-111559 PartyA_259 PartyB_262,MediumRisk
C-107196 PartyA_131 PartyB_105,HighRisk
C-124559 PartyA_32 PartyB_158,HighRisk
C-121493 PartyA_40 PartyB_205,MediumRisk
C-122408 PartyA_5 PartyB_249,HighRisk
C-111641 PartyA_300 PartyB_174,MediumRisk
C-108795 PartyA_251 PartyB_193,MediumRisk
C-124130 PartyA_160 PartyB_146,MediumRisk
C-100126 PartyA_146 PartyB_250,MediumRisk
C-105959 PartyA_138 PartyB_11,MediumRisk
C-120260 PartyA_133 PartyB_145,HighRisk
C-113635 PartyA_129 PartyB_281,HighRisk
C-115343 PartyA_295 PartyB_206,HighRisk
C-104451 PartyA_200 PartyB_170,HighRisk
C-107147 PartyA_26 PartyB_242,MediumRisk
C-119915 PartyA_42 PartyB_165,MediumRisk
C-100827 PartyA_261 PartyB_192,MediumRisk
C-124547 PartyA_210 PartyB_266,MediumRisk
C-117368 PartyA_2 PartyB_20,HighRisk
C-111473 PartyA_92 PartyB_197,MediumRisk
C-107783 PartyA_190 PartyB_39,LowRisk
C-110380 PartyA_169 PartyB_93,LowRisk
C-124478 PartyA_252 PartyB_212,MediumRisk
C-102443 PartyA_14 PartyB_66,MediumRisk
C-110541 PartyA_206 PartyB_204,MediumRisk
C-116729 PartyA_251 PartyB_193,MediumRisk
C-100814 PartyA_96 PartyB_125,MediumRisk
C-122550 PartyA_56 PartyB_71,MediumRisk
C-112999 PartyA_22 PartyB_42,MediumRisk
C-111397 PartyA_135 PartyB_33,LowRisk
C-123846 PartyA_161 PartyB_226,MediumRisk
C-124728 PartyA_62 PartyB_112,MediumRisk
C-114153 PartyA_297 PartyB_198,MediumRisk
C-112298 PartyA_264 PartyB_138,MediumRisk
C-105779 PartyA_257 PartyB_24,MediumRisk
C-102116 PartyA_215 PartyB_52,HighRisk
C-100793 PartyA_247 PartyB_140,MediumRisk
C-110147 PartyA_165 PartyB_107,LowRisk
C-106898 PartyA_257 PartyB_16,HighRisk
C-102674 PartyA_287 PartyB_254,MediumRisk
C-116478 PartyA_158 PartyB_144,MediumRisk
C-115770 PartyA_19 PartyB_256,MediumRisk
C-120609 PartyA_263 PartyB_208,MediumRisk
C-103756 PartyA_89 PartyB_129,LowRisk
C-102891 PartyA_195 PartyB_271,MediumRisk
C-118755 PartyA_97 PartyB_170,HighRisk
C-114382 PartyA_179 PartyB_122,HighRisk
C-120103 PartyA_50 PartyB_295,MediumRisk
C-103228 PartyA_266 PartyB_287,MediumRisk
C-107863 PartyA_268 PartyB_279,MediumRisk
C-106359 PartyA_16 PartyB_234,MediumRisk
C-124005 PartyA_249 PartyB_37,MediumRisk
C-123710 PartyA_121 PartyB_258,HighRisk
C-122412 PartyA_133 PartyB_164,LowRisk
C-113429 PartyA_100 PartyB_113,HighRisk
C-111104 PartyA_3 PartyB_73,MediumRisk
C-118249 PartyA_137 PartyB_195,MediumRisk
C-113946 PartyA_214 PartyB_283,HighRisk
C-104612 PartyA_125 PartyB_298,HighRisk
C-119029 PartyA_181 PartyB_80,HighRisk
C-102243 PartyA_107 PartyB_121,HighRisk
C-105373 PartyA_105 PartyB_185,MediumRisk
C-102336 PartyA_258 PartyB_260,MediumRisk
C-117334 PartyA_203 PartyB_57,HighRisk
C-111260 PartyA_210 PartyB_289,HighRisk
C-101120 PartyA_186 PartyB_138,MediumRisk
C-110789 PartyA_52 PartyB_201,MediumRisk
C-118588 PartyA_227 PartyB_107,MediumRisk
C-100419 PartyA_35 PartyB_129,MediumRisk
C-100922 PartyA_25 PartyB_88,HighRisk
C-109446 PartyA_51 PartyB_177,MediumRisk
C-105408 PartyA_88 PartyB_211,HighRisk
C-105788 PartyA_110 PartyB_99,HighRisk
C-122126 PartyA_27 PartyB_90,MediumRisk
C-115374 PartyA_76 PartyB_108,LowRisk
C-121951 PartyA_83 PartyB_148,HighRisk
C-117586 PartyA_191 PartyB_197,MediumRisk
C-122149 PartyA_58 PartyB_26,HighRisk
C-108389 PartyA_282 PartyB_197,MediumRisk
C-101970 PartyA_149 PartyB_269,MediumRisk
C-111302 PartyA_112 PartyB_267,MediumRisk
C-104018 PartyA_140 PartyB_81,HighRisk
C-103687 PartyA_194 PartyB_182,MediumRisk
C-118381 PartyA_53 PartyB_250,MediumRisk
C-120417 PartyA_293 PartyB_63,HighRisk
C-112790 PartyA_179 PartyB_183,MediumRisk
C-111246 PartyA_249 PartyB_124,MediumRisk
C-101248 PartyA_274 PartyB_13,MediumRisk
C-102192 PartyA_149 PartyB_207,MediumRisk
C-119096 PartyA_216 PartyB_258,MediumRisk
C-109184 PartyA_207 PartyB_268,HighRisk
C-118574 PartyA_236 PartyB_179,HighRisk
C-104670 PartyA_51 PartyB_53,MediumRisk
C-121526 PartyA_273 PartyB_3,MediumRisk
C-105984 PartyA_242 PartyB_178,HighRisk
C-106565 PartyA_238 PartyB_274,MediumRisk
C-107804 PartyA_174 PartyB_245,MediumRisk
C-111954 PartyA_124 PartyB_225,HighRisk
C-106943 PartyA_153 PartyB_235,HighRisk
C-109510 PartyA_38 PartyB_147,MediumRisk
C-110535 PartyA_137 PartyB_299,MediumRisk
C-118520 PartyA_84 PartyB_162,MediumRisk
C-117449 PartyA_90 PartyB_136,LowRisk
C-114060 PartyA_118 PartyB_65,HighRisk
C-116984 PartyA_215 PartyB_106,MediumRisk
C-120611 PartyA_68 PartyB_38,MediumRisk
C-107577 PartyA_160 PartyB_175,MediumRisk
C-100077 PartyA_225 PartyB_42,MediumRisk
C-119282 PartyA_102 PartyB_134,MediumRisk
C-115524 PartyA_235 PartyB_56,MediumRisk
C-121204 PartyA_175 PartyB_34,HighRisk
C-123325 PartyA_244 PartyB_180,HighRisk
C-122797 PartyA_293 PartyB_101,MediumRisk
C-109064 PartyA_7 PartyB_79,HighRisk
C-108007 PartyA_160 PartyB_79,MediumRisk
C-121852 PartyA_259 PartyB_149,MediumRisk
C-105951 PartyA_80 PartyB_110,HighRisk
C-111157 PartyA_230 PartyB_260,MediumRisk
C-103391 PartyA_200 PartyB_132,MediumRisk
C-105415 PartyA_180 PartyB_105,MediumRisk
C-118944 PartyA_154 PartyB_229,MediumRisk
C-108162 PartyA_183 PartyB_176,HighRisk
C-119019 PartyA_37 PartyB_99,HighRisk
C-105256 PartyA_201 PartyB_267,MediumRisk
C-103530 PartyA_265 PartyB_11,MediumRisk
C-108567 PartyA_37 PartyB_71,MediumRisk
C-101908 PartyA_188 PartyB_208,MediumRisk
C-124090 PartyA_235 PartyB_25,MediumRisk
C-100235 PartyA_41 PartyB_192,MediumRisk
C-112219 PartyA_14 PartyB_65,MediumRisk
C-117988 PartyA_158 PartyB_27,MediumRisk
C-107984 PartyA_49 PartyB_22,MediumRisk
C-109310 PartyA_265 PartyB_249,MediumRisk
C-103490 PartyA_59 PartyB_96,MediumRisk
C-114231 PartyA_41 PartyB_51,LowRisk
C-118378 PartyA_75 PartyB_81,MediumRisk
C-119208 PartyA_163 PartyB_15,MediumRisk
C-124120 PartyA_282 PartyB_97,MediumRisk
C-110568 PartyA_139 PartyB_222,LowRisk
C-101342 PartyA_159 PartyB_276,MediumRisk
C-108512 PartyA_32 PartyB_226,MediumRisk
C-101619 PartyA_121 PartyB_212,MediumRisk
C-105287 PartyA_259 PartyB_101,HighRisk
C-118444 PartyA_27 PartyB_284,HighRisk
C-107041 PartyA_18 PartyB_114,MediumRisk
C-102219 PartyA_226 PartyB_82,HighRisk
C-109865 PartyA_246 PartyB_200,HighRisk
C-122422 PartyA_101 PartyB_32,HighRisk
C-116644 PartyA_100 PartyB_177,MediumRisk
C-124224 PartyA_213 PartyB_185,MediumRisk
C-112977 PartyA_19 PartyB_140,MediumRisk
C-120128 PartyA_285 PartyB_28,MediumRisk
C-114594 PartyA_283 PartyB_180,MediumRisk
C-118410 PartyA_37 PartyB_290,MediumRisk
C-106988 PartyA_153 PartyB_209,HighRisk
C-120618 PartyA_192 PartyB_75,MediumRisk
C-101917 PartyA_187 PartyB_273,MediumRisk
C-101828 PartyA_267 PartyB_121,HighRisk
C-109765 PartyA_109 PartyB_277,HighRisk
C-112607 PartyA_114 PartyB_206,MediumRisk
C-112941 PartyA_172 PartyB_130,MediumRisk
C-106233 PartyA_53 PartyB_228,HighRisk
C-124181 PartyA_273 PartyB_221,LowRisk
C-106283 PartyA_2 PartyB_277,HighRisk
C-104208 PartyA_52 PartyB_294,MediumRisk
C-112819 PartyA_103 PartyB_85,MediumRisk
C-116608 PartyA_223 PartyB_133,LowRisk
C-109333 PartyA_11 PartyB_179,HighRisk
C-106469 PartyA_232 PartyB_127,MediumRisk
C-124283 PartyA_98 PartyB_63,MediumRisk
C-113746 PartyA_288 PartyB_52,HighRisk
C-115385 PartyA_138 PartyB_182,MediumRisk
C-113703 PartyA_10 PartyB_79,HighRisk
C-110954 PartyA_118 PartyB_56,MediumRisk
C-100846 PartyA_270 PartyB_169,HighRisk
C-120673 PartyA_211 PartyB_293,MediumRisk
C-105560 PartyA_22 PartyB_278,HighRisk
C-113234 PartyA_299 PartyB_272,MediumRisk
C-114309 PartyA_39 PartyB_195,HighRisk
C-118935 PartyA_230 PartyB_230,MediumRisk
C-113917 PartyA_194 PartyB_60,MediumRisk
C-100117 PartyA_212 PartyB_174,HighRisk
C-108837 PartyA_146 PartyB_132,MediumRisk
C-122350 PartyA_87 PartyB_253,MediumRisk
C-114043 PartyA_200 PartyB_18,MediumRisk
C-108659 PartyA_60 PartyB_143,MediumRisk
C-123873 PartyA_251 PartyB_46,MediumRisk
C-116389 PartyA_275 PartyB_120,MediumRisk
C-105342 PartyA_196 PartyB_220,MediumRisk
C-109111 PartyA_25 PartyB_56,MediumRisk
C-110787 PartyA_262 PartyB_132,HighRisk
C-104324 PartyA_98 PartyB_221,MediumRisk
C-117447 PartyA_38 PartyB_55,MediumRisk
C-102590 PartyA_187 PartyB_123,HighRisk
C-113046 PartyA_226 PartyB_202,MediumRisk
C-120119 PartyA_181 PartyB_68,HighRisk
C-113918 PartyA_214 PartyB_111,MediumRisk
C-110589 PartyA_225 PartyB_251,MediumRisk
C-119901 PartyA_69 PartyB_154,MediumRisk
C-123370 PartyA_46 PartyB_83,HighRisk
C-111613 PartyA_36 PartyB_30,MediumRisk
C-106767 PartyA_133 PartyB_271,MediumRisk
C-105622 PartyA_39 PartyB_213,MediumRisk
C-101605 PartyA_232 PartyB_81,MediumRisk
C-118117 PartyA_34 PartyB_199,MediumRisk
C-124193 PartyA_9 PartyB_78,MediumRisk
C-103812 PartyA_45 PartyB_198,HighRisk
C-114277 PartyA_280 PartyB_108,MediumRisk
C-117260 PartyA_109 PartyB_245,MediumRisk
C-110554 PartyA_279 PartyB_201,HighRisk
C-110167 PartyA_128 PartyB_44,HighRisk
C-101761 PartyA_16 PartyB_105,HighRisk
C-115679 PartyA_289 PartyB_287,MediumRisk
C-121785 PartyA_165 PartyB_108,HighRisk
C-119123 PartyA_289 PartyB_272,MediumRisk
C-102472 PartyA_171 PartyB_65,MediumRisk
C-115913 PartyA_119 PartyB_158,HighRisk
C-106738 PartyA_35 PartyB_237,MediumRisk
C-123275 PartyA_291 PartyB_249,MediumRisk
C-115728 PartyA_283 PartyB_55,MediumRisk
C-112199 PartyA_83 PartyB_60,LowRisk
C-107943 PartyA_162 PartyB_6,MediumRisk
C-112910 PartyA_179 PartyB_92,MediumRisk
C-114369 PartyA_5 PartyB_219,LowRisk
C-120590 PartyA_79 PartyB_134,LowRisk
C-106371 PartyA_269 PartyB_285,MediumRisk
C-116616 PartyA_191 PartyB_280,MediumRisk
C-108258 PartyA_41 PartyB_296,HighRisk
C-107561 PartyA_277 PartyB_6,MediumRisk
C-109795 PartyA_67 PartyB_221,MediumRisk
C-106168 PartyA_23 PartyB_83,MediumRisk
C-111475 PartyA_43 PartyB_166,MediumRisk
C-103596 PartyA_182 PartyB_234,MediumRisk
C-106288 PartyA_284 PartyB_182,MediumRisk
C-104632 PartyA_139 PartyB_239,MediumRisk
C-115147 PartyA_224 PartyB_214,MediumRisk
C-116509 PartyA_24 PartyB_211,MediumRisk
C-106229 PartyA_272 PartyB_189,MediumRisk
C-117680 PartyA_289 PartyB_135,MediumRisk
C-118360 PartyA_160 PartyB_162,LowRisk
C-124359 PartyA_22 PartyB_153,MediumRisk
C-110267 PartyA_203 PartyB_36,MediumRisk
C-112772 PartyA_278 PartyB_120,MediumRisk
C-105750 PartyA_192 PartyB_164,MediumRisk
C-108152 PartyA_104 PartyB_185,LowRisk
C-113503 PartyA_137 PartyB_86,MediumRisk
C-103086 PartyA_298 PartyB_171,MediumRisk
C-101906 PartyA_62 PartyB_15,HighRisk
C-106882 PartyA_227 PartyB_223,MediumRisk
C-124981 PartyA_122 PartyB_21,HighRisk
C-107673 PartyA_267 PartyB_194,HighRisk
C-119729 PartyA_265 PartyB_291,MediumRisk
C-108172 PartyA_96 PartyB_230,MediumRisk
C-124293 PartyA_56 PartyB_104,MediumRisk
C-105870 PartyA_261 PartyB_262,MediumRisk
C-122890 PartyA_90 PartyB_11,MediumRisk
C-119181 PartyA_18 PartyB_2,MediumRisk
C-117302 PartyA_284 PartyB_106,HighRisk
C-118030 PartyA_70 PartyB_43,MediumRisk
C-105122 PartyA_236 PartyB_116,MediumRisk
C-105126 PartyA_149 PartyB_185,MediumRisk
C-113623 PartyA_299 PartyB_90,MediumRisk
C-115034 PartyA_255 PartyB_146,MediumRisk
C-104621 PartyA_294 PartyB_248,MediumRisk
C-106809 PartyA_24 PartyB_176,MediumRisk
C-116748 PartyA_120 PartyB_32,HighRisk
C-115745 PartyA_121 PartyB_242,MediumRisk
C-111479 PartyA_30 PartyB_270,MediumRisk
C-102125 PartyA_28 PartyB_75,MediumRisk
C-108150 PartyA_255 PartyB_201,MediumRisk
C-108717 PartyA_186 PartyB_259,MediumRisk
C-113013 PartyA_37 PartyB_130,MediumRisk
C-100055 PartyA_241 PartyB_10,MediumRisk
C-117022 PartyA_112 PartyB_49,MediumRisk
C-100302 PartyA_189 PartyB_103,MediumRisk
C-122195 PartyA_119 PartyB_209,MediumRisk
C-117660 PartyA_275 PartyB_71,MediumRisk
C-114178 PartyA_275 PartyB_135,LowRisk
C-113568 PartyA_152 PartyB_270,MediumRisk
C-104432 PartyA_43 PartyB_188,MediumRisk
C-120028 PartyA_61 PartyB_65,HighRisk
C-120527 PartyA_11 PartyB_199,MediumRisk
C-119262 PartyA_296 PartyB_43,LowRisk
C-112394 PartyA_54 PartyB_237,MediumRisk
C-122877 PartyA_280 PartyB_114,MediumRisk
C-110478 PartyA_17 PartyB_5,HighRisk
C-110453 PartyA_160 PartyB_215,HighRisk
C-105240 PartyA_259 PartyB_226,MediumRisk
C-122574 PartyA_281 PartyB_98,HighRisk
C-110488 PartyA_76 PartyB_226,HighRisk
C-123321 PartyA_168 PartyB_271,MediumRisk
C-123624 PartyA_188 PartyB_76,LowRisk
C-116282 PartyA_92 PartyB_128,MediumRisk
C-114124 PartyA_138 PartyB_175,MediumRisk
C-110160 PartyA_274 PartyB_299,MediumRisk
C-118977 PartyA_294 PartyB_259,MediumRisk
C-118777 PartyA_236 PartyB_114,MediumRisk
C-116907 PartyA_149 PartyB_197,HighRisk
C-106376 PartyA_113 PartyB_136,MediumRisk
C-106981 PartyA_254 PartyB_163,MediumRisk
C-113716 PartyA_8 PartyB_97,HighRisk
C-123061 PartyA_276 PartyB_298,HighRisk
C-103900 PartyA_163 PartyB_157,MediumRisk
C-124551 PartyA_73 PartyB_141,MediumRisk
C-112891 PartyA_175 PartyB_46,MediumRisk
C-121969 PartyA_94 PartyB_224,MediumRisk
C-121508 PartyA_194 PartyB_284,MediumRisk
C-123954 PartyA_166 PartyB_202,MediumRisk
C-111314 PartyA_104 PartyB_76,MediumRisk
C-123161 PartyA_120 PartyB_76,MediumRisk
C-110161 PartyA_257 PartyB_197,HighRisk
C-117055 PartyA_151 PartyB_165,MediumRisk
C-104188 PartyA_52 PartyB_159,HighRisk
C-100666 PartyA_112 PartyB_80,MediumRisk
C-103266 PartyA_186 PartyB_223,MediumRisk
C-118271 PartyA_238 PartyB_38,MediumRisk
C-108472 PartyA_113 PartyB_211,MediumRisk
C-109911 PartyA_156 PartyB_143,MediumRisk
C-112647 PartyA_292 PartyB_244,MediumRisk
C-124071 PartyA_15 PartyB_106,HighRisk
C-122415 PartyA_162 PartyB_49,MediumRisk
C-111637 PartyA_205 PartyB_298,HighRisk
C-106090 PartyA_52 PartyB_85,MediumRisk
C-106238 PartyA_47 PartyB_215,HighRisk
C-115183 PartyA_292 PartyB_221,MediumRisk
C-107350 PartyA_53 PartyB_151,MediumRisk
C-117144 PartyA_130 PartyB_135,LowRisk
C-106254 PartyA_209 PartyB_25,MediumRisk
C-118290 PartyA_263 PartyB_269,MediumRisk
C-112234 PartyA_18 PartyB_169,MediumRisk
C-112015 PartyA_23 PartyB_18,HighRisk
C-103818 PartyA_39 PartyB_262,LowRisk
C-106269 PartyA_121 PartyB_192,MediumRisk
C-104300 PartyA_176 PartyB_208,HighRisk
C-105569 PartyA_244 PartyB_124,MediumRisk
C-114388 PartyA_16 PartyB_237,MediumRisk
C-107941 PartyA_235 PartyB_33,MediumRisk
C-104164 PartyA_126 PartyB_163,LowRisk
C-122355 PartyA_178 PartyB_238,MediumRisk
C-119963 PartyA_134 PartyB_136,HighRisk
C-119216 PartyA_105 PartyB_73,HighRisk
C-121833 PartyA_175 PartyB_180,HighRisk
C-119856 PartyA_151 PartyB_172,MediumRisk
C-122711 PartyA_126 PartyB_159,MediumRisk
C-116521 PartyA_88 PartyB_38,MediumRisk
C-107043 PartyA_227 PartyB_33,MediumRisk
C-104892 PartyA_292 PartyB_108,MediumRisk
C-118564 PartyA_106 PartyB_208,MediumRisk
C-110320 PartyA_245 PartyB_166,MediumRisk
C-124114 PartyA_44 PartyB_271,MediumRisk
C-119561 PartyA_264 PartyB_33,HighRisk
C-104854 PartyA_139 PartyB_137,HighRisk
C-104637 PartyA_202 PartyB_240,HighRisk
C-121499 PartyA_180 PartyB_211,HighRisk
C-109550 PartyA_103 PartyB_230,MediumRisk
C-124032 PartyA_241 PartyB_25,LowRisk
C-120645 PartyA_180 PartyB_8,MediumRisk
C-117715 PartyA_31 PartyB_300,MediumRisk
C-110209 PartyA_223 PartyB_218,MediumRisk
C-123386 PartyA_185 PartyB_244,HighRisk
C-106941 PartyA_134 PartyB_50,MediumRisk
C-108017 PartyA_271 PartyB_131,HighRisk
C-122625 PartyA_17 PartyB_60,HighRisk
C-109521 PartyA_118 PartyB_125,MediumRisk
C-106949 PartyA_84 PartyB_275,HighRisk
C-106881 PartyA_229 PartyB_127,LowRisk
C-113051 PartyA_262 PartyB_37,MediumRisk
C-115781 PartyA_136 PartyB_241,MediumRisk
C-120914 PartyA_256 PartyB_3,HighRisk
C-104673 PartyA_251 PartyB_54,MediumRisk
C-112173 PartyA_252 PartyB_208,HighRisk
C-106996 PartyA_156 PartyB_36,MediumRisk
C-101252 PartyA_72 PartyB_76,HighRisk
C-111470 PartyA_132 PartyB_288,HighRisk
C-115254 PartyA_158 PartyB_11,MediumRisk
C-119758 PartyA_5 PartyB_168,MediumRisk
C-119198 PartyA_200 PartyB_112,MediumRisk
C-121103 PartyA_125 PartyB_143,HighRisk
C-122928 PartyA_82 PartyB_128,LowRisk
C-110040 PartyA_122 PartyB_39,MediumRisk
C-104858 PartyA_175 PartyB_209,MediumRisk
C-108580 PartyA_55 PartyB_52,HighRisk
C-108427 PartyA_116 PartyB_41,MediumRisk
C-117461 PartyA_60 PartyB_48,MediumRisk
C-110176 PartyA_84 PartyB_282,MediumRisk
C-104363 PartyA_81 PartyB_56,HighRisk
C-117154 PartyA_148 PartyB_14,MediumRisk
C-110357 PartyA_74 PartyB_248,HighRisk
C-116633 PartyA_122 PartyB_266,LowRisk
C-114489 PartyA_168 PartyB_271,MediumRisk
C-107239 PartyA_100 PartyB_221,HighRisk
C-114430 PartyA_48 PartyB_27,HighRisk
C-103419 PartyA_27 PartyB_151,MediumRisk
C-110015 PartyA_215 PartyB_163,MediumRisk
C-124504 PartyA_36 PartyB_188,HighRisk
C-104976 PartyA_196 PartyB_266,MediumRisk
C-104544 PartyA_67 PartyB_232,HighRisk
C-121949 PartyA_74 PartyB_207,HighRisk
C-117100 PartyA_154 PartyB_101,MediumRisk
C-121164 PartyA_132 PartyB_246,MediumRisk
C-112338 PartyA_51 PartyB_134,HighRisk
C-102048 PartyA_10 PartyB_279,MediumRisk
C-105997 PartyA_282 PartyB_135,MediumRisk
C-122984 PartyA_118 PartyB_175,LowRisk
C-123629 PartyA_77 PartyB_102,MediumRisk
C-115444 PartyA_16 PartyB_289,HighRisk
C-113456 PartyA_77 PartyB_60,MediumRisk
C-120562 PartyA_260 PartyB_199,MediumRisk
C-104809 PartyA_225 PartyB_171,MediumRisk
C-110916 PartyA_35 PartyB_177,MediumRisk
C-103636 PartyA_224 PartyB_96,MediumRisk
C-123524 PartyA_177 PartyB_146,HighRisk
C-123574 PartyA_245 PartyB_16,HighRisk
C-117844 PartyA_146 PartyB_81,MediumRisk
C-115106 PartyA_226 PartyB_250,MediumRisk
C-105989 PartyA_121 PartyB_223,HighRisk
C-109860 PartyA_67 PartyB_214,MediumRisk
C-118384 PartyA_51 PartyB_270,MediumRisk
C-112763 PartyA_119 PartyB_200,MediumRisk
C-115158 PartyA_194 PartyB_108,HighRisk
C-108175 PartyA_234 PartyB_122,MediumRisk
C-100404 PartyA_21 PartyB_79,HighRisk
C-100384 PartyA_6 PartyB_81,MediumRisk
C-108702 PartyA_253 PartyB_287,HighRisk
C-107266 PartyA_134 PartyB_95,MediumRisk
C-110344 PartyA_221 PartyB_52,HighRisk
C-118017 PartyA_63 PartyB_12,MediumRisk
C-120384 PartyA_164 PartyB_187,HighRisk
C-113772 PartyA_273 PartyB_130,MediumRisk
C-121168 PartyA_90 PartyB_282,MediumRisk
C-106938 PartyA_17 PartyB_267,HighRisk
C-106970 PartyA_213 PartyB_231,MediumRisk
C-120309 PartyA_43 PartyB_52,HighRisk
C-104158 PartyA_51 PartyB_245,HighRisk
C-123833 PartyA_122 PartyB_241,MediumRisk
C-124380 PartyA_149 PartyB_57,MediumRisk
C-113550 PartyA_68 PartyB_277,LowRisk
C-108415 PartyA_96 PartyB_59,MediumRisk
C-102193 PartyA_48 PartyB_2,MediumRisk
C-101015 PartyA_59 PartyB_101,MediumRisk
C-105124 PartyA_43 PartyB_86,HighRisk
C-123802 PartyA_7 PartyB_207,HighRisk
C-123793 PartyA_170 PartyB_254,MediumRisk
C-119255 PartyA_79 PartyB_291,MediumRisk
C-100009 PartyA_261 PartyB_253,HighRisk
C-110136 PartyA_61 PartyB_58,MediumRisk
C-118222 PartyA_179 PartyB_287,HighRisk
C-104804 PartyA_214 PartyB_96,MediumRisk
C-116639 PartyA_93 PartyB_276,MediumRisk
C-123410 PartyA_92 PartyB_120,MediumRisk
C-105713 PartyA_63 PartyB_70,MediumRisk
C-112677 PartyA_187 PartyB_278,MediumRisk
C-119708 PartyA_24 PartyB_261,HighRisk
C-124098 PartyA_168 PartyB_218,MediumRisk
C-101581 PartyA_58 PartyB_295,MediumRisk
C-117308 PartyA_236 PartyB_114,HighRisk
C-102779 PartyA_170 PartyB_185,MediumRisk
C-122516 PartyA_60 PartyB_286,MediumRisk
C-113216 PartyA_176 PartyB_114,LowRisk
C-105320 PartyA_8 PartyB_124,MediumRisk
C-107312 PartyA_280 PartyB_62,HighRisk
C-123486 PartyA_104 PartyB_229,MediumRisk
C-114837 PartyA_61 PartyB_126,MediumRisk
C-106042 PartyA_86 PartyB_103,HighRisk
C-120159 PartyA_252 PartyB_187,HighRisk
C-104835 PartyA_92 PartyB_271,MediumRisk
C-104964 PartyA_293 PartyB_241,HighRisk
C-100539 PartyA_262 PartyB_82,MediumRisk
C-107483 PartyA_236 PartyB_279,MediumRisk
C-119129 PartyA_128 PartyB_8,MediumRisk
C-103719 PartyA_73 PartyB_273,MediumRisk
C-123203 PartyA_130 PartyB_214,HighRisk
C-113659 PartyA_162 PartyB_112,HighRisk
C-109337 PartyA_233 PartyB_295,MediumRisk
C-120852 PartyA_42 PartyB_209,HighRisk
C-100667 PartyA_60 PartyB_68,MediumRisk
C-123959 PartyA_210 PartyB_176,HighRisk
C-121447 PartyA_254 PartyB_265,MediumRisk
C-111023 PartyA_162 PartyB_257,MediumRisk
C-110975 PartyA_272 PartyB_150,MediumRisk
C-101353 PartyA_173 PartyB_233,HighRisk
C-113323 PartyA_199 PartyB_18,MediumRisk
C-107114 PartyA_192 PartyB_244,MediumRisk
C-108662 PartyA_23 PartyB_136,HighRisk
C-119087 PartyA_175 PartyB_279,HighRisk
C-103330 PartyA_53 PartyB_191,HighRisk
C-108053 PartyA_13 PartyB_115,MediumRisk
C-111829 PartyA_132 PartyB_210,MediumRisk
C-109588 PartyA_213 PartyB_242,HighRisk
C-119968 PartyA_174 PartyB_95,HighRisk
C-124317 PartyA_19 PartyB_284,LowRisk
C-105645 PartyA_278 PartyB_144,MediumRisk
C-119760 PartyA_69 PartyB_287,MediumRisk
C-117640 PartyA_281 PartyB_190,MediumRisk
C-106190 PartyA_62 PartyB_190,MediumRisk
C-115761 PartyA_181 PartyB_43,MediumRisk
C-111704 PartyA_88 PartyB_25,MediumRisk
C-113843 PartyA_282 PartyB_234,MediumRisk
C-121732 PartyA_103 PartyB_169,MediumRisk
C-111003 PartyA_151 PartyB_86,HighRisk
C-120559 PartyA_251 PartyB_254,HighRisk
C-104910 PartyA_151 PartyB_124,MediumRisk
C-101852 PartyA_258 PartyB_84,MediumRisk
C-122700 PartyA_44 PartyB_269,HighRisk
C-112972 PartyA_78 PartyB_31,HighRisk
C-124819 PartyA_216 PartyB_154,MediumRisk
C-102105 PartyA_169 PartyB_276,HighRisk
C-116517 PartyA_191 PartyB_66,MediumRisk
C-113428 PartyA_149 PartyB_229,MediumRisk
C-105029 PartyA_12 PartyB_250,MediumRisk
C-117312 PartyA_287 PartyB_243,MediumRisk
C-100823 PartyA_57 PartyB_174,MediumRisk
C-123960 PartyA_86 PartyB_218,HighRisk
C-101531 PartyA_278 PartyB_259,MediumRisk
C-101214 PartyA_163 PartyB_69,HighRisk
C-100504 PartyA_185 PartyB_232,MediumRisk
C-114683 PartyA_223 PartyB_147,MediumRisk
C-110188 PartyA_123 PartyB_237,MediumRisk
C-106530 PartyA_148 PartyB_110,MediumRisk
C-119456 PartyA_123 PartyB_277,HighRisk
C-110150 PartyA_249 PartyB_25,MediumRisk
C-109576 PartyA_257 PartyB_132,MediumRisk
C-113116 PartyA_34 PartyB_200,HighRisk
C-123003 PartyA_24 PartyB_93,MediumRisk
C-103709 PartyA_279 PartyB_15,HighRisk
C-124485 PartyA_183 PartyB_102,MediumRisk
C-121233 PartyA_136 PartyB_140,MediumRisk
C-104748 PartyA_195 PartyB_60,MediumRisk
C-120652 PartyA_48 PartyB_202,MediumRisk
C-111714 PartyA_240 PartyB_128,HighRisk
C-115485 PartyA_163 PartyB_257,LowRisk
C-124853 PartyA_295 PartyB_143,HighRisk
C-120570 PartyA_215 PartyB_202,HighRisk
C-105301 PartyA_297 PartyB_262,MediumRisk
C-119307 PartyA_206 PartyB_22,MediumRisk
C-106588 PartyA_145 PartyB_243,MediumRisk
C-101810 PartyA_101 PartyB_41,HighRisk
C-119870 PartyA_140 PartyB_37,MediumRisk
C-123803 PartyA_94 PartyB_252,MediumRisk
C-103141 PartyA_226 PartyB_91,HighRisk
C-101324 PartyA_61 PartyB_123,MediumRisk
C-104312 PartyA_82 PartyB_234,MediumRisk
C-107494 PartyA_8 PartyB_125,MediumRisk
C-108691 PartyA_136 PartyB_196,MediumRisk
C-124384 PartyA_169 PartyB_66,MediumRisk
C-109580 PartyA_239 PartyB_57,MediumRisk
C-113807 PartyA_119 PartyB_140,MediumRisk
C-121925 PartyA_205 PartyB_41,HighRisk
C-122556 PartyA_209 PartyB_249,MediumRisk
C-117924 PartyA_35 PartyB_243,MediumRisk
C-119065 PartyA_261 PartyB_277,MediumRisk
C-124857 PartyA_10 PartyB_257,HighRisk
C-106313 PartyA_279 PartyB_242,MediumRisk
C-117575 PartyA_268 PartyB_262,MediumRisk
C-113964 PartyA_15 PartyB_277,HighRisk
C-121677 PartyA_218 PartyB_289,MediumRisk
C-101542 PartyA_77 PartyB_80,MediumRisk
C-111493 PartyA_64 PartyB_34,MediumRisk
C-111516 PartyA_181 PartyB_263,HighRisk
C-107056 PartyA_213 PartyB_66,HighRisk
C-102539 PartyA_269 PartyB_199,MediumRisk
C-117337 PartyA_115 PartyB_284,MediumRisk
C-123625 PartyA_95 PartyB_49,HighRisk
C-115368 PartyA_216 PartyB_243,MediumRisk
C-106731 PartyA_79 PartyB_287,MediumRisk
C-104846 PartyA_169 PartyB_134,MediumRisk
C-106801 PartyA_26 PartyB_19,HighRisk
C-104330 PartyA_240 PartyB_21,MediumRisk
C-108924 PartyA_103 PartyB_239,MediumRisk
C-105334 PartyA_17 PartyB_26,MediumRisk
C-123714 PartyA_86 PartyB_150,MediumRisk
C-109348 PartyA_13 PartyB_146,MediumRisk
C-104729 PartyA_20 PartyB_88,MediumRisk
C-122925 PartyA_18 PartyB_176,MediumRisk
C-111174 PartyA_14 PartyB_74,HighRisk
C-121689 PartyA_166 PartyB_236,MediumRisk
C-121545 PartyA_283 PartyB_44,MediumRisk
C-124244 PartyA_182 PartyB_25,MediumRisk
C-118540 PartyA_29 PartyB_167,MediumRisk
C-101062 PartyA_269 PartyB_258,HighRisk
C-101167 PartyA_196 PartyB_9,HighRisk
C-120020 PartyA_263 PartyB_162,MediumRisk
C-107651 PartyA_283 PartyB_14,HighRisk
C-121972 PartyA_144 PartyB_299,MediumRisk
C-111130 PartyA_66 PartyB_125,HighRisk
C-123576 PartyA_112 PartyB_60,MediumRisk
C-104491 PartyA_152 PartyB_173,MediumRisk
C-123650 PartyA_215 PartyB_276,LowRisk
C-121364 PartyA_181 PartyB_102,MediumRisk
C-108335 PartyA_182 PartyB_16,MediumRisk
C-105486 PartyA_251 PartyB_216,HighRisk
C-121330 PartyA_96 PartyB_289,MediumRisk
C-119166 PartyA_45 PartyB_227,LowRisk
C-117101 PartyA_225 PartyB_130,MediumRisk
C-102502 PartyA_70 PartyB_51,MediumRisk
C-104360 PartyA_221 PartyB_201,MediumRisk
C-104171 PartyA_167 PartyB_97,MediumRisk
C-124704 PartyA_284 PartyB_214,MediumRisk
C-116779 PartyA_243 PartyB_224,HighRisk
C-113923 PartyA_101 PartyB_290,MediumRisk
C-114512 PartyA_121 PartyB_57,HighRisk
C-107186 PartyA_198 PartyB_82,MediumRisk
C-100698 PartyA_265 PartyB_96,HighRisk
C-120876 PartyA_77 PartyB_166,MediumRisk
C-117749 PartyA_289 PartyB_83,MediumRisk
C-124416 PartyA_64 PartyB_80,MediumRisk
C-114191 PartyA_28 PartyB_76,HighRisk
C-108787 PartyA_127 PartyB_294,MediumRisk
C-114397 PartyA_167 PartyB_121,LowRisk
C-112144 PartyA_274 PartyB_266,HighRisk
C-113584 PartyA_215 PartyB_210,MediumRisk
C-122301 PartyA_137 PartyB_276,MediumRisk
C-121352 PartyA_241 PartyB_78,HighRisk
C-102914 PartyA_204 PartyB_274,HighRisk
C-114552 PartyA_91 PartyB_41,MediumRisk
C-110518 PartyA_183 PartyB_236,MediumRisk
C-105644 PartyA_202 PartyB_263,HighRisk
C-120150 PartyA_132 PartyB_287,MediumRisk
C-103440 PartyA_189 PartyB_211,MediumRisk
C-112043 PartyA_164 PartyB_167,MediumRisk
C-107357 PartyA_214 PartyB_161,MediumRisk
C-123190 PartyA_152 PartyB_235,HighRisk
C-102143 PartyA_126 PartyB_21,MediumRisk
C-105104 PartyA_225 PartyB_73,MediumRisk
C-105073 PartyA_128 PartyB_33,LowRisk
C-117955 PartyA_154 PartyB_56,HighRisk
C-120463 PartyA_90 PartyB_89,MediumRisk
C-117506 PartyA_198 PartyB_159,HighRisk
C-116048 PartyA_150 PartyB_56,MediumRisk
C-119170 PartyA_193 PartyB_41,MediumRisk
C-114527 PartyA_273 PartyB_220,MediumRisk
C-102967 PartyA_124 PartyB_10,MediumRisk
C-118888 PartyA_245 PartyB_289,LowRisk
C-105988 PartyA_45 PartyB_123,MediumRisk
C-111657 PartyA_216 PartyB_47,MediumRisk
C-123548 PartyA_44 PartyB_171,HighRisk
C-100728 PartyA_60 PartyB_254,MediumRisk
C-107587 PartyA_135 PartyB_195,HighRisk
C-107543 PartyA_251 PartyB_18,LowRisk
C-100412 PartyA_295 PartyB_117,LowRisk
C-111338 PartyA_196 PartyB_260,MediumRisk
C-105745 PartyA_250 PartyB_114,MediumRisk
C-124052 PartyA_117 PartyB_187,MediumRisk
C-117209 PartyA_176 PartyB_100,MediumRisk
C-103267 PartyA_77 PartyB_47,MediumRisk
C-120358 PartyA_201 PartyB_180,LowRisk
C-108808 PartyA_112 PartyB_296,LowRisk
C-100417 PartyA_157 PartyB_108,HighRisk
C-111261 PartyA_43 PartyB_56,MediumRisk
C-109817 PartyA_83 PartyB_195,MediumRisk
C-115305 PartyA_24 PartyB_174,MediumRisk
C-116281 PartyA_256 PartyB_114,MediumRisk
C-123132 PartyA_184 PartyB_179,LowRisk
C-102082 PartyA_232 PartyB_42,HighRisk
C-112161 PartyA_132 PartyB_102,MediumRisk
C-103373 PartyA_62 PartyB_127,HighRisk
C-105726 PartyA_286 PartyB_81,MediumRisk
C-120491 PartyA_78 PartyB_150,MediumRisk
C-110636 PartyA_230 PartyB_100,MediumRisk
C-120764 PartyA_281 PartyB_38,MediumRisk
C-124107 PartyA_156 PartyB_39,MediumRisk
C-117450 PartyA_256 PartyB_170,LowRisk
C-103913 PartyA_119 PartyB_152,MediumRisk
C-113479 PartyA_238 PartyB_91,HighRisk
C-105536 PartyA_208 PartyB_170,MediumRisk
C-108002 PartyA_88 PartyB_23,LowRisk
C-105387 PartyA_164 PartyB_104,MediumRisk
C-122116 PartyA_174 PartyB_227,LowRisk
C-102738 PartyA_265 PartyB_223,HighRisk
C-105052 PartyA_28 PartyB_69,LowRisk
C-104000 PartyA_283 PartyB_118,LowRisk
C-102427 PartyA_88 PartyB_112,MediumRisk
C-111938 PartyA_143 PartyB_246,MediumRisk
C-106833 PartyA_216 PartyB_118,MediumRisk
C-118071 PartyA_177 PartyB_60,HighRisk
C-100851 PartyA_205 PartyB_100,LowRisk
C-122687 PartyA_77 PartyB_283,MediumRisk
C-116347 PartyA_278 PartyB_169,MediumRisk
C-105878 PartyA_37 PartyB_16,MediumRisk
C-119223 PartyA_274 PartyB_144,MediumRisk
C-104611 PartyA_259 PartyB_155,HighRisk
C-116364 PartyA_293 PartyB_21,MediumRisk
C-109540 PartyA_154 PartyB_37,MediumRisk
C-109207 PartyA_97 PartyB_245,MediumRisk
C-109823 PartyA_205 PartyB_135,LowRisk
C-102489 PartyA_208 PartyB_106,LowRisk
C-111922 PartyA_96 PartyB_23,MediumRisk
C-123289 PartyA_263 PartyB_44,MediumRisk
C-107390 PartyA_15 PartyB_67,HighRisk
C-102849 PartyA_270 PartyB_209,MediumRisk
C-114069 PartyA_30 PartyB_297,MediumRisk
C-123049 PartyA_70 PartyB_291,MediumRisk
C-105881 PartyA_183 PartyB_9,MediumRisk
C-104452 PartyA_59 PartyB_82,MediumRisk
C-123805 PartyA_242 PartyB_182,LowRisk
C-122868 PartyA_164 PartyB_146,HighRisk
C-102479 PartyA_288 PartyB_298,HighRisk
C-123001 PartyA_45 PartyB_129,MediumRisk
C-110457 PartyA_21 PartyB_256,MediumRisk
C-111151 PartyA_36 PartyB_24,MediumRisk
C-113245 PartyA_281 PartyB_75,HighRisk
C-118525 PartyA_85 PartyB_169,HighRisk
C-113296 PartyA_259 PartyB_283,MediumRisk
C-111310 PartyA_190 PartyB_103,HighRisk
C-121572 PartyA_109 PartyB_213,MediumRisk
C-109435 PartyA_275 PartyB_278,MediumRisk
C-119128 PartyA_238 PartyB_101,LowRisk
C-107253 PartyA_7 PartyB_61,LowRisk
C-113284 PartyA_7 PartyB_4,MediumRisk
C-103506 PartyA_175 PartyB_133,MediumRisk
C-101679 PartyA_277 PartyB_125,HighRisk
C-120633 PartyA_45 PartyB_244,MediumRisk
C-119531 PartyA_178 PartyB_267,HighRisk
C-108130 PartyA_300 PartyB_221,MediumRisk
C-123388 PartyA_148 PartyB_144,LowRisk
C-115125 PartyA_164 PartyB_50,MediumRisk
C-116964 PartyA_40 PartyB_174,HighRisk
C-109662 PartyA_261 PartyB_79,MediumRisk
C-120454 PartyA_31 PartyB_170,MediumRisk
C-113500 PartyA_105 PartyB_153,MediumRisk
C-103343 PartyA_285 PartyB_134,MediumRisk
C-113184 PartyA_58 PartyB_110,MediumRisk
C-116244 PartyA_279 PartyB_168,MediumRisk
C-123788 PartyA_74 PartyB_270,HighRisk
C-112775 PartyA_122 PartyB_200,MediumRisk
C-120056 PartyA_158 PartyB_176,MediumRisk
C-116943 PartyA_1 PartyB_194,MediumRisk
C-105237 PartyA_173 PartyB_57,LowRisk
C-107805 PartyA_158 PartyB_54,HighRisk
C-113407 PartyA_56 PartyB_107,HighRisk
C-116896 PartyA_67 PartyB_66,MediumRisk
C-101081 PartyA_4 PartyB_249,MediumRisk
C-118048 PartyA_4 PartyB_231,MediumRisk
C-109204 PartyA_144 PartyB_138,HighRisk
C-101931 PartyA_76 PartyB_114,MediumRisk
C-123944 PartyA_162 PartyB_241,MediumRisk
C-101150 PartyA_193 PartyB_113,HighRisk
C-119222 PartyA_199 PartyB_215,MediumRisk
C-105949 PartyA_235 PartyB_183,MediumRisk
C-108308 PartyA_142 PartyB_173,HighRisk
C-114262 PartyA_95 PartyB_91,LowRisk
C-105177 PartyA_17 PartyB_81,MediumRisk
C-114098 PartyA_158 PartyB_228,HighRisk
C-117214 PartyA_262 PartyB_215,MediumRisk
C-108311 PartyA_261 PartyB_37,MediumRisk
C-121136 PartyA_213 PartyB_136,LowRisk
C-124657 PartyA_99 PartyB_258,HighRisk
C-124927 PartyA_55 PartyB_268,MediumRisk
C-117019 PartyA_107 PartyB_7,MediumRisk
C-104465 PartyA_61 PartyB_285,HighRisk
C-106799 PartyA_288 PartyB_97,HighRisk
C-107987 PartyA_127 PartyB_58,MediumRisk
C-107079 PartyA_66 PartyB_122,MediumRisk
C-106966 PartyA_111 PartyB_289,HighRisk
C-115202 PartyA_177 PartyB_5,MediumRisk
C-104142 PartyA_268 PartyB_124,MediumRisk
C-123411 PartyA_1 PartyB_236,MediumRisk
C-100876 PartyA_30 PartyB_198,HighRisk
C-121253 PartyA_246 PartyB_231,HighRisk
C-121699 PartyA_98 PartyB_61,MediumRisk
C-121606 PartyA_143 PartyB_274,MediumRisk
C-116388 PartyA_71 PartyB_85,MediumRisk
C-115979 PartyA_183 PartyB_237,HighRisk
C-103051 PartyA_4 PartyB_163,MediumRisk
C-122075 PartyA_143 PartyB_57,LowRisk
C-119508 PartyA_54 PartyB_102,LowRisk
C-114599 PartyA_84 PartyB_181,HighRisk
C-115328 PartyA_112 PartyB_109,MediumRisk
C-102491 PartyA_46 PartyB_210,MediumRisk
C-115338 PartyA_37 PartyB_245,MediumRisk
C-120238 PartyA_159 PartyB_253,MediumRisk
C-104777 PartyA_300 PartyB_36,MediumRisk
C-109907 PartyA_78 PartyB_299,LowRisk
C-123893 PartyA_195 PartyB_164,MediumRisk
C-122841 PartyA_291 PartyB_47,MediumRisk
C-122677 PartyA_271 PartyB_248,MediumRisk
C-117532 PartyA_3 PartyB_7,MediumRisk
C-116958 PartyA_40 PartyB_239,HighRisk
C-120153 PartyA_161 PartyB_126,HighRisk
C-120530 PartyA_154 PartyB_212,MediumRisk
C-100853 PartyA_88 PartyB_10,HighRisk
C-110966 PartyA_156 PartyB_275,MediumRisk
C-122303 PartyA_292 PartyB_34,HighRisk
C-113121 PartyA_207 PartyB_283,MediumRisk
C-113403 PartyA_232 PartyB_139,HighRisk
C-122998 PartyA_55 PartyB_254,HighRisk
C-122386 PartyA_191 PartyB_153,HighRisk
C-110893 PartyA_83 PartyB_24,MediumRisk
C-104495 PartyA_227 PartyB_22,MediumRisk
C-108173 PartyA_262 PartyB_82,MediumRisk
C-106655 PartyA_298 PartyB_137,MediumRisk
C-112039 PartyA_59 PartyB_33,MediumRisk
C-102368 PartyA_274 PartyB_174,HighRisk
C-104780 PartyA_190 PartyB_5,MediumRisk
C-112323 PartyA_168 PartyB_293,HighRisk
C-124376 PartyA_36 PartyB_112,MediumRisk
C-119334 PartyA_79 PartyB_182,MediumRisk
C-122009 PartyA_14 PartyB_155,MediumRisk
C-123355 PartyA_167 PartyB_133,MediumRisk
C-108716 PartyA_130 PartyB_294,HighRisk
C-110647 PartyA_134 PartyB_17,MediumRisk
C-118225 PartyA_283 PartyB_125,HighRisk
C-105986 PartyA_26 PartyB_242,MediumRisk
C-116921 PartyA_117 PartyB_98,MediumRisk
C-119190 PartyA_166 PartyB_86,HighRisk
C-105801 PartyA_165 PartyB_170,MediumRisk
C-121980 PartyA_38 PartyB_271,MediumRisk
C-107206 PartyA_179 PartyB_16,MediumRisk
C-107343 PartyA_30 PartyB_149,LowRisk
C-112533 PartyA_231 PartyB_112,HighRisk
C-107560 PartyA_49 PartyB_58,MediumRisk
C-108096 PartyA_13 PartyB_153,MediumRisk
C-100784 PartyA_297 PartyB_228,MediumRisk
C-112249 PartyA_147 PartyB_90,HighRisk
C-101409 PartyA_88 PartyB_22,HighRisk
C-110729 PartyA_181 PartyB_53,HighRisk
C-116538 PartyA_130 PartyB_89,HighRisk
C-124190 PartyA_87 PartyB_276,LowRisk
C-103009 PartyA_18 PartyB_221,MediumRisk
C-118070 PartyA_235 PartyB_17,HighRisk
C-111093 PartyA_139 PartyB_201,MediumRisk
C-104014 PartyA_284 PartyB_79,HighRisk
C-107455 PartyA_70 PartyB_239,MediumRisk
C-112913 PartyA_153 PartyB_71,MediumRisk
C-103863 PartyA_286 PartyB_278,HighRisk
C-119117 PartyA_64 PartyB_52,MediumRisk
C-101895 PartyA_86 PartyB_49,HighRisk
C-105442 PartyA_35 PartyB_55,MediumRisk
C-100569 PartyA_16 PartyB_34,MediumRisk
C-123093 PartyA_115 PartyB_253,MediumRisk
C-122238 PartyA_209 PartyB_29,HighRisk
C-101816 PartyA_101 PartyB_40,HighRisk
C-119778 PartyA_161 PartyB_90,MediumRisk
C-119711 PartyA_232 PartyB_43,MediumRisk
C-124976 PartyA_167 PartyB_161,MediumRisk
C-106102 PartyA_16 PartyB_130,MediumRisk
C-102975 PartyA_81 PartyB_75,MediumRisk
C-117364 PartyA_83 PartyB_70,MediumRisk
C-110492 PartyA_198 PartyB_98,MediumRisk
C-100190 PartyA_297 PartyB_296,MediumRisk
C-121472 PartyA_99 PartyB_72,MediumRisk
C-100699 PartyA_290 PartyB_31,MediumRisk
C-124703 PartyA_177 PartyB_204,HighRisk
C-116990 PartyA_132 PartyB_200,HighRisk
C-112468 PartyA_108 PartyB_186,HighRisk
C-100301 PartyA_206 PartyB_36,MediumRisk
C-103420 PartyA_48 PartyB_297,HighRisk
C-118711 PartyA_30 PartyB_65,MediumRisk
C-101060 PartyA_243 PartyB_220,MediumRisk
C-114434 PartyA_66 PartyB_199,HighRisk
C-110757 PartyA_14 PartyB_272,LowRisk
C-103444 PartyA_135 PartyB_97,MediumRisk
C-117453 PartyA_193 PartyB_291,HighRisk
C-110716 PartyA_184 PartyB_121,MediumRisk
C-118589 PartyA_253 PartyB_96,MediumRisk
C-123723 PartyA_11 PartyB_52,HighRisk
C-108208 PartyA_185 PartyB_268,HighRisk
C-107679 PartyA_165 PartyB_69,HighRisk
C-111312 PartyA_34 PartyB_221,MediumRisk
C-104642 PartyA_248 PartyB_65,LowRisk
C-124067 PartyA_223 PartyB_67,MediumRisk
C-112946 PartyA_292 PartyB_59,MediumRisk
C-109007 PartyA_134 PartyB_155,HighRisk
C-107996 PartyA_300 PartyB_159,MediumRisk
C-105600 PartyA_61 PartyB_95,LowRisk
C-109151 PartyA_216 PartyB_140,MediumRisk
C-107022 PartyA_152 PartyB_109,MediumRisk
C-121277 PartyA_264 PartyB_247,MediumRisk
C-115636 PartyA_274 PartyB_236,MediumRisk
C-116609 PartyA_206 PartyB_69,MediumRisk
C-119738 PartyA_257 PartyB_47,MediumRisk
C-105895 PartyA_156 PartyB_272,HighRisk
C-110677 PartyA_286 PartyB_102,MediumRisk
C-108754 PartyA_115 PartyB_74,LowRisk
C-103436 PartyA_105 PartyB_264,MediumRisk
C-114565 PartyA_264 PartyB_232,HighRisk
C-114373 PartyA_123 PartyB_19,HighRisk
C-118077 PartyA_169 PartyB_64,MediumRisk
C-106893 PartyA_32 PartyB_202,MediumRisk
C-117429 PartyA_278 PartyB_98,MediumRisk
C-119830 PartyA_6 PartyB_70,MediumRisk
C-112757 PartyA_132 PartyB_172,MediumRisk
C-108050 PartyA_292 PartyB_292,MediumRisk
C-109146 PartyA_80 PartyB_136,MediumRisk
C-104555 PartyA_106 PartyB_41,HighRisk
C-111296 PartyA_9 PartyB_149,MediumRisk
C-104735 PartyA_172 PartyB_188,HighRisk
C-120880 PartyA_29 PartyB_207,MediumRisk
C-101218 PartyA_247 PartyB_18,MediumRisk
C-113446 PartyA_252 PartyB_293,HighRisk
C-122399 PartyA_123 PartyB_88,MediumRisk
C-103987 PartyA_116 PartyB_12,HighRisk
C-121295 PartyA_144 PartyB_28,MediumRisk
C-120877 PartyA_56 PartyB_238,MediumRisk
C-123328 PartyA_181 PartyB_270,MediumRisk
C-105699 PartyA_215 PartyB_213,LowRisk
C-113992 PartyA_110 PartyB_111,HighRisk
C-117340 PartyA_258 PartyB_173,MediumRisk
C-102869 PartyA_119 PartyB_11,MediumRisk
C-111969 PartyA_136 PartyB_30,MediumRisk
C-120817 PartyA_85 PartyB_93,MediumRisk
C-121357 PartyA_103 PartyB_285,MediumRisk
C-114207 PartyA_125 PartyB_31,LowRisk
C-102961 PartyA_15 PartyB_274,HighRisk
C-114172 PartyA_116 PartyB_30,MediumRisk
C-102200 PartyA_51 PartyB_250,HighRisk
C-116482 PartyA_136 PartyB_146,MediumRisk
C-105592 PartyA_71 PartyB_257,HighRisk
C-102557 PartyA_15 PartyB_126,MediumRisk
C-115586 PartyA_55 PartyB_46,HighRisk
C-120583 PartyA_266 PartyB_210,MediumRisk
C-109637 PartyA_191 PartyB_177,MediumRisk
C-105539 PartyA_20 PartyB_94,MediumRisk
C-118032 PartyA_8 PartyB_45,MediumRisk
C-112874 PartyA_215 PartyB_221,MediumRisk
C-112183 PartyA_124 PartyB_62,MediumRisk
C-122581 PartyA_124 PartyB_219,MediumRisk
C-106295 PartyA_114 PartyB_99,HighRisk
C-104499 PartyA_284 PartyB_85,MediumRisk
C-101154 PartyA_148 PartyB_215,MediumRisk
C-118639 PartyA_29 PartyB_187,MediumRisk
C-115151 PartyA_178 PartyB_276,MediumRisk
C-109874 PartyA_26 PartyB_121,MediumRisk
C-119554 PartyA_288 PartyB_49,HighRisk
C-107400 PartyA_94 PartyB_280,MediumRisk
C-110248 PartyA_178 PartyB_182,HighRisk
C-107158 PartyA_70 PartyB_12,MediumRisk
C-119492 PartyA_193 PartyB_277,MediumRisk
C-120932 PartyA_195 PartyB_297,MediumRisk
C-114589 PartyA_75 PartyB_209,MediumRisk
C-105423 PartyA_264 PartyB_70,HighRisk
C-102049 PartyA_22 PartyB_169,HighRisk
C-113168 PartyA_125 PartyB_202,MediumRisk
C-111835 PartyA_126 PartyB_222,MediumRisk
C-116371 PartyA_199 PartyB_182,MediumRisk
C-109208 PartyA_205 PartyB_114,MediumRisk
C-124751 PartyA_207 PartyB_107,HighRisk
C-114075 PartyA_99 PartyB_104,MediumRisk
C-116646 PartyA_218 PartyB_182,MediumRisk
C-120445 PartyA_143 PartyB_127,MediumRisk
C-121918 PartyA_281 PartyB_93,MediumRisk
C-114486 PartyA_33 PartyB_203,MediumRisk
C-114257 PartyA_71 PartyB_181,MediumRisk
C-106616 PartyA_210 PartyB_199,MediumRisk
C-108120 PartyA_70 PartyB_46,MediumRisk
C-108155 PartyA_120 PartyB_205,MediumRisk
C-101802 PartyA_221 PartyB_255,MediumRisk
C-104736 PartyA_108 PartyB_289,MediumRisk
C-111111 PartyA_41 PartyB_248,HighRisk
C-102385 PartyA_71 PartyB_99,MediumRisk
C-123078 PartyA_100 PartyB_176,MediumRisk
C-105759 PartyA_158 PartyB_54,HighRisk
C-118343 PartyA_247 PartyB_5,MediumRisk
C-119360 PartyA_94 PartyB_231,MediumRisk
C-108680 PartyA_271 PartyB_242,HighRisk
C-118227 PartyA_285 PartyB_152,HighRisk
C-101734 PartyA_155 PartyB_121,LowRisk
C-102911 PartyA_213 PartyB_68,MediumRisk
C-111411 PartyA_242 PartyB_236,HighRisk
C-108338 PartyA_77 PartyB_270,MediumRisk
C-101986 PartyA_196 PartyB_299,MediumRisk
C-106546 PartyA_234 PartyB_104,MediumRisk
C-114243 PartyA_244 PartyB_299,MediumRisk
C-123482 PartyA_122 PartyB_76,HighRisk
C-102811 PartyA_246 PartyB_138,HighRisk
C-117043 PartyA_241 PartyB_100,MediumRisk
C-115708 PartyA_124 PartyB_76,MediumRisk
C-118895 PartyA_120 PartyB_268,LowRisk
C-111589 PartyA_169 PartyB_9,MediumRisk
C-120666 PartyA_278 PartyB_178,MediumRisk
C-109339 PartyA_8 PartyB_61,MediumRisk
C-122671 PartyA_152 PartyB_179,MediumRisk
C-115087 PartyA_43 PartyB_179,MediumRisk
C-111774 PartyA_275 PartyB_212,MediumRisk
C-101930 PartyA_25 PartyB_58,MediumRisk
C-123509 PartyA_294 PartyB_37,MediumRisk
C-100197 PartyA_276 PartyB_139,HighRisk
C-107777 PartyA_215 PartyB_50,MediumRisk
C-119315 PartyA_30 PartyB_102,HighRisk
C-108004 PartyA_136 PartyB_141,MediumRisk
C-102327 PartyA_86 PartyB_276,HighRisk
C-104389 PartyA_260 PartyB_186,HighRisk
C-112688 PartyA_279 PartyB_200,MediumRisk
C-120602 PartyA_171 PartyB_53,LowRisk
C-111447 PartyA_191 PartyB_33,MediumRisk
C-100202 PartyA_69 PartyB_259,MediumRisk
C-119894 PartyA_99 PartyB_260,MediumRisk
C-104931 PartyA_190 PartyB_253,MediumRisk
C-121919 PartyA_187 PartyB_293,HighRisk
C-105791 PartyA_68 PartyB_80,MediumRisk
C-118091 PartyA_21 PartyB_118,LowRisk
C-121556 PartyA_241 PartyB_202,HighRisk
C-121633 PartyA_196 PartyB_32,MediumRisk
C-113949 PartyA_93 PartyB_21,MediumRisk
C-122912 PartyA_162 PartyB_155,MediumRisk
C-107392 PartyA_109 PartyB_43,MediumRisk
C-105855 PartyA_54 PartyB_92,MediumRisk
C-124548 PartyA_66 PartyB_121,HighRisk
C-100854 PartyA_140 PartyB_79,MediumRisk
C-113877 PartyA_172 PartyB_182,HighRisk
C-114555 PartyA_94 PartyB_2,LowRisk
C-104737 PartyA_251 PartyB_107,MediumRisk
C-117082 PartyA_60 PartyB_38,MediumRisk
C-120080 PartyA_144 PartyB_47,LowRisk
C-101636 PartyA_6 PartyB_95,HighRisk
C-123664 PartyA_144 PartyB_203,HighRisk
C-123938 PartyA_96 PartyB_283,MediumRisk
C-111649 PartyA_249 PartyB_191,MediumRisk
C-119965 PartyA_262 PartyB_227,MediumRisk
C-117675 PartyA_53 PartyB_87,MediumRisk
C-106585 PartyA_279 PartyB_177,HighRisk
C-113808 PartyA_70 PartyB_89,HighRisk
C-118237 PartyA_180 PartyB_300,MediumRisk
C-121616 PartyA_71 PartyB_216,HighRisk
C-120147 PartyA_122 PartyB_193,MediumRisk
C-103304 PartyA_135 PartyB_144,MediumRisk
C-117879 PartyA_93 PartyB_274,HighRisk
C-107994 PartyA_276 PartyB_10,MediumRisk
C-101998 PartyA_241 PartyB_76,HighRisk
C-100663 PartyA_149 PartyB_150,MediumRisk
C-113545 PartyA_25 PartyB_34,HighRisk
C-103748 PartyA_123 PartyB_40,HighRisk
C-120797 PartyA_82 PartyB_66,MediumRisk
C-105530 PartyA_149 PartyB_111,HighRisk
C-121959 PartyA_11 PartyB_191,MediumRisk
C-107526 PartyA_80 PartyB_42,MediumRisk
C-109474 PartyA_274 PartyB_199,MediumRisk
C-122248 PartyA_292 PartyB_249,HighRisk
C-106776 PartyA_248 PartyB_210,MediumRisk
C-101306 PartyA_248 PartyB_177,MediumRisk
C-123776 PartyA_122 PartyB_128,LowRisk
C-111494 PartyA_132 PartyB_179,HighRisk
C-121976 PartyA_124 PartyB_188,HighRisk
C-115707 PartyA_134 PartyB_207,MediumRisk
C-110230 PartyA_30 PartyB_284,HighRisk
C-118047 PartyA_103 PartyB_106,MediumRisk
C-121834 PartyA_267 PartyB_25,MediumRisk
C-110173 PartyA_214 PartyB_149,MediumRisk
C-116157 PartyA_165 PartyB_219,MediumRisk
C-103627 PartyA_222 PartyB_72,HighRisk
C-113931 PartyA_212 PartyB_167,HighRisk
C-102693 PartyA_273 PartyB_216,MediumRisk
C-111252 PartyA_268 PartyB_99,MediumRisk
C-116312 PartyA_52 PartyB_133,MediumRisk
C-109789 PartyA_27 PartyB_49,MediumRisk
C-110921 PartyA_241 PartyB_249,HighRisk
C-110817 PartyA_147 PartyB_64,MediumRisk
C-122299 PartyA_6 PartyB_15,MediumRisk
C-119541 PartyA_49 PartyB_76,HighRisk
C-109914 PartyA_243 PartyB_61,HighRisk
C-116198 PartyA_250 PartyB_146,MediumRisk
C-123052 PartyA_247 PartyB_200,LowRisk
C-101059 PartyA_157 PartyB_123,MediumRisk
C-121020 PartyA_131 PartyB_94,MediumRisk
C-119626 PartyA_109 PartyB_168,LowRisk
C-101678 PartyA_266 PartyB_215,MediumRisk
C-123276 PartyA_205 PartyB_284,HighRisk
C-106374 PartyA_51 PartyB_143,MediumRisk
C-107574 PartyA_76 PartyB_225,MediumRisk
C-114820 PartyA_23 PartyB_280,MediumRisk
C-118141 PartyA_300 PartyB_66,MediumRisk
C-122403 PartyA_213 PartyB_126,MediumRisk
C-112383 PartyA_71 PartyB_74,LowRisk
C-121500 PartyA_244 PartyB_201,MediumRisk
C-108755 PartyA_65 PartyB_204,HighRisk
C-123792 PartyA_296 PartyB_26,MediumRisk
C-119174 PartyA_84 PartyB_180,MediumRisk
C-117247 PartyA_287 PartyB_205,MediumRisk
C-115934 PartyA_174 PartyB_138,MediumRisk
C-124242 PartyA_145 PartyB_23,MediumRisk
C-117868 PartyA_278 PartyB_44,MediumRisk
C-123419 PartyA_94 PartyB_198,MediumRisk
C-124105 PartyA_129 PartyB_161,LowRisk
C-122361 PartyA_197 PartyB_148,MediumRisk
C-121518 PartyA_266 PartyB_141,MediumRisk
C-100206 PartyA_32 PartyB_61,HighRisk
C-120872 PartyA_259 PartyB_228,MediumRisk
C-123322 PartyA_245 PartyB_113,HighRisk
C-112685 PartyA_174 PartyB_45,MediumRisk
C-106910 PartyA_227 PartyB_112,HighRisk
C-100502 PartyA_259 PartyB_173,LowRisk
C-123769 PartyA_37 PartyB_179,MediumRisk
C-117412 PartyA_37 PartyB_113,HighRisk
C-120224 PartyA_49 PartyB_293,MediumRisk
C-113773 PartyA_41 PartyB_256,HighRisk
C-108110 PartyA_293 PartyB_29,MediumRisk
C-114948 PartyA_277 PartyB_96,MediumRisk
C-105056 PartyA_93 PartyB_82,MediumRisk
C-109762 PartyA_55 PartyB_163,MediumRisk
C-124538 PartyA_266 PartyB_139,HighRisk
C-110965 PartyA_241 PartyB_261,MediumRisk
C-119115 PartyA_258 PartyB_23,HighRisk
C-114039 PartyA_293 PartyB_32,MediumRisk
C-111837 PartyA_93 PartyB_247,MediumRisk
C-102454 PartyA_139 PartyB_148,HighRisk
C-123599 PartyA_91 PartyB_125,LowRisk
C-119488 PartyA_30 PartyB_42,HighRisk
C-115265 PartyA_79 PartyB_283,HighRisk
C-113067 PartyA_228 PartyB_242,MediumRisk
C-108392 PartyA_268 PartyB_197,MediumRisk
C-122662 PartyA_16 PartyB_259,MediumRisk
C-119483 PartyA_62 PartyB_215,MediumRisk
C-106184 PartyA_183 PartyB_117,MediumRisk
C-103561 PartyA_265 PartyB_161,HighRisk
C-105892 PartyA_28 PartyB_156,HighRisk
C-112666 PartyA_93 PartyB_23,MediumRisk
C-113986 PartyA_23 PartyB_118,MediumRisk
C-100391 PartyA_97 PartyB_62,HighRisk
C-106736 PartyA_136 PartyB_102,MediumRisk
C-122002 PartyA_48 PartyB_51,MediumRisk
C-105258 PartyA_50 PartyB_140,MediumRisk
C-115422 PartyA_188 PartyB_149,HighRisk
C-102695 PartyA_250 PartyB_117,MediumRisk
C-102027 PartyA_179 PartyB_101,LowRisk
C-121847 PartyA_292 PartyB_169,MediumRisk
C-102568 PartyA_295 PartyB_57,HighRisk
C-108006 PartyA_4 PartyB_109,MediumRisk
C-116216 PartyA_82 PartyB_79,HighRisk
C-116448 PartyA_76 PartyB_21,MediumRisk
C-118446 PartyA_241 PartyB_191,MediumRisk
C-105276 PartyA_101 PartyB_1,MediumRisk
C-107208 PartyA_282 PartyB_6,MediumRisk
C-108571 PartyA_209 PartyB_175,MediumRisk
C-106331 PartyA_28 PartyB_59,MediumRisk
C-121243 PartyA_110 PartyB_24,LowRisk
C-112185 PartyA_194 PartyB_284,HighRisk
C-121271 PartyA_51 PartyB_298,MediumRisk
C-109268 PartyA_14 PartyB_248,MediumRisk
C-117262 PartyA_189 PartyB_144,HighRisk
C-108529 PartyA_54 PartyB_98,HighRisk
C-124300 PartyA_36 PartyB_43,HighRisk
C-123247 PartyA_87 PartyB_19,MediumRisk
C-124276 PartyA_70 PartyB_288,MediumRisk
C-122823 PartyA_67 PartyB_271,HighRisk
C-124253 PartyA_157 PartyB_125,MediumRisk
C-101016 PartyA_115 PartyB_260,MediumRisk
C-107629 PartyA_296 PartyB_78,MediumRisk
C-111534 PartyA_207 PartyB_114,MediumRisk
C-100995 PartyA_92 PartyB_236,MediumRisk
C-104297 PartyA_78 PartyB_57,MediumRisk
C-100161 PartyA_255 PartyB_255,HighRisk
C-105675 PartyA_141 PartyB_139,HighRisk
C-106873 PartyA_249 PartyB_63,HighRisk
C-112990 PartyA_147 PartyB_133,HighRisk
C-109692 PartyA_265 PartyB_295,HighRisk
C-107989 PartyA_137 PartyB_121,MediumRisk
C-120227 PartyA_143 PartyB_258,MediumRisk
C-113417 PartyA_135 PartyB_21,LowRisk
C-110805 PartyA_268 PartyB_190,LowRisk
C-111653 PartyA_190 PartyB_28,MediumRisk
C-101021 PartyA_15 PartyB_279,HighRisk
C-119457 PartyA_187 PartyB_170,MediumRisk
C-123939 PartyA_78 PartyB_73,MediumRisk
C-103943 PartyA_131 PartyB_131,MediumRisk
C-101585 PartyA_269 PartyB_149,MediumRisk
C-103152 PartyA_288 PartyB_116,MediumRisk
C-114541 PartyA_239 PartyB_171,MediumRisk
C-108226 PartyA_178 PartyB_137,MediumRisk
C-112206 PartyA_59 PartyB_48,HighRisk
C-117159 PartyA_118 PartyB_158,MediumRisk
C-115787 PartyA_210 PartyB_173,MediumRisk
C-123483 PartyA_78 PartyB_189,MediumRisk
C-121870 PartyA_2 PartyB_76,MediumRisk
C-122619 PartyA_72 PartyB_59,MediumRisk
C-123425 PartyA_55 PartyB_123,LowRisk
C-102612 PartyA_26 PartyB_45,MediumRisk
C-123897 PartyA_130 PartyB_281,MediumRisk
C-111016 PartyA_53 PartyB_32,MediumRisk
C-110233 PartyA_17 PartyB_30,HighRisk
C-108433 PartyA_44 PartyB_266,MediumRisk
C-110253 PartyA_53 PartyB_196,MediumRisk
C-110555 PartyA_296 PartyB_74,HighRisk
C-108792 PartyA_48 PartyB_208,HighRisk
C-110627 PartyA_123 PartyB_126,MediumRisk
C-121777 PartyA_134 PartyB_123,MediumRisk
C-114502 PartyA_232 PartyB_62,MediumRisk
C-108838 PartyA_240 PartyB_249,HighRisk
C-103890 PartyA_82 PartyB_259,HighRisk
C-103556 PartyA_116 PartyB_20,MediumRisk
C-111394 PartyA_161 PartyB_201,MediumRisk
C-117912 PartyA_217 PartyB_36,MediumRisk
C-101267 PartyA_226 PartyB_58,MediumRisk
C-124118 PartyA_198 PartyB_184,MediumRisk
C-101899 PartyA_46 PartyB_143,LowRisk
C-121042 PartyA_192 PartyB_263,MediumRisk
C-103005 PartyA_110 PartyB_198,MediumRisk
C-119118 PartyA_3 PartyB_21,HighRisk
C-100189 PartyA_57 PartyB_214,MediumRisk
C-102747 PartyA_155 PartyB_264,MediumRisk
C-118431 PartyA_93 PartyB_200,MediumRisk
C-124233 PartyA_86 PartyB_181,MediumRisk
C-118942 PartyA_189 PartyB_172,MediumRisk
C-108666 PartyA_93 PartyB_104,MediumRisk
C-106396 PartyA_210 PartyB_284,MediumRisk
C-119769 PartyA_185 PartyB_293,HighRisk
C-120939 PartyA_272 PartyB_167,HighRisk
C-117568 PartyA_82 PartyB_113,HighRisk
C-106420 PartyA_242 PartyB_83,MediumRisk
C-105051 PartyA_54 PartyB_282,MediumRisk
C-105311 PartyA_94 PartyB_109,MediumRisk
C-102433 PartyA_135 PartyB_211,MediumRisk
C-123333 PartyA_4 PartyB_281,HighRisk
C-100769 PartyA_64 PartyB_25,MediumRisk
C-101685 PartyA_291 PartyB_204,MediumRisk
C-108322 PartyA_109 PartyB_224,HighRisk
C-116023 PartyA_174 PartyB_300,MediumRisk
C-111363 PartyA_272 PartyB_275,MediumRisk
C-114423 PartyA_75 PartyB_9,MediumRisk
C-121962 PartyA_146 PartyB_90,MediumRisk
C-104426 PartyA_51 PartyB_115,MediumRisk
C-116850 PartyA_47 PartyB_254,HighRisk
C-106265 PartyA_91 PartyB_188,MediumRisk
C-122118 PartyA_273 PartyB_215,HighRisk
C-111284 PartyA_138 PartyB_75,MediumRisk
C-111964 PartyA_262 PartyB_113,MediumRisk
C-121575 PartyA_238 PartyB_169,MediumRisk
C-105390 PartyA_138 PartyB_213,MediumRisk
C-100860 PartyA_35 PartyB_112,HighRisk
C-115795 PartyA_25 PartyB_29,MediumRisk
C-123654 PartyA_119 PartyB_153,MediumRisk
